ISO-10303-21;
HEADER;
FILE_DESCRIPTION(('Open CASCADE Model'),'2;1');
FILE_NAME('Open CASCADE Shape Model','2026-09-04T21:02:27',('Author'),(
    'Open CASCADE'),'Open CASCADE STEP processor 7.9','Open CASCADE 7.9'
  ,'Unknown');
FILE_SCHEMA(('AUTOMOTIVE_DESIGN { 1 0 10303 214 1 1 1 1 }'));
ENDSEC;
DATA;
#1 = APPLICATION_PROTOCOL_DEFINITION('international standard',
  'automotive_design',2000,#2);
#2 = APPLICATION_CONTEXT(
  'core data for automotive mechanical design processes');
#3 = SHAPE_DEFINITION_REPRESENTATION(#4,#10);
#4 = PRODUCT_DEFINITION_SHAPE('','',#5);
#5 = PRODUCT_DEFINITION('design','',#6,#9);
#6 = PRODUCT_DEFINITION_FORMATION('','',#7);
#7 = PRODUCT('d435_tool_bracket_ur20','d435_tool_bracket_ur20','',(#8));
#8 = PRODUCT_CONTEXT('',#2,'mechanical');
#9 = PRODUCT_DEFINITION_CONTEXT('part definition',#2,'design');
#10 = SHAPE_REPRESENTATION('',(#11,#15,#19,#23,#27,#31,#35,#39,#43,#47,
    #51,#55,#59,#63),#67);
#11 = AXIS2_PLACEMENT_3D('',#12,#13,#14);
#12 = CARTESIAN_POINT('',(0.,0.,0.));
#13 = DIRECTION('',(0.,0.,1.));
#14 = DIRECTION('',(1.,0.,-0.));
#15 = AXIS2_PLACEMENT_3D('',#16,#17,#18);
#16 = CARTESIAN_POINT('',(0.,0.,0.));
#17 = DIRECTION('',(0.,0.,1.));
#18 = DIRECTION('',(1.,0.,-0.));
#19 = AXIS2_PLACEMENT_3D('',#20,#21,#22);
#20 = CARTESIAN_POINT('',(0.,0.,0.));
#21 = DIRECTION('',(0.,0.,1.));
#22 = DIRECTION('',(1.,0.,-0.));
#23 = AXIS2_PLACEMENT_3D('',#24,#25,#26);
#24 = CARTESIAN_POINT('',(0.,0.,0.));
#25 = DIRECTION('',(0.,0.,1.));
#26 = DIRECTION('',(1.,0.,-0.));
#27 = AXIS2_PLACEMENT_3D('',#28,#29,#30);
#28 = CARTESIAN_POINT('',(0.,0.,0.));
#29 = DIRECTION('',(0.,0.,1.));
#30 = DIRECTION('',(1.,0.,-0.));
#31 = AXIS2_PLACEMENT_3D('',#32,#33,#34);
#32 = CARTESIAN_POINT('',(0.,0.,0.));
#33 = DIRECTION('',(0.,0.,1.));
#34 = DIRECTION('',(1.,0.,-0.));
#35 = AXIS2_PLACEMENT_3D('',#36,#37,#38);
#36 = CARTESIAN_POINT('',(0.,0.,0.));
#37 = DIRECTION('',(0.,0.,1.));
#38 = DIRECTION('',(1.,0.,-0.));
#39 = AXIS2_PLACEMENT_3D('',#40,#41,#42);
#40 = CARTESIAN_POINT('',(0.,0.,0.));
#41 = DIRECTION('',(0.,0.,1.));
#42 = DIRECTION('',(1.,0.,-0.));
#43 = AXIS2_PLACEMENT_3D('',#44,#45,#46);
#44 = CARTESIAN_POINT('',(0.,0.,0.));
#45 = DIRECTION('',(0.,0.,1.));
#46 = DIRECTION('',(1.,0.,-0.));
#47 = AXIS2_PLACEMENT_3D('',#48,#49,#50);
#48 = CARTESIAN_POINT('',(0.,0.,0.));
#49 = DIRECTION('',(0.,0.,1.));
#50 = DIRECTION('',(1.,0.,-0.));
#51 = AXIS2_PLACEMENT_3D('',#52,#53,#54);
#52 = CARTESIAN_POINT('',(0.,0.,0.));
#53 = DIRECTION('',(0.,0.,1.));
#54 = DIRECTION('',(1.,0.,-0.));
#55 = AXIS2_PLACEMENT_3D('',#56,#57,#58);
#56 = CARTESIAN_POINT('',(0.,0.,0.));
#57 = DIRECTION('',(0.,0.,1.));
#58 = DIRECTION('',(1.,0.,-0.));
#59 = AXIS2_PLACEMENT_3D('',#60,#61,#62);
#60 = CARTESIAN_POINT('',(0.,0.,0.));
#61 = DIRECTION('',(0.,0.,1.));
#62 = DIRECTION('',(1.,0.,-0.));
#63 = AXIS2_PLACEMENT_3D('',#64,#65,#66);
#64 = CARTESIAN_POINT('',(0.,0.,0.));
#65 = DIRECTION('',(0.,0.,1.));
#66 = DIRECTION('',(1.,0.,-0.));
#67 = ( GEOMETRIC_REPRESENTATION_CONTEXT(3) 
GLOBAL_UNCERTAINTY_ASSIGNED_CONTEXT((#71)) GLOBAL_UNIT_ASSIGNED_CONTEXT(
(#68,#69,#70)) REPRESENTATION_CONTEXT('Context #1',
  '3D Context with UNIT and UNCERTAINTY') );
#68 = ( LENGTH_UNIT() NAMED_UNIT(*) SI_UNIT(.MILLI.,.METRE.) );
#69 = ( NAMED_UNIT(*) PLANE_ANGLE_UNIT() SI_UNIT($,.RADIAN.) );
#70 = ( NAMED_UNIT(*) SI_UNIT($,.STERADIAN.) SOLID_ANGLE_UNIT() );
#71 = UNCERTAINTY_MEASURE_WITH_UNIT(LENGTH_MEASURE(1.E-07),#68,
  'distance_accuracy_value','confusion accuracy');
#72 = PRODUCT_RELATED_PRODUCT_CATEGORY('part',$,(#7));
#73 = SHAPE_DEFINITION_REPRESENTATION(#74,#80);
#74 = PRODUCT_DEFINITION_SHAPE('','',#75);
#75 = PRODUCT_DEFINITION('design','',#76,#79);
#76 = PRODUCT_DEFINITION_FORMATION('','',#77);
#77 = PRODUCT('ur_flange_ur20','ur_flange_ur20','',(#78));
#78 = PRODUCT_CONTEXT('',#2,'mechanical');
#79 = PRODUCT_DEFINITION_CONTEXT('part definition',#2,'design');
#80 = ADVANCED_BREP_SHAPE_REPRESENTATION('',(#11,#81),#899);
#81 = MANIFOLD_SOLID_BREP('',#82);
#82 = CLOSED_SHELL('',(#83,#171,#175,#427,#482,#537,#592,#647,#702,#757,
    #812,#867,#871,#875,#879,#883,#887,#891,#895));
#83 = ADVANCED_FACE('',(#84),#98,.T.);
#84 = FACE_BOUND('',#85,.F.);
#85 = EDGE_LOOP('',(#86,#116,#143,#144));
#86 = ORIENTED_EDGE('',*,*,#87,.T.);
#87 = EDGE_CURVE('',#88,#90,#92,.T.);
#88 = VERTEX_POINT('',#89);
#89 = CARTESIAN_POINT('',(50.,0.,-56.5));
#90 = VERTEX_POINT('',#91);
#91 = CARTESIAN_POINT('',(50.,0.,0.));
#92 = SEAM_CURVE('',#93,(#97,#109),.PCURVE_S1.);
#93 = LINE('',#94,#95);
#94 = CARTESIAN_POINT('',(50.,0.,-56.5));
#95 = VECTOR('',#96,1.);
#96 = DIRECTION('',(0.,0.,1.));
#97 = PCURVE('',#98,#103);
#98 = CYLINDRICAL_SURFACE('',#99,50.);
#99 = AXIS2_PLACEMENT_3D('',#100,#101,#102);
#100 = CARTESIAN_POINT('',(0.,0.,-56.5));
#101 = DIRECTION('',(-0.,-0.,-1.));
#102 = DIRECTION('',(1.,0.,0.));
#103 = DEFINITIONAL_REPRESENTATION('',(#104),#108);
#104 = LINE('',#105,#106);
#105 = CARTESIAN_POINT('',(-0.,0.));
#106 = VECTOR('',#107,1.);
#107 = DIRECTION('',(-0.,-1.));
#108 = ( GEOMETRIC_REPRESENTATION_CONTEXT(2) 
PARAMETRIC_REPRESENTATION_CONTEXT() REPRESENTATION_CONTEXT('2D SPACE',''
  ) );
#109 = PCURVE('',#98,#110);
#110 = DEFINITIONAL_REPRESENTATION('',(#111),#115);
#111 = LINE('',#112,#113);
#112 = CARTESIAN_POINT('',(-6.28318530718,0.));
#113 = VECTOR('',#114,1.);
#114 = DIRECTION('',(-0.,-1.));
#115 = ( GEOMETRIC_REPRESENTATION_CONTEXT(2) 
PARAMETRIC_REPRESENTATION_CONTEXT() REPRESENTATION_CONTEXT('2D SPACE',''
  ) );
#116 = ORIENTED_EDGE('',*,*,#117,.T.);
#117 = EDGE_CURVE('',#90,#90,#118,.T.);
#118 = SURFACE_CURVE('',#119,(#124,#131),.PCURVE_S1.);
#119 = CIRCLE('',#120,50.);
#120 = AXIS2_PLACEMENT_3D('',#121,#122,#123);
#121 = CARTESIAN_POINT('',(0.,0.,0.));
#122 = DIRECTION('',(0.,0.,1.));
#123 = DIRECTION('',(1.,0.,0.));
#124 = PCURVE('',#98,#125);
#125 = DEFINITIONAL_REPRESENTATION('',(#126),#130);
#126 = LINE('',#127,#128);
#127 = CARTESIAN_POINT('',(-0.,-56.5));
#128 = VECTOR('',#129,1.);
#129 = DIRECTION('',(-1.,0.));
#130 = ( GEOMETRIC_REPRESENTATION_CONTEXT(2) 
PARAMETRIC_REPRESENTATION_CONTEXT() REPRESENTATION_CONTEXT('2D SPACE',''
  ) );
#131 = PCURVE('',#132,#137);
#132 = PLANE('',#133);
#133 = AXIS2_PLACEMENT_3D('',#134,#135,#136);
#134 = CARTESIAN_POINT('',(-1.75032336965E-15,3.209892110372E-15,
    7.105427357601E-15));
#135 = DIRECTION('',(0.,0.,1.));
#136 = DIRECTION('',(1.,0.,-0.));
#137 = DEFINITIONAL_REPRESENTATION('',(#138),#142);
#138 = CIRCLE('',#139,50.);
#139 = AXIS2_PLACEMENT_2D('',#140,#141);
#140 = CARTESIAN_POINT('',(1.75032336965E-15,-3.209892110372E-15));
#141 = DIRECTION('',(1.,0.));
#142 = ( GEOMETRIC_REPRESENTATION_CONTEXT(2) 
PARAMETRIC_REPRESENTATION_CONTEXT() REPRESENTATION_CONTEXT('2D SPACE',''
  ) );
#143 = ORIENTED_EDGE('',*,*,#87,.F.);
#144 = ORIENTED_EDGE('',*,*,#145,.F.);
#145 = EDGE_CURVE('',#88,#88,#146,.T.);
#146 = SURFACE_CURVE('',#147,(#152,#159),.PCURVE_S1.);
#147 = CIRCLE('',#148,50.);
#148 = AXIS2_PLACEMENT_3D('',#149,#150,#151);
#149 = CARTESIAN_POINT('',(0.,0.,-56.5));
#150 = DIRECTION('',(0.,0.,1.));
#151 = DIRECTION('',(1.,0.,0.));
#152 = PCURVE('',#98,#153);
#153 = DEFINITIONAL_REPRESENTATION('',(#154),#158);
#154 = LINE('',#155,#156);
#155 = CARTESIAN_POINT('',(-0.,0.));
#156 = VECTOR('',#157,1.);
#157 = DIRECTION('',(-1.,0.));
#158 = ( GEOMETRIC_REPRESENTATION_CONTEXT(2) 
PARAMETRIC_REPRESENTATION_CONTEXT() REPRESENTATION_CONTEXT('2D SPACE',''
  ) );
#159 = PCURVE('',#160,#165);
#160 = PLANE('',#161);
#161 = AXIS2_PLACEMENT_3D('',#162,#163,#164);
#162 = CARTESIAN_POINT('',(-1.75032336965E-15,3.209892110372E-15,-56.5)
  );
#163 = DIRECTION('',(0.,0.,1.));
#164 = DIRECTION('',(1.,0.,-0.));
#165 = DEFINITIONAL_REPRESENTATION('',(#166),#170);
#166 = CIRCLE('',#167,50.);
#167 = AXIS2_PLACEMENT_2D('',#168,#169);
#168 = CARTESIAN_POINT('',(1.75032336965E-15,-3.209892110372E-15));
#169 = DIRECTION('',(1.,0.));
#170 = ( GEOMETRIC_REPRESENTATION_CONTEXT(2) 
PARAMETRIC_REPRESENTATION_CONTEXT() REPRESENTATION_CONTEXT('2D SPACE',''
  ) );
#171 = ADVANCED_FACE('',(#172),#160,.F.);
#172 = FACE_BOUND('',#173,.F.);
#173 = EDGE_LOOP('',(#174));
#174 = ORIENTED_EDGE('',*,*,#145,.T.);
#175 = ADVANCED_FACE('',(#176,#179,#210,#241,#272,#303,#334,#365,#396),
  #132,.T.);
#176 = FACE_BOUND('',#177,.T.);
#177 = EDGE_LOOP('',(#178));
#178 = ORIENTED_EDGE('',*,*,#117,.T.);
#179 = FACE_BOUND('',#180,.T.);
#180 = EDGE_LOOP('',(#181));
#181 = ORIENTED_EDGE('',*,*,#182,.F.);
#182 = EDGE_CURVE('',#183,#183,#185,.T.);
#183 = VERTEX_POINT('',#184);
#184 = CARTESIAN_POINT('',(-16.6,-34.64101615137,0.));
#185 = SURFACE_CURVE('',#186,(#191,#198),.PCURVE_S1.);
#186 = CIRCLE('',#187,3.4);
#187 = AXIS2_PLACEMENT_3D('',#188,#189,#190);
#188 = CARTESIAN_POINT('',(-20.,-34.64101615137,0.));
#189 = DIRECTION('',(0.,0.,1.));
#190 = DIRECTION('',(1.,0.,0.));
#191 = PCURVE('',#132,#192);
#192 = DEFINITIONAL_REPRESENTATION('',(#193),#197);
#193 = CIRCLE('',#194,3.4);
#194 = AXIS2_PLACEMENT_2D('',#195,#196);
#195 = CARTESIAN_POINT('',(-20.,-34.64101615137));
#196 = DIRECTION('',(1.,0.));
#197 = ( GEOMETRIC_REPRESENTATION_CONTEXT(2) 
PARAMETRIC_REPRESENTATION_CONTEXT() REPRESENTATION_CONTEXT('2D SPACE',''
  ) );
#198 = PCURVE('',#199,#204);
#199 = CYLINDRICAL_SURFACE('',#200,3.4);
#200 = AXIS2_PLACEMENT_3D('',#201,#202,#203);
#201 = CARTESIAN_POINT('',(-20.,-34.64101615137,-17.25));
#202 = DIRECTION('',(-0.,-0.,-1.));
#203 = DIRECTION('',(1.,0.,0.));
#204 = DEFINITIONAL_REPRESENTATION('',(#205),#209);
#205 = LINE('',#206,#207);
#206 = CARTESIAN_POINT('',(-0.,-17.25));
#207 = VECTOR('',#208,1.);
#208 = DIRECTION('',(-1.,0.));
#209 = ( GEOMETRIC_REPRESENTATION_CONTEXT(2) 
PARAMETRIC_REPRESENTATION_CONTEXT() REPRESENTATION_CONTEXT('2D SPACE',''
  ) );
#210 = FACE_BOUND('',#211,.T.);
#211 = EDGE_LOOP('',(#212));
#212 = ORIENTED_EDGE('',*,*,#213,.F.);
#213 = EDGE_CURVE('',#214,#214,#216,.T.);
#214 = VERTEX_POINT('',#215);
#215 = CARTESIAN_POINT('',(-36.6,4.898587196589E-15,0.));
#216 = SURFACE_CURVE('',#217,(#222,#229),.PCURVE_S1.);
#217 = CIRCLE('',#218,3.4);
#218 = AXIS2_PLACEMENT_3D('',#219,#220,#221);
#219 = CARTESIAN_POINT('',(-40.,4.898587196589E-15,0.));
#220 = DIRECTION('',(0.,0.,1.));
#221 = DIRECTION('',(1.,0.,0.));
#222 = PCURVE('',#132,#223);
#223 = DEFINITIONAL_REPRESENTATION('',(#224),#228);
#224 = CIRCLE('',#225,3.4);
#225 = AXIS2_PLACEMENT_2D('',#226,#227);
#226 = CARTESIAN_POINT('',(-40.,1.688695086217E-15));
#227 = DIRECTION('',(1.,0.));
#228 = ( GEOMETRIC_REPRESENTATION_CONTEXT(2) 
PARAMETRIC_REPRESENTATION_CONTEXT() REPRESENTATION_CONTEXT('2D SPACE',''
  ) );
#229 = PCURVE('',#230,#235);
#230 = CYLINDRICAL_SURFACE('',#231,3.4);
#231 = AXIS2_PLACEMENT_3D('',#232,#233,#234);
#232 = CARTESIAN_POINT('',(-40.,4.898587196589E-15,-17.25));
#233 = DIRECTION('',(-0.,-0.,-1.));
#234 = DIRECTION('',(1.,0.,0.));
#235 = DEFINITIONAL_REPRESENTATION('',(#236),#240);
#236 = LINE('',#237,#238);
#237 = CARTESIAN_POINT('',(-0.,-17.25));
#238 = VECTOR('',#239,1.);
#239 = DIRECTION('',(-1.,0.));
#240 = ( GEOMETRIC_REPRESENTATION_CONTEXT(2) 
PARAMETRIC_REPRESENTATION_CONTEXT() REPRESENTATION_CONTEXT('2D SPACE',''
  ) );
#241 = FACE_BOUND('',#242,.T.);
#242 = EDGE_LOOP('',(#243));
#243 = ORIENTED_EDGE('',*,*,#244,.F.);
#244 = EDGE_CURVE('',#245,#245,#247,.T.);
#245 = VERTEX_POINT('',#246);
#246 = CARTESIAN_POINT('',(23.4,-34.64101615137,0.));
#247 = SURFACE_CURVE('',#248,(#253,#260),.PCURVE_S1.);
#248 = CIRCLE('',#249,3.4);
#249 = AXIS2_PLACEMENT_3D('',#250,#251,#252);
#250 = CARTESIAN_POINT('',(20.,-34.64101615137,0.));
#251 = DIRECTION('',(0.,0.,1.));
#252 = DIRECTION('',(1.,0.,0.));
#253 = PCURVE('',#132,#254);
#254 = DEFINITIONAL_REPRESENTATION('',(#255),#259);
#255 = CIRCLE('',#256,3.4);
#256 = AXIS2_PLACEMENT_2D('',#257,#258);
#257 = CARTESIAN_POINT('',(20.,-34.64101615137));
#258 = DIRECTION('',(1.,0.));
#259 = ( GEOMETRIC_REPRESENTATION_CONTEXT(2) 
PARAMETRIC_REPRESENTATION_CONTEXT() REPRESENTATION_CONTEXT('2D SPACE',''
  ) );
#260 = PCURVE('',#261,#266);
#261 = CYLINDRICAL_SURFACE('',#262,3.4);
#262 = AXIS2_PLACEMENT_3D('',#263,#264,#265);
#263 = CARTESIAN_POINT('',(20.,-34.64101615137,-17.25));
#264 = DIRECTION('',(-0.,-0.,-1.));
#265 = DIRECTION('',(1.,0.,0.));
#266 = DEFINITIONAL_REPRESENTATION('',(#267),#271);
#267 = LINE('',#268,#269);
#268 = CARTESIAN_POINT('',(-0.,-17.25));
#269 = VECTOR('',#270,1.);
#270 = DIRECTION('',(-1.,0.));
#271 = ( GEOMETRIC_REPRESENTATION_CONTEXT(2) 
PARAMETRIC_REPRESENTATION_CONTEXT() REPRESENTATION_CONTEXT('2D SPACE',''
  ) );
#272 = FACE_BOUND('',#273,.T.);
#273 = EDGE_LOOP('',(#274));
#274 = ORIENTED_EDGE('',*,*,#275,.F.);
#275 = EDGE_CURVE('',#276,#276,#278,.T.);
#276 = VERTEX_POINT('',#277);
#277 = CARTESIAN_POINT('',(25.,0.,0.));
#278 = SURFACE_CURVE('',#279,(#284,#291),.PCURVE_S1.);
#279 = CIRCLE('',#280,25.);
#280 = AXIS2_PLACEMENT_3D('',#281,#282,#283);
#281 = CARTESIAN_POINT('',(0.,0.,0.));
#282 = DIRECTION('',(0.,0.,1.));
#283 = DIRECTION('',(1.,0.,0.));
#284 = PCURVE('',#132,#285);
#285 = DEFINITIONAL_REPRESENTATION('',(#286),#290);
#286 = CIRCLE('',#287,25.);
#287 = AXIS2_PLACEMENT_2D('',#288,#289);
#288 = CARTESIAN_POINT('',(1.75032336965E-15,-3.209892110372E-15));
#289 = DIRECTION('',(1.,0.));
#290 = ( GEOMETRIC_REPRESENTATION_CONTEXT(2) 
PARAMETRIC_REPRESENTATION_CONTEXT() REPRESENTATION_CONTEXT('2D SPACE',''
  ) );
#291 = PCURVE('',#292,#297);
#292 = CYLINDRICAL_SURFACE('',#293,25.);
#293 = AXIS2_PLACEMENT_3D('',#294,#295,#296);
#294 = CARTESIAN_POINT('',(0.,0.,-30.));
#295 = DIRECTION('',(-0.,-0.,-1.));
#296 = DIRECTION('',(1.,0.,0.));
#297 = DEFINITIONAL_REPRESENTATION('',(#298),#302);
#298 = LINE('',#299,#300);
#299 = CARTESIAN_POINT('',(-0.,-30.));
#300 = VECTOR('',#301,1.);
#301 = DIRECTION('',(-1.,0.));
#302 = ( GEOMETRIC_REPRESENTATION_CONTEXT(2) 
PARAMETRIC_REPRESENTATION_CONTEXT() REPRESENTATION_CONTEXT('2D SPACE',''
  ) );
#303 = FACE_BOUND('',#304,.T.);
#304 = EDGE_LOOP('',(#305));
#305 = ORIENTED_EDGE('',*,*,#306,.F.);
#306 = EDGE_CURVE('',#307,#307,#309,.T.);
#307 = VERTEX_POINT('',#308);
#308 = CARTESIAN_POINT('',(43.4,0.,0.));
#309 = SURFACE_CURVE('',#310,(#315,#322),.PCURVE_S1.);
#310 = CIRCLE('',#311,3.4);
#311 = AXIS2_PLACEMENT_3D('',#312,#313,#314);
#312 = CARTESIAN_POINT('',(40.,0.,0.));
#313 = DIRECTION('',(0.,0.,1.));
#314 = DIRECTION('',(1.,0.,0.));
#315 = PCURVE('',#132,#316);
#316 = DEFINITIONAL_REPRESENTATION('',(#317),#321);
#317 = CIRCLE('',#318,3.4);
#318 = AXIS2_PLACEMENT_2D('',#319,#320);
#319 = CARTESIAN_POINT('',(40.,-3.209892110372E-15));
#320 = DIRECTION('',(1.,0.));
#321 = ( GEOMETRIC_REPRESENTATION_CONTEXT(2) 
PARAMETRIC_REPRESENTATION_CONTEXT() REPRESENTATION_CONTEXT('2D SPACE',''
  ) );
#322 = PCURVE('',#323,#328);
#323 = CYLINDRICAL_SURFACE('',#324,3.4);
#324 = AXIS2_PLACEMENT_3D('',#325,#326,#327);
#325 = CARTESIAN_POINT('',(40.,0.,-17.25));
#326 = DIRECTION('',(-0.,-0.,-1.));
#327 = DIRECTION('',(1.,0.,0.));
#328 = DEFINITIONAL_REPRESENTATION('',(#329),#333);
#329 = LINE('',#330,#331);
#330 = CARTESIAN_POINT('',(-0.,-17.25));
#331 = VECTOR('',#332,1.);
#332 = DIRECTION('',(-1.,0.));
#333 = ( GEOMETRIC_REPRESENTATION_CONTEXT(2) 
PARAMETRIC_REPRESENTATION_CONTEXT() REPRESENTATION_CONTEXT('2D SPACE',''
  ) );
#334 = FACE_BOUND('',#335,.T.);
#335 = EDGE_LOOP('',(#336));
#336 = ORIENTED_EDGE('',*,*,#337,.F.);
#337 = EDGE_CURVE('',#338,#338,#340,.T.);
#338 = VERTEX_POINT('',#339);
#339 = CARTESIAN_POINT('',(-16.6,34.641016151378,0.));
#340 = SURFACE_CURVE('',#341,(#346,#353),.PCURVE_S1.);
#341 = CIRCLE('',#342,3.4);
#342 = AXIS2_PLACEMENT_3D('',#343,#344,#345);
#343 = CARTESIAN_POINT('',(-20.,34.641016151378,0.));
#344 = DIRECTION('',(0.,0.,1.));
#345 = DIRECTION('',(1.,0.,0.));
#346 = PCURVE('',#132,#347);
#347 = DEFINITIONAL_REPRESENTATION('',(#348),#352);
#348 = CIRCLE('',#349,3.4);
#349 = AXIS2_PLACEMENT_2D('',#350,#351);
#350 = CARTESIAN_POINT('',(-20.,34.641016151378));
#351 = DIRECTION('',(1.,0.));
#352 = ( GEOMETRIC_REPRESENTATION_CONTEXT(2) 
PARAMETRIC_REPRESENTATION_CONTEXT() REPRESENTATION_CONTEXT('2D SPACE',''
  ) );
#353 = PCURVE('',#354,#359);
#354 = CYLINDRICAL_SURFACE('',#355,3.4);
#355 = AXIS2_PLACEMENT_3D('',#356,#357,#358);
#356 = CARTESIAN_POINT('',(-20.,34.641016151378,-17.25));
#357 = DIRECTION('',(-0.,-0.,-1.));
#358 = DIRECTION('',(1.,0.,0.));
#359 = DEFINITIONAL_REPRESENTATION('',(#360),#364);
#360 = LINE('',#361,#362);
#361 = CARTESIAN_POINT('',(-0.,-17.25));
#362 = VECTOR('',#363,1.);
#363 = DIRECTION('',(-1.,0.));
#364 = ( GEOMETRIC_REPRESENTATION_CONTEXT(2) 
PARAMETRIC_REPRESENTATION_CONTEXT() REPRESENTATION_CONTEXT('2D SPACE',''
  ) );
#365 = FACE_BOUND('',#366,.T.);
#366 = EDGE_LOOP('',(#367));
#367 = ORIENTED_EDGE('',*,*,#368,.F.);
#368 = EDGE_CURVE('',#369,#369,#371,.T.);
#369 = VERTEX_POINT('',#370);
#370 = CARTESIAN_POINT('',(4.,40.,0.));
#371 = SURFACE_CURVE('',#372,(#377,#384),.PCURVE_S1.);
#372 = CIRCLE('',#373,4.);
#373 = AXIS2_PLACEMENT_3D('',#374,#375,#376);
#374 = CARTESIAN_POINT('',(2.449293598295E-15,40.,0.));
#375 = DIRECTION('',(0.,0.,1.));
#376 = DIRECTION('',(1.,0.,0.));
#377 = PCURVE('',#132,#378);
#378 = DEFINITIONAL_REPRESENTATION('',(#379),#383);
#379 = CIRCLE('',#380,4.);
#380 = AXIS2_PLACEMENT_2D('',#381,#382);
#381 = CARTESIAN_POINT('',(4.199616967945E-15,40.));
#382 = DIRECTION('',(1.,0.));
#383 = ( GEOMETRIC_REPRESENTATION_CONTEXT(2) 
PARAMETRIC_REPRESENTATION_CONTEXT() REPRESENTATION_CONTEXT('2D SPACE',''
  ) );
#384 = PCURVE('',#385,#390);
#385 = CYLINDRICAL_SURFACE('',#386,4.);
#386 = AXIS2_PLACEMENT_3D('',#387,#388,#389);
#387 = CARTESIAN_POINT('',(2.449293598295E-15,40.,-8.));
#388 = DIRECTION('',(-0.,-0.,-1.));
#389 = DIRECTION('',(1.,0.,0.));
#390 = DEFINITIONAL_REPRESENTATION('',(#391),#395);
#391 = LINE('',#392,#393);
#392 = CARTESIAN_POINT('',(-0.,-8.));
#393 = VECTOR('',#394,1.);
#394 = DIRECTION('',(-1.,0.));
#395 = ( GEOMETRIC_REPRESENTATION_CONTEXT(2) 
PARAMETRIC_REPRESENTATION_CONTEXT() REPRESENTATION_CONTEXT('2D SPACE',''
  ) );
#396 = FACE_BOUND('',#397,.T.);
#397 = EDGE_LOOP('',(#398));
#398 = ORIENTED_EDGE('',*,*,#399,.F.);
#399 = EDGE_CURVE('',#400,#400,#402,.T.);
#400 = VERTEX_POINT('',#401);
#401 = CARTESIAN_POINT('',(23.4,34.641016151378,0.));
#402 = SURFACE_CURVE('',#403,(#408,#415),.PCURVE_S1.);
#403 = CIRCLE('',#404,3.4);
#404 = AXIS2_PLACEMENT_3D('',#405,#406,#407);
#405 = CARTESIAN_POINT('',(20.,34.641016151378,0.));
#406 = DIRECTION('',(0.,0.,1.));
#407 = DIRECTION('',(1.,0.,0.));
#408 = PCURVE('',#132,#409);
#409 = DEFINITIONAL_REPRESENTATION('',(#410),#414);
#410 = CIRCLE('',#411,3.4);
#411 = AXIS2_PLACEMENT_2D('',#412,#413);
#412 = CARTESIAN_POINT('',(20.,34.641016151378));
#413 = DIRECTION('',(1.,0.));
#414 = ( GEOMETRIC_REPRESENTATION_CONTEXT(2) 
PARAMETRIC_REPRESENTATION_CONTEXT() REPRESENTATION_CONTEXT('2D SPACE',''
  ) );
#415 = PCURVE('',#416,#421);
#416 = CYLINDRICAL_SURFACE('',#417,3.4);
#417 = AXIS2_PLACEMENT_3D('',#418,#419,#420);
#418 = CARTESIAN_POINT('',(20.,34.641016151378,-17.25));
#419 = DIRECTION('',(-0.,-0.,-1.));
#420 = DIRECTION('',(1.,0.,0.));
#421 = DEFINITIONAL_REPRESENTATION('',(#422),#426);
#422 = LINE('',#423,#424);
#423 = CARTESIAN_POINT('',(-0.,-17.25));
#424 = VECTOR('',#425,1.);
#425 = DIRECTION('',(-1.,0.));
#426 = ( GEOMETRIC_REPRESENTATION_CONTEXT(2) 
PARAMETRIC_REPRESENTATION_CONTEXT() REPRESENTATION_CONTEXT('2D SPACE',''
  ) );
#427 = ADVANCED_FACE('',(#428),#199,.F.);
#428 = FACE_BOUND('',#429,.T.);
#429 = EDGE_LOOP('',(#430,#453,#454,#455));
#430 = ORIENTED_EDGE('',*,*,#431,.T.);
#431 = EDGE_CURVE('',#432,#183,#434,.T.);
#432 = VERTEX_POINT('',#433);
#433 = CARTESIAN_POINT('',(-16.6,-34.64101615137,-17.25));
#434 = SEAM_CURVE('',#435,(#439,#446),.PCURVE_S1.);
#435 = LINE('',#436,#437);
#436 = CARTESIAN_POINT('',(-16.6,-34.64101615137,-17.25));
#437 = VECTOR('',#438,1.);
#438 = DIRECTION('',(0.,0.,1.));
#439 = PCURVE('',#199,#440);
#440 = DEFINITIONAL_REPRESENTATION('',(#441),#445);
#441 = LINE('',#442,#443);
#442 = CARTESIAN_POINT('',(-0.,0.));
#443 = VECTOR('',#444,1.);
#444 = DIRECTION('',(-0.,-1.));
#445 = ( GEOMETRIC_REPRESENTATION_CONTEXT(2) 
PARAMETRIC_REPRESENTATION_CONTEXT() REPRESENTATION_CONTEXT('2D SPACE',''
  ) );
#446 = PCURVE('',#199,#447);
#447 = DEFINITIONAL_REPRESENTATION('',(#448),#452);
#448 = LINE('',#449,#450);
#449 = CARTESIAN_POINT('',(-6.28318530718,0.));
#450 = VECTOR('',#451,1.);
#451 = DIRECTION('',(-0.,-1.));
#452 = ( GEOMETRIC_REPRESENTATION_CONTEXT(2) 
PARAMETRIC_REPRESENTATION_CONTEXT() REPRESENTATION_CONTEXT('2D SPACE',''
  ) );
#453 = ORIENTED_EDGE('',*,*,#182,.T.);
#454 = ORIENTED_EDGE('',*,*,#431,.F.);
#455 = ORIENTED_EDGE('',*,*,#456,.F.);
#456 = EDGE_CURVE('',#432,#432,#457,.T.);
#457 = SURFACE_CURVE('',#458,(#463,#470),.PCURVE_S1.);
#458 = CIRCLE('',#459,3.4);
#459 = AXIS2_PLACEMENT_3D('',#460,#461,#462);
#460 = CARTESIAN_POINT('',(-20.,-34.64101615137,-17.25));
#461 = DIRECTION('',(0.,0.,1.));
#462 = DIRECTION('',(1.,0.,0.));
#463 = PCURVE('',#199,#464);
#464 = DEFINITIONAL_REPRESENTATION('',(#465),#469);
#465 = LINE('',#466,#467);
#466 = CARTESIAN_POINT('',(-0.,0.));
#467 = VECTOR('',#468,1.);
#468 = DIRECTION('',(-1.,0.));
#469 = ( GEOMETRIC_REPRESENTATION_CONTEXT(2) 
PARAMETRIC_REPRESENTATION_CONTEXT() REPRESENTATION_CONTEXT('2D SPACE',''
  ) );
#470 = PCURVE('',#471,#476);
#471 = PLANE('',#472);
#472 = AXIS2_PLACEMENT_3D('',#473,#474,#475);
#473 = CARTESIAN_POINT('',(-20.,-34.64101615137,-17.25));
#474 = DIRECTION('',(0.,0.,1.));
#475 = DIRECTION('',(1.,0.,-0.));
#476 = DEFINITIONAL_REPRESENTATION('',(#477),#481);
#477 = CIRCLE('',#478,3.4);
#478 = AXIS2_PLACEMENT_2D('',#479,#480);
#479 = CARTESIAN_POINT('',(0.,0.));
#480 = DIRECTION('',(1.,0.));
#481 = ( GEOMETRIC_REPRESENTATION_CONTEXT(2) 
PARAMETRIC_REPRESENTATION_CONTEXT() REPRESENTATION_CONTEXT('2D SPACE',''
  ) );
#482 = ADVANCED_FACE('',(#483),#230,.F.);
#483 = FACE_BOUND('',#484,.T.);
#484 = EDGE_LOOP('',(#485,#508,#509,#510));
#485 = ORIENTED_EDGE('',*,*,#486,.T.);
#486 = EDGE_CURVE('',#487,#214,#489,.T.);
#487 = VERTEX_POINT('',#488);
#488 = CARTESIAN_POINT('',(-36.6,4.898587196589E-15,-17.25));
#489 = SEAM_CURVE('',#490,(#494,#501),.PCURVE_S1.);
#490 = LINE('',#491,#492);
#491 = CARTESIAN_POINT('',(-36.6,4.898587196589E-15,-17.25));
#492 = VECTOR('',#493,1.);
#493 = DIRECTION('',(0.,0.,1.));
#494 = PCURVE('',#230,#495);
#495 = DEFINITIONAL_REPRESENTATION('',(#496),#500);
#496 = LINE('',#497,#498);
#497 = CARTESIAN_POINT('',(-0.,0.));
#498 = VECTOR('',#499,1.);
#499 = DIRECTION('',(-0.,-1.));
#500 = ( GEOMETRIC_REPRESENTATION_CONTEXT(2) 
PARAMETRIC_REPRESENTATION_CONTEXT() REPRESENTATION_CONTEXT('2D SPACE',''
  ) );
#501 = PCURVE('',#230,#502);
#502 = DEFINITIONAL_REPRESENTATION('',(#503),#507);
#503 = LINE('',#504,#505);
#504 = CARTESIAN_POINT('',(-6.28318530718,0.));
#505 = VECTOR('',#506,1.);
#506 = DIRECTION('',(-0.,-1.));
#507 = ( GEOMETRIC_REPRESENTATION_CONTEXT(2) 
PARAMETRIC_REPRESENTATION_CONTEXT() REPRESENTATION_CONTEXT('2D SPACE',''
  ) );
#508 = ORIENTED_EDGE('',*,*,#213,.T.);
#509 = ORIENTED_EDGE('',*,*,#486,.F.);
#510 = ORIENTED_EDGE('',*,*,#511,.F.);
#511 = EDGE_CURVE('',#487,#487,#512,.T.);
#512 = SURFACE_CURVE('',#513,(#518,#525),.PCURVE_S1.);
#513 = CIRCLE('',#514,3.4);
#514 = AXIS2_PLACEMENT_3D('',#515,#516,#517);
#515 = CARTESIAN_POINT('',(-40.,4.898587196589E-15,-17.25));
#516 = DIRECTION('',(0.,0.,1.));
#517 = DIRECTION('',(1.,0.,0.));
#518 = PCURVE('',#230,#519);
#519 = DEFINITIONAL_REPRESENTATION('',(#520),#524);
#520 = LINE('',#521,#522);
#521 = CARTESIAN_POINT('',(-0.,0.));
#522 = VECTOR('',#523,1.);
#523 = DIRECTION('',(-1.,0.));
#524 = ( GEOMETRIC_REPRESENTATION_CONTEXT(2) 
PARAMETRIC_REPRESENTATION_CONTEXT() REPRESENTATION_CONTEXT('2D SPACE',''
  ) );
#525 = PCURVE('',#526,#531);
#526 = PLANE('',#527);
#527 = AXIS2_PLACEMENT_3D('',#528,#529,#530);
#528 = CARTESIAN_POINT('',(-40.,5.101708912568E-15,-17.25));
#529 = DIRECTION('',(0.,0.,1.));
#530 = DIRECTION('',(1.,0.,-0.));
#531 = DEFINITIONAL_REPRESENTATION('',(#532),#536);
#532 = CIRCLE('',#533,3.4);
#533 = AXIS2_PLACEMENT_2D('',#534,#535);
#534 = CARTESIAN_POINT('',(0.,-2.031217159781E-16));
#535 = DIRECTION('',(1.,0.));
#536 = ( GEOMETRIC_REPRESENTATION_CONTEXT(2) 
PARAMETRIC_REPRESENTATION_CONTEXT() REPRESENTATION_CONTEXT('2D SPACE',''
  ) );
#537 = ADVANCED_FACE('',(#538),#261,.F.);
#538 = FACE_BOUND('',#539,.T.);
#539 = EDGE_LOOP('',(#540,#563,#564,#565));
#540 = ORIENTED_EDGE('',*,*,#541,.T.);
#541 = EDGE_CURVE('',#542,#245,#544,.T.);
#542 = VERTEX_POINT('',#543);
#543 = CARTESIAN_POINT('',(23.4,-34.64101615137,-17.25));
#544 = SEAM_CURVE('',#545,(#549,#556),.PCURVE_S1.);
#545 = LINE('',#546,#547);
#546 = CARTESIAN_POINT('',(23.4,-34.64101615137,-17.25));
#547 = VECTOR('',#548,1.);
#548 = DIRECTION('',(0.,0.,1.));
#549 = PCURVE('',#261,#550);
#550 = DEFINITIONAL_REPRESENTATION('',(#551),#555);
#551 = LINE('',#552,#553);
#552 = CARTESIAN_POINT('',(-0.,0.));
#553 = VECTOR('',#554,1.);
#554 = DIRECTION('',(-0.,-1.));
#555 = ( GEOMETRIC_REPRESENTATION_CONTEXT(2) 
PARAMETRIC_REPRESENTATION_CONTEXT() REPRESENTATION_CONTEXT('2D SPACE',''
  ) );
#556 = PCURVE('',#261,#557);
#557 = DEFINITIONAL_REPRESENTATION('',(#558),#562);
#558 = LINE('',#559,#560);
#559 = CARTESIAN_POINT('',(-6.28318530718,0.));
#560 = VECTOR('',#561,1.);
#561 = DIRECTION('',(-0.,-1.));
#562 = ( GEOMETRIC_REPRESENTATION_CONTEXT(2) 
PARAMETRIC_REPRESENTATION_CONTEXT() REPRESENTATION_CONTEXT('2D SPACE',''
  ) );
#563 = ORIENTED_EDGE('',*,*,#244,.T.);
#564 = ORIENTED_EDGE('',*,*,#541,.F.);
#565 = ORIENTED_EDGE('',*,*,#566,.F.);
#566 = EDGE_CURVE('',#542,#542,#567,.T.);
#567 = SURFACE_CURVE('',#568,(#573,#580),.PCURVE_S1.);
#568 = CIRCLE('',#569,3.4);
#569 = AXIS2_PLACEMENT_3D('',#570,#571,#572);
#570 = CARTESIAN_POINT('',(20.,-34.64101615137,-17.25));
#571 = DIRECTION('',(0.,0.,1.));
#572 = DIRECTION('',(1.,0.,0.));
#573 = PCURVE('',#261,#574);
#574 = DEFINITIONAL_REPRESENTATION('',(#575),#579);
#575 = LINE('',#576,#577);
#576 = CARTESIAN_POINT('',(-0.,0.));
#577 = VECTOR('',#578,1.);
#578 = DIRECTION('',(-1.,0.));
#579 = ( GEOMETRIC_REPRESENTATION_CONTEXT(2) 
PARAMETRIC_REPRESENTATION_CONTEXT() REPRESENTATION_CONTEXT('2D SPACE',''
  ) );
#580 = PCURVE('',#581,#586);
#581 = PLANE('',#582);
#582 = AXIS2_PLACEMENT_3D('',#583,#584,#585);
#583 = CARTESIAN_POINT('',(20.,-34.64101615137,-17.25));
#584 = DIRECTION('',(0.,0.,1.));
#585 = DIRECTION('',(1.,0.,-0.));
#586 = DEFINITIONAL_REPRESENTATION('',(#587),#591);
#587 = CIRCLE('',#588,3.4);
#588 = AXIS2_PLACEMENT_2D('',#589,#590);
#589 = CARTESIAN_POINT('',(-3.552713678801E-15,7.105427357601E-15));
#590 = DIRECTION('',(1.,0.));
#591 = ( GEOMETRIC_REPRESENTATION_CONTEXT(2) 
PARAMETRIC_REPRESENTATION_CONTEXT() REPRESENTATION_CONTEXT('2D SPACE',''
  ) );
#592 = ADVANCED_FACE('',(#593),#292,.F.);
#593 = FACE_BOUND('',#594,.T.);
#594 = EDGE_LOOP('',(#595,#618,#619,#620));
#595 = ORIENTED_EDGE('',*,*,#596,.T.);
#596 = EDGE_CURVE('',#597,#276,#599,.T.);
#597 = VERTEX_POINT('',#598);
#598 = CARTESIAN_POINT('',(25.,0.,-30.));
#599 = SEAM_CURVE('',#600,(#604,#611),.PCURVE_S1.);
#600 = LINE('',#601,#602);
#601 = CARTESIAN_POINT('',(25.,0.,-30.));
#602 = VECTOR('',#603,1.);
#603 = DIRECTION('',(0.,0.,1.));
#604 = PCURVE('',#292,#605);
#605 = DEFINITIONAL_REPRESENTATION('',(#606),#610);
#606 = LINE('',#607,#608);
#607 = CARTESIAN_POINT('',(-0.,0.));
#608 = VECTOR('',#609,1.);
#609 = DIRECTION('',(-0.,-1.));
#610 = ( GEOMETRIC_REPRESENTATION_CONTEXT(2) 
PARAMETRIC_REPRESENTATION_CONTEXT() REPRESENTATION_CONTEXT('2D SPACE',''
  ) );
#611 = PCURVE('',#292,#612);
#612 = DEFINITIONAL_REPRESENTATION('',(#613),#617);
#613 = LINE('',#614,#615);
#614 = CARTESIAN_POINT('',(-6.28318530718,0.));
#615 = VECTOR('',#616,1.);
#616 = DIRECTION('',(-0.,-1.));
#617 = ( GEOMETRIC_REPRESENTATION_CONTEXT(2) 
PARAMETRIC_REPRESENTATION_CONTEXT() REPRESENTATION_CONTEXT('2D SPACE',''
  ) );
#618 = ORIENTED_EDGE('',*,*,#275,.T.);
#619 = ORIENTED_EDGE('',*,*,#596,.F.);
#620 = ORIENTED_EDGE('',*,*,#621,.F.);
#621 = EDGE_CURVE('',#597,#597,#622,.T.);
#622 = SURFACE_CURVE('',#623,(#628,#635),.PCURVE_S1.);
#623 = CIRCLE('',#624,25.);
#624 = AXIS2_PLACEMENT_3D('',#625,#626,#627);
#625 = CARTESIAN_POINT('',(0.,0.,-30.));
#626 = DIRECTION('',(0.,0.,1.));
#627 = DIRECTION('',(1.,0.,0.));
#628 = PCURVE('',#292,#629);
#629 = DEFINITIONAL_REPRESENTATION('',(#630),#634);
#630 = LINE('',#631,#632);
#631 = CARTESIAN_POINT('',(-0.,0.));
#632 = VECTOR('',#633,1.);
#633 = DIRECTION('',(-1.,0.));
#634 = ( GEOMETRIC_REPRESENTATION_CONTEXT(2) 
PARAMETRIC_REPRESENTATION_CONTEXT() REPRESENTATION_CONTEXT('2D SPACE',''
  ) );
#635 = PCURVE('',#636,#641);
#636 = PLANE('',#637);
#637 = AXIS2_PLACEMENT_3D('',#638,#639,#640);
#638 = CARTESIAN_POINT('',(-8.751616848252E-16,1.604946055186E-15,-30.)
  );
#639 = DIRECTION('',(0.,0.,1.));
#640 = DIRECTION('',(1.,0.,-0.));
#641 = DEFINITIONAL_REPRESENTATION('',(#642),#646);
#642 = CIRCLE('',#643,25.);
#643 = AXIS2_PLACEMENT_2D('',#644,#645);
#644 = CARTESIAN_POINT('',(8.751616848252E-16,-1.604946055186E-15));
#645 = DIRECTION('',(1.,0.));
#646 = ( GEOMETRIC_REPRESENTATION_CONTEXT(2) 
PARAMETRIC_REPRESENTATION_CONTEXT() REPRESENTATION_CONTEXT('2D SPACE',''
  ) );
#647 = ADVANCED_FACE('',(#648),#323,.F.);
#648 = FACE_BOUND('',#649,.T.);
#649 = EDGE_LOOP('',(#650,#673,#674,#675));
#650 = ORIENTED_EDGE('',*,*,#651,.T.);
#651 = EDGE_CURVE('',#652,#307,#654,.T.);
#652 = VERTEX_POINT('',#653);
#653 = CARTESIAN_POINT('',(43.4,0.,-17.25));
#654 = SEAM_CURVE('',#655,(#659,#666),.PCURVE_S1.);
#655 = LINE('',#656,#657);
#656 = CARTESIAN_POINT('',(43.4,0.,-17.25));
#657 = VECTOR('',#658,1.);
#658 = DIRECTION('',(0.,0.,1.));
#659 = PCURVE('',#323,#660);
#660 = DEFINITIONAL_REPRESENTATION('',(#661),#665);
#661 = LINE('',#662,#663);
#662 = CARTESIAN_POINT('',(-0.,0.));
#663 = VECTOR('',#664,1.);
#664 = DIRECTION('',(-0.,-1.));
#665 = ( GEOMETRIC_REPRESENTATION_CONTEXT(2) 
PARAMETRIC_REPRESENTATION_CONTEXT() REPRESENTATION_CONTEXT('2D SPACE',''
  ) );
#666 = PCURVE('',#323,#667);
#667 = DEFINITIONAL_REPRESENTATION('',(#668),#672);
#668 = LINE('',#669,#670);
#669 = CARTESIAN_POINT('',(-6.28318530718,0.));
#670 = VECTOR('',#671,1.);
#671 = DIRECTION('',(-0.,-1.));
#672 = ( GEOMETRIC_REPRESENTATION_CONTEXT(2) 
PARAMETRIC_REPRESENTATION_CONTEXT() REPRESENTATION_CONTEXT('2D SPACE',''
  ) );
#673 = ORIENTED_EDGE('',*,*,#306,.T.);
#674 = ORIENTED_EDGE('',*,*,#651,.F.);
#675 = ORIENTED_EDGE('',*,*,#676,.F.);
#676 = EDGE_CURVE('',#652,#652,#677,.T.);
#677 = SURFACE_CURVE('',#678,(#683,#690),.PCURVE_S1.);
#678 = CIRCLE('',#679,3.4);
#679 = AXIS2_PLACEMENT_3D('',#680,#681,#682);
#680 = CARTESIAN_POINT('',(40.,0.,-17.25));
#681 = DIRECTION('',(0.,0.,1.));
#682 = DIRECTION('',(1.,0.,0.));
#683 = PCURVE('',#323,#684);
#684 = DEFINITIONAL_REPRESENTATION('',(#685),#689);
#685 = LINE('',#686,#687);
#686 = CARTESIAN_POINT('',(-0.,0.));
#687 = VECTOR('',#688,1.);
#688 = DIRECTION('',(-1.,0.));
#689 = ( GEOMETRIC_REPRESENTATION_CONTEXT(2) 
PARAMETRIC_REPRESENTATION_CONTEXT() REPRESENTATION_CONTEXT('2D SPACE',''
  ) );
#690 = PCURVE('',#691,#696);
#691 = PLANE('',#692);
#692 = AXIS2_PLACEMENT_3D('',#693,#694,#695);
#693 = CARTESIAN_POINT('',(40.,2.633949703729E-16,-17.25));
#694 = DIRECTION('',(0.,0.,1.));
#695 = DIRECTION('',(1.,0.,-0.));
#696 = DEFINITIONAL_REPRESENTATION('',(#697),#701);
#697 = CIRCLE('',#698,3.4);
#698 = AXIS2_PLACEMENT_2D('',#699,#700);
#699 = CARTESIAN_POINT('',(0.,-2.633949703729E-16));
#700 = DIRECTION('',(1.,0.));
#701 = ( GEOMETRIC_REPRESENTATION_CONTEXT(2) 
PARAMETRIC_REPRESENTATION_CONTEXT() REPRESENTATION_CONTEXT('2D SPACE',''
  ) );
#702 = ADVANCED_FACE('',(#703),#354,.F.);
#703 = FACE_BOUND('',#704,.T.);
#704 = EDGE_LOOP('',(#705,#728,#729,#730));
#705 = ORIENTED_EDGE('',*,*,#706,.T.);
#706 = EDGE_CURVE('',#707,#338,#709,.T.);
#707 = VERTEX_POINT('',#708);
#708 = CARTESIAN_POINT('',(-16.6,34.641016151378,-17.25));
#709 = SEAM_CURVE('',#710,(#714,#721),.PCURVE_S1.);
#710 = LINE('',#711,#712);
#711 = CARTESIAN_POINT('',(-16.6,34.641016151378,-17.25));
#712 = VECTOR('',#713,1.);
#713 = DIRECTION('',(0.,0.,1.));
#714 = PCURVE('',#354,#715);
#715 = DEFINITIONAL_REPRESENTATION('',(#716),#720);
#716 = LINE('',#717,#718);
#717 = CARTESIAN_POINT('',(-0.,0.));
#718 = VECTOR('',#719,1.);
#719 = DIRECTION('',(-0.,-1.));
#720 = ( GEOMETRIC_REPRESENTATION_CONTEXT(2) 
PARAMETRIC_REPRESENTATION_CONTEXT() REPRESENTATION_CONTEXT('2D SPACE',''
  ) );
#721 = PCURVE('',#354,#722);
#722 = DEFINITIONAL_REPRESENTATION('',(#723),#727);
#723 = LINE('',#724,#725);
#724 = CARTESIAN_POINT('',(-6.28318530718,0.));
#725 = VECTOR('',#726,1.);
#726 = DIRECTION('',(-0.,-1.));
#727 = ( GEOMETRIC_REPRESENTATION_CONTEXT(2) 
PARAMETRIC_REPRESENTATION_CONTEXT() REPRESENTATION_CONTEXT('2D SPACE',''
  ) );
#728 = ORIENTED_EDGE('',*,*,#337,.T.);
#729 = ORIENTED_EDGE('',*,*,#706,.F.);
#730 = ORIENTED_EDGE('',*,*,#731,.F.);
#731 = EDGE_CURVE('',#707,#707,#732,.T.);
#732 = SURFACE_CURVE('',#733,(#738,#745),.PCURVE_S1.);
#733 = CIRCLE('',#734,3.4);
#734 = AXIS2_PLACEMENT_3D('',#735,#736,#737);
#735 = CARTESIAN_POINT('',(-20.,34.641016151378,-17.25));
#736 = DIRECTION('',(0.,0.,1.));
#737 = DIRECTION('',(1.,0.,0.));
#738 = PCURVE('',#354,#739);
#739 = DEFINITIONAL_REPRESENTATION('',(#740),#744);
#740 = LINE('',#741,#742);
#741 = CARTESIAN_POINT('',(-0.,0.));
#742 = VECTOR('',#743,1.);
#743 = DIRECTION('',(-1.,0.));
#744 = ( GEOMETRIC_REPRESENTATION_CONTEXT(2) 
PARAMETRIC_REPRESENTATION_CONTEXT() REPRESENTATION_CONTEXT('2D SPACE',''
  ) );
#745 = PCURVE('',#746,#751);
#746 = PLANE('',#747);
#747 = AXIS2_PLACEMENT_3D('',#748,#749,#750);
#748 = CARTESIAN_POINT('',(-20.,34.641016151378,-17.25));
#749 = DIRECTION('',(0.,0.,1.));
#750 = DIRECTION('',(1.,0.,-0.));
#751 = DEFINITIONAL_REPRESENTATION('',(#752),#756);
#752 = CIRCLE('',#753,3.4);
#753 = AXIS2_PLACEMENT_2D('',#754,#755);
#754 = CARTESIAN_POINT('',(3.552713678801E-15,0.));
#755 = DIRECTION('',(1.,0.));
#756 = ( GEOMETRIC_REPRESENTATION_CONTEXT(2) 
PARAMETRIC_REPRESENTATION_CONTEXT() REPRESENTATION_CONTEXT('2D SPACE',''
  ) );
#757 = ADVANCED_FACE('',(#758),#385,.F.);
#758 = FACE_BOUND('',#759,.T.);
#759 = EDGE_LOOP('',(#760,#783,#784,#785));
#760 = ORIENTED_EDGE('',*,*,#761,.T.);
#761 = EDGE_CURVE('',#762,#369,#764,.T.);
#762 = VERTEX_POINT('',#763);
#763 = CARTESIAN_POINT('',(4.,40.,-8.));
#764 = SEAM_CURVE('',#765,(#769,#776),.PCURVE_S1.);
#765 = LINE('',#766,#767);
#766 = CARTESIAN_POINT('',(4.,40.,-8.));
#767 = VECTOR('',#768,1.);
#768 = DIRECTION('',(0.,0.,1.));
#769 = PCURVE('',#385,#770);
#770 = DEFINITIONAL_REPRESENTATION('',(#771),#775);
#771 = LINE('',#772,#773);
#772 = CARTESIAN_POINT('',(-0.,0.));
#773 = VECTOR('',#774,1.);
#774 = DIRECTION('',(-0.,-1.));
#775 = ( GEOMETRIC_REPRESENTATION_CONTEXT(2) 
PARAMETRIC_REPRESENTATION_CONTEXT() REPRESENTATION_CONTEXT('2D SPACE',''
  ) );
#776 = PCURVE('',#385,#777);
#777 = DEFINITIONAL_REPRESENTATION('',(#778),#782);
#778 = LINE('',#779,#780);
#779 = CARTESIAN_POINT('',(-6.28318530718,0.));
#780 = VECTOR('',#781,1.);
#781 = DIRECTION('',(-0.,-1.));
#782 = ( GEOMETRIC_REPRESENTATION_CONTEXT(2) 
PARAMETRIC_REPRESENTATION_CONTEXT() REPRESENTATION_CONTEXT('2D SPACE',''
  ) );
#783 = ORIENTED_EDGE('',*,*,#368,.T.);
#784 = ORIENTED_EDGE('',*,*,#761,.F.);
#785 = ORIENTED_EDGE('',*,*,#786,.F.);
#786 = EDGE_CURVE('',#762,#762,#787,.T.);
#787 = SURFACE_CURVE('',#788,(#793,#800),.PCURVE_S1.);
#788 = CIRCLE('',#789,4.);
#789 = AXIS2_PLACEMENT_3D('',#790,#791,#792);
#790 = CARTESIAN_POINT('',(2.449293598295E-15,40.,-8.));
#791 = DIRECTION('',(0.,0.,1.));
#792 = DIRECTION('',(1.,0.,0.));
#793 = PCURVE('',#385,#794);
#794 = DEFINITIONAL_REPRESENTATION('',(#795),#799);
#795 = LINE('',#796,#797);
#796 = CARTESIAN_POINT('',(-0.,0.));
#797 = VECTOR('',#798,1.);
#798 = DIRECTION('',(-1.,0.));
#799 = ( GEOMETRIC_REPRESENTATION_CONTEXT(2) 
PARAMETRIC_REPRESENTATION_CONTEXT() REPRESENTATION_CONTEXT('2D SPACE',''
  ) );
#800 = PCURVE('',#801,#806);
#801 = PLANE('',#802);
#802 = AXIS2_PLACEMENT_3D('',#803,#804,#805);
#803 = CARTESIAN_POINT('',(2.393020231944E-15,40.,-8.));
#804 = DIRECTION('',(0.,0.,1.));
#805 = DIRECTION('',(1.,0.,-0.));
#806 = DEFINITIONAL_REPRESENTATION('',(#807),#811);
#807 = CIRCLE('',#808,4.);
#808 = AXIS2_PLACEMENT_2D('',#809,#810);
#809 = CARTESIAN_POINT('',(5.627336635072E-17,-7.105427357601E-15));
#810 = DIRECTION('',(1.,0.));
#811 = ( GEOMETRIC_REPRESENTATION_CONTEXT(2) 
PARAMETRIC_REPRESENTATION_CONTEXT() REPRESENTATION_CONTEXT('2D SPACE',''
  ) );
#812 = ADVANCED_FACE('',(#813),#416,.F.);
#813 = FACE_BOUND('',#814,.T.);
#814 = EDGE_LOOP('',(#815,#838,#839,#840));
#815 = ORIENTED_EDGE('',*,*,#816,.T.);
#816 = EDGE_CURVE('',#817,#400,#819,.T.);
#817 = VERTEX_POINT('',#818);
#818 = CARTESIAN_POINT('',(23.4,34.641016151378,-17.25));
#819 = SEAM_CURVE('',#820,(#824,#831),.PCURVE_S1.);
#820 = LINE('',#821,#822);
#821 = CARTESIAN_POINT('',(23.4,34.641016151378,-17.25));
#822 = VECTOR('',#823,1.);
#823 = DIRECTION('',(0.,0.,1.));
#824 = PCURVE('',#416,#825);
#825 = DEFINITIONAL_REPRESENTATION('',(#826),#830);
#826 = LINE('',#827,#828);
#827 = CARTESIAN_POINT('',(-0.,0.));
#828 = VECTOR('',#829,1.);
#829 = DIRECTION('',(-0.,-1.));
#830 = ( GEOMETRIC_REPRESENTATION_CONTEXT(2) 
PARAMETRIC_REPRESENTATION_CONTEXT() REPRESENTATION_CONTEXT('2D SPACE',''
  ) );
#831 = PCURVE('',#416,#832);
#832 = DEFINITIONAL_REPRESENTATION('',(#833),#837);
#833 = LINE('',#834,#835);
#834 = CARTESIAN_POINT('',(-6.28318530718,0.));
#835 = VECTOR('',#836,1.);
#836 = DIRECTION('',(-0.,-1.));
#837 = ( GEOMETRIC_REPRESENTATION_CONTEXT(2) 
PARAMETRIC_REPRESENTATION_CONTEXT() REPRESENTATION_CONTEXT('2D SPACE',''
  ) );
#838 = ORIENTED_EDGE('',*,*,#399,.T.);
#839 = ORIENTED_EDGE('',*,*,#816,.F.);
#840 = ORIENTED_EDGE('',*,*,#841,.F.);
#841 = EDGE_CURVE('',#817,#817,#842,.T.);
#842 = SURFACE_CURVE('',#843,(#848,#855),.PCURVE_S1.);
#843 = CIRCLE('',#844,3.4);
#844 = AXIS2_PLACEMENT_3D('',#845,#846,#847);
#845 = CARTESIAN_POINT('',(20.,34.641016151378,-17.25));
#846 = DIRECTION('',(0.,0.,1.));
#847 = DIRECTION('',(1.,0.,0.));
#848 = PCURVE('',#416,#849);
#849 = DEFINITIONAL_REPRESENTATION('',(#850),#854);
#850 = LINE('',#851,#852);
#851 = CARTESIAN_POINT('',(-0.,0.));
#852 = VECTOR('',#853,1.);
#853 = DIRECTION('',(-1.,0.));
#854 = ( GEOMETRIC_REPRESENTATION_CONTEXT(2) 
PARAMETRIC_REPRESENTATION_CONTEXT() REPRESENTATION_CONTEXT('2D SPACE',''
  ) );
#855 = PCURVE('',#856,#861);
#856 = PLANE('',#857);
#857 = AXIS2_PLACEMENT_3D('',#858,#859,#860);
#858 = CARTESIAN_POINT('',(20.,34.641016151378,-17.25));
#859 = DIRECTION('',(0.,0.,1.));
#860 = DIRECTION('',(1.,0.,-0.));
#861 = DEFINITIONAL_REPRESENTATION('',(#862),#866);
#862 = CIRCLE('',#863,3.4);
#863 = AXIS2_PLACEMENT_2D('',#864,#865);
#864 = CARTESIAN_POINT('',(-3.552713678801E-15,-7.105427357601E-15));
#865 = DIRECTION('',(1.,0.));
#866 = ( GEOMETRIC_REPRESENTATION_CONTEXT(2) 
PARAMETRIC_REPRESENTATION_CONTEXT() REPRESENTATION_CONTEXT('2D SPACE',''
  ) );
#867 = ADVANCED_FACE('',(#868),#471,.T.);
#868 = FACE_BOUND('',#869,.T.);
#869 = EDGE_LOOP('',(#870));
#870 = ORIENTED_EDGE('',*,*,#456,.T.);
#871 = ADVANCED_FACE('',(#872),#526,.T.);
#872 = FACE_BOUND('',#873,.T.);
#873 = EDGE_LOOP('',(#874));
#874 = ORIENTED_EDGE('',*,*,#511,.T.);
#875 = ADVANCED_FACE('',(#876),#581,.T.);
#876 = FACE_BOUND('',#877,.T.);
#877 = EDGE_LOOP('',(#878));
#878 = ORIENTED_EDGE('',*,*,#566,.T.);
#879 = ADVANCED_FACE('',(#880),#636,.T.);
#880 = FACE_BOUND('',#881,.T.);
#881 = EDGE_LOOP('',(#882));
#882 = ORIENTED_EDGE('',*,*,#621,.T.);
#883 = ADVANCED_FACE('',(#884),#691,.T.);
#884 = FACE_BOUND('',#885,.T.);
#885 = EDGE_LOOP('',(#886));
#886 = ORIENTED_EDGE('',*,*,#676,.T.);
#887 = ADVANCED_FACE('',(#888),#746,.T.);
#888 = FACE_BOUND('',#889,.T.);
#889 = EDGE_LOOP('',(#890));
#890 = ORIENTED_EDGE('',*,*,#731,.T.);
#891 = ADVANCED_FACE('',(#892),#801,.T.);
#892 = FACE_BOUND('',#893,.T.);
#893 = EDGE_LOOP('',(#894));
#894 = ORIENTED_EDGE('',*,*,#786,.T.);
#895 = ADVANCED_FACE('',(#896),#856,.T.);
#896 = FACE_BOUND('',#897,.T.);
#897 = EDGE_LOOP('',(#898));
#898 = ORIENTED_EDGE('',*,*,#841,.T.);
#899 = ( GEOMETRIC_REPRESENTATION_CONTEXT(3) 
GLOBAL_UNCERTAINTY_ASSIGNED_CONTEXT((#903)) GLOBAL_UNIT_ASSIGNED_CONTEXT
((#900,#901,#902)) REPRESENTATION_CONTEXT('Context #1',
  '3D Context with UNIT and UNCERTAINTY') );
#900 = ( LENGTH_UNIT() NAMED_UNIT(*) SI_UNIT(.MILLI.,.METRE.) );
#901 = ( NAMED_UNIT(*) PLANE_ANGLE_UNIT() SI_UNIT($,.RADIAN.) );
#902 = ( NAMED_UNIT(*) SI_UNIT($,.STERADIAN.) SOLID_ANGLE_UNIT() );
#903 = UNCERTAINTY_MEASURE_WITH_UNIT(LENGTH_MEASURE(1.E-07),#900,
  'distance_accuracy_value','confusion accuracy');
#904 = CONTEXT_DEPENDENT_SHAPE_REPRESENTATION(#905,#907);
#905 = ( REPRESENTATION_RELATIONSHIP('','',#80,#10) 
REPRESENTATION_RELATIONSHIP_WITH_TRANSFORMATION(#906) 
SHAPE_REPRESENTATION_RELATIONSHIP() );
#906 = ITEM_DEFINED_TRANSFORMATION('','',#11,#15);
#907 = PRODUCT_DEFINITION_SHAPE('Placement','Placement of an item',#908
  );
#908 = NEXT_ASSEMBLY_USAGE_OCCURRENCE('12','ur_flange_ur20','',#5,#75,$
  );
#909 = PRODUCT_RELATED_PRODUCT_CATEGORY('part',$,(#77));
#910 = SHAPE_DEFINITION_REPRESENTATION(#911,#917);
#911 = PRODUCT_DEFINITION_SHAPE('','',#912);
#912 = PRODUCT_DEFINITION('design','',#913,#916);
#913 = PRODUCT_DEFINITION_FORMATION('','',#914);
#914 = PRODUCT('bracket','bracket','',(#915));
#915 = PRODUCT_CONTEXT('',#2,'mechanical');
#916 = PRODUCT_DEFINITION_CONTEXT('part definition',#2,'design');
#917 = ADVANCED_BREP_SHAPE_REPRESENTATION('',(#11,#918),#4050);
#918 = MANIFOLD_SOLID_BREP('',#919);
#919 = CLOSED_SHELL('',(#920,#1660,#1735,#1872,#1999,#2176,#2230,#2284,
    #2338,#2392,#2446,#2501,#2555,#2609,#2663,#2717,#2786,#2840,#2894,
    #2919,#2973,#3042,#3096,#3143,#3175,#3203,#3253,#3422,#3506,#3533,
    #3540,#3614,#3688,#3762,#3815,#3843,#3871,#3899,#3954,#3989,#4023));
#920 = ADVANCED_FACE('',(#921,#1039,#1074,#1109,#1144,#1179,#1214,#1245,
    #1280,#1315,#1350,#1385,#1505,#1540),#936,.F.);
#921 = FACE_BOUND('',#922,.F.);
#922 = EDGE_LOOP('',(#923,#959,#987,#1013));
#923 = ORIENTED_EDGE('',*,*,#924,.T.);
#924 = EDGE_CURVE('',#925,#927,#929,.T.);
#925 = VERTEX_POINT('',#926);
#926 = CARTESIAN_POINT('',(37.563279941986,33.,0.));
#927 = VERTEX_POINT('',#928);
#928 = CARTESIAN_POINT('',(37.563279941986,-33.,0.));
#929 = SURFACE_CURVE('',#930,(#935,#947),.PCURVE_S1.);
#930 = CIRCLE('',#931,50.);
#931 = AXIS2_PLACEMENT_3D('',#932,#933,#934);
#932 = CARTESIAN_POINT('',(0.,0.,0.));
#933 = DIRECTION('',(0.,0.,1.));
#934 = DIRECTION('',(1.,0.,0.));
#935 = PCURVE('',#936,#941);
#936 = PLANE('',#937);
#937 = AXIS2_PLACEMENT_3D('',#938,#939,#940);
#938 = CARTESIAN_POINT('',(-1.75032336965E-15,3.209892110372E-15,0.));
#939 = DIRECTION('',(0.,0.,1.));
#940 = DIRECTION('',(1.,0.,-0.));
#941 = DEFINITIONAL_REPRESENTATION('',(#942),#946);
#942 = CIRCLE('',#943,50.);
#943 = AXIS2_PLACEMENT_2D('',#944,#945);
#944 = CARTESIAN_POINT('',(1.75032336965E-15,-3.209892110372E-15));
#945 = DIRECTION('',(1.,0.));
#946 = ( GEOMETRIC_REPRESENTATION_CONTEXT(2) 
PARAMETRIC_REPRESENTATION_CONTEXT() REPRESENTATION_CONTEXT('2D SPACE',''
  ) );
#947 = PCURVE('',#948,#953);
#948 = CYLINDRICAL_SURFACE('',#949,50.);
#949 = AXIS2_PLACEMENT_3D('',#950,#951,#952);
#950 = CARTESIAN_POINT('',(0.,0.,0.));
#951 = DIRECTION('',(-0.,-0.,-1.));
#952 = DIRECTION('',(1.,0.,0.));
#953 = DEFINITIONAL_REPRESENTATION('',(#954),#958);
#954 = LINE('',#955,#956);
#955 = CARTESIAN_POINT('',(-0.,0.));
#956 = VECTOR('',#957,1.);
#957 = DIRECTION('',(-1.,0.));
#958 = ( GEOMETRIC_REPRESENTATION_CONTEXT(2) 
PARAMETRIC_REPRESENTATION_CONTEXT() REPRESENTATION_CONTEXT('2D SPACE',''
  ) );
#959 = ORIENTED_EDGE('',*,*,#960,.T.);
#960 = EDGE_CURVE('',#927,#961,#963,.T.);
#961 = VERTEX_POINT('',#962);
#962 = CARTESIAN_POINT('',(53.,-33.,0.));
#963 = SURFACE_CURVE('',#964,(#968,#975),.PCURVE_S1.);
#964 = LINE('',#965,#966);
#965 = CARTESIAN_POINT('',(30.,-33.,0.));
#966 = VECTOR('',#967,1.);
#967 = DIRECTION('',(1.,0.,0.));
#968 = PCURVE('',#936,#969);
#969 = DEFINITIONAL_REPRESENTATION('',(#970),#974);
#970 = LINE('',#971,#972);
#971 = CARTESIAN_POINT('',(30.,-33.));
#972 = VECTOR('',#973,1.);
#973 = DIRECTION('',(1.,0.));
#974 = ( GEOMETRIC_REPRESENTATION_CONTEXT(2) 
PARAMETRIC_REPRESENTATION_CONTEXT() REPRESENTATION_CONTEXT('2D SPACE',''
  ) );
#975 = PCURVE('',#976,#981);
#976 = PLANE('',#977);
#977 = AXIS2_PLACEMENT_3D('',#978,#979,#980);
#978 = CARTESIAN_POINT('',(30.,-33.,0.));
#979 = DIRECTION('',(0.,1.,0.));
#980 = DIRECTION('',(1.,0.,0.));
#981 = DEFINITIONAL_REPRESENTATION('',(#982),#986);
#982 = LINE('',#983,#984);
#983 = CARTESIAN_POINT('',(0.,0.));
#984 = VECTOR('',#985,1.);
#985 = DIRECTION('',(1.,0.));
#986 = ( GEOMETRIC_REPRESENTATION_CONTEXT(2) 
PARAMETRIC_REPRESENTATION_CONTEXT() REPRESENTATION_CONTEXT('2D SPACE',''
  ) );
#987 = ORIENTED_EDGE('',*,*,#988,.T.);
#988 = EDGE_CURVE('',#961,#989,#991,.T.);
#989 = VERTEX_POINT('',#990);
#990 = CARTESIAN_POINT('',(53.,33.,0.));
#991 = SURFACE_CURVE('',#992,(#996,#1002),.PCURVE_S1.);
#992 = LINE('',#993,#994);
#993 = CARTESIAN_POINT('',(53.,16.5,0.));
#994 = VECTOR('',#995,1.);
#995 = DIRECTION('',(-0.,1.,0.));
#996 = PCURVE('',#936,#997);
#997 = DEFINITIONAL_REPRESENTATION('',(#998),#1001);
#998 = B_SPLINE_CURVE_WITH_KNOTS('',1,(#999,#1000),.UNSPECIFIED.,.F.,.F.
  ,(2,2),(-49.5,16.5),.PIECEWISE_BEZIER_KNOTS.);
#999 = CARTESIAN_POINT('',(53.,-33.));
#1000 = CARTESIAN_POINT('',(53.,33.));
#1001 = ( GEOMETRIC_REPRESENTATION_CONTEXT(2) 
PARAMETRIC_REPRESENTATION_CONTEXT() REPRESENTATION_CONTEXT('2D SPACE',''
  ) );
#1002 = PCURVE('',#1003,#1008);
#1003 = PLANE('',#1004);
#1004 = AXIS2_PLACEMENT_3D('',#1005,#1006,#1007);
#1005 = CARTESIAN_POINT('',(53.,33.,-19.05));
#1006 = DIRECTION('',(1.,0.,-0.));
#1007 = DIRECTION('',(0.,-1.,0.));
#1008 = DEFINITIONAL_REPRESENTATION('',(#1009),#1012);
#1009 = B_SPLINE_CURVE_WITH_KNOTS('',1,(#1010,#1011),.UNSPECIFIED.,.F.,
  .F.,(2,2),(-49.5,16.5),.PIECEWISE_BEZIER_KNOTS.);
#1010 = CARTESIAN_POINT('',(66.,-19.05));
#1011 = CARTESIAN_POINT('',(0.,-19.05));
#1012 = ( GEOMETRIC_REPRESENTATION_CONTEXT(2) 
PARAMETRIC_REPRESENTATION_CONTEXT() REPRESENTATION_CONTEXT('2D SPACE',''
  ) );
#1013 = ORIENTED_EDGE('',*,*,#1014,.T.);
#1014 = EDGE_CURVE('',#989,#925,#1015,.T.);
#1015 = SURFACE_CURVE('',#1016,(#1020,#1027),.PCURVE_S1.);
#1016 = LINE('',#1017,#1018);
#1017 = CARTESIAN_POINT('',(59.,33.,0.));
#1018 = VECTOR('',#1019,1.);
#1019 = DIRECTION('',(-1.,0.,0.));
#1020 = PCURVE('',#936,#1021);
#1021 = DEFINITIONAL_REPRESENTATION('',(#1022),#1026);
#1022 = LINE('',#1023,#1024);
#1023 = CARTESIAN_POINT('',(59.,33.));
#1024 = VECTOR('',#1025,1.);
#1025 = DIRECTION('',(-1.,0.));
#1026 = ( GEOMETRIC_REPRESENTATION_CONTEXT(2) 
PARAMETRIC_REPRESENTATION_CONTEXT() REPRESENTATION_CONTEXT('2D SPACE',''
  ) );
#1027 = PCURVE('',#1028,#1033);
#1028 = PLANE('',#1029);
#1029 = AXIS2_PLACEMENT_3D('',#1030,#1031,#1032);
#1030 = CARTESIAN_POINT('',(59.,33.,0.));
#1031 = DIRECTION('',(0.,-1.,0.));
#1032 = DIRECTION('',(-1.,0.,0.));
#1033 = DEFINITIONAL_REPRESENTATION('',(#1034),#1038);
#1034 = LINE('',#1035,#1036);
#1035 = CARTESIAN_POINT('',(0.,-0.));
#1036 = VECTOR('',#1037,1.);
#1037 = DIRECTION('',(1.,0.));
#1038 = ( GEOMETRIC_REPRESENTATION_CONTEXT(2) 
PARAMETRIC_REPRESENTATION_CONTEXT() REPRESENTATION_CONTEXT('2D SPACE',''
  ) );
#1039 = FACE_BOUND('',#1040,.F.);
#1040 = EDGE_LOOP('',(#1041));
#1041 = ORIENTED_EDGE('',*,*,#1042,.T.);
#1042 = EDGE_CURVE('',#1043,#1043,#1045,.T.);
#1043 = VERTEX_POINT('',#1044);
#1044 = CARTESIAN_POINT('',(-15.5,-34.64101615137,0.));
#1045 = SURFACE_CURVE('',#1046,(#1051,#1062),.PCURVE_S1.);
#1046 = CIRCLE('',#1047,4.5);
#1047 = AXIS2_PLACEMENT_3D('',#1048,#1049,#1050);
#1048 = CARTESIAN_POINT('',(-20.,-34.64101615137,0.));
#1049 = DIRECTION('',(0.,0.,-1.));
#1050 = DIRECTION('',(1.,0.,0.));
#1051 = PCURVE('',#936,#1052);
#1052 = DEFINITIONAL_REPRESENTATION('',(#1053),#1061);
#1053 = ( BOUNDED_CURVE() B_SPLINE_CURVE(2,(#1054,#1055,#1056,#1057,
#1058,#1059,#1060),.UNSPECIFIED.,.T.,.F.) B_SPLINE_CURVE_WITH_KNOTS((1,2
    ,2,2,2,1),(-2.094395102393,0.,2.094395102393,4.188790204786,
6.28318530718,8.377580409573),.UNSPECIFIED.) CURVE() 
GEOMETRIC_REPRESENTATION_ITEM() RATIONAL_B_SPLINE_CURVE((1.,0.5,1.,0.5,
1.,0.5,1.)) REPRESENTATION_ITEM('') );
#1054 = CARTESIAN_POINT('',(-15.5,-34.64101615137));
#1055 = CARTESIAN_POINT('',(-15.5,-42.43524478543));
#1056 = CARTESIAN_POINT('',(-22.25,-38.5381304684));
#1057 = CARTESIAN_POINT('',(-29.,-34.64101615137));
#1058 = CARTESIAN_POINT('',(-22.25,-30.74390183434));
#1059 = CARTESIAN_POINT('',(-15.5,-26.84678751731));
#1060 = CARTESIAN_POINT('',(-15.5,-34.64101615137));
#1061 = ( GEOMETRIC_REPRESENTATION_CONTEXT(2) 
PARAMETRIC_REPRESENTATION_CONTEXT() REPRESENTATION_CONTEXT('2D SPACE',''
  ) );
#1062 = PCURVE('',#1063,#1068);
#1063 = CYLINDRICAL_SURFACE('',#1064,4.5);
#1064 = AXIS2_PLACEMENT_3D('',#1065,#1066,#1067);
#1065 = CARTESIAN_POINT('',(-20.,-34.64101615137,-20.));
#1066 = DIRECTION('',(-0.,-0.,-1.));
#1067 = DIRECTION('',(1.,0.,0.));
#1068 = DEFINITIONAL_REPRESENTATION('',(#1069),#1073);
#1069 = LINE('',#1070,#1071);
#1070 = CARTESIAN_POINT('',(-6.28318530718,-20.));
#1071 = VECTOR('',#1072,1.);
#1072 = DIRECTION('',(1.,-0.));
#1073 = ( GEOMETRIC_REPRESENTATION_CONTEXT(2) 
PARAMETRIC_REPRESENTATION_CONTEXT() REPRESENTATION_CONTEXT('2D SPACE',''
  ) );
#1074 = FACE_BOUND('',#1075,.F.);
#1075 = EDGE_LOOP('',(#1076));
#1076 = ORIENTED_EDGE('',*,*,#1077,.T.);
#1077 = EDGE_CURVE('',#1078,#1078,#1080,.T.);
#1078 = VERTEX_POINT('',#1079);
#1079 = CARTESIAN_POINT('',(-35.5,4.898587196589E-15,0.));
#1080 = SURFACE_CURVE('',#1081,(#1086,#1097),.PCURVE_S1.);
#1081 = CIRCLE('',#1082,4.5);
#1082 = AXIS2_PLACEMENT_3D('',#1083,#1084,#1085);
#1083 = CARTESIAN_POINT('',(-40.,4.898587196589E-15,0.));
#1084 = DIRECTION('',(0.,0.,-1.));
#1085 = DIRECTION('',(1.,0.,0.));
#1086 = PCURVE('',#936,#1087);
#1087 = DEFINITIONAL_REPRESENTATION('',(#1088),#1096);
#1088 = ( BOUNDED_CURVE() B_SPLINE_CURVE(2,(#1089,#1090,#1091,#1092,
#1093,#1094,#1095),.UNSPECIFIED.,.T.,.F.) B_SPLINE_CURVE_WITH_KNOTS((1,2
    ,2,2,2,1),(-2.094395102393,0.,2.094395102393,4.188790204786,
6.28318530718,8.377580409573),.UNSPECIFIED.) CURVE() 
GEOMETRIC_REPRESENTATION_ITEM() RATIONAL_B_SPLINE_CURVE((1.,0.5,1.,0.5,
1.,0.5,1.)) REPRESENTATION_ITEM('') );
#1089 = CARTESIAN_POINT('',(-35.5,1.688695086217E-15));
#1090 = CARTESIAN_POINT('',(-35.5,-7.79422863406));
#1091 = CARTESIAN_POINT('',(-42.25,-3.89711431703));
#1092 = CARTESIAN_POINT('',(-49.,5.865129669843E-16));
#1093 = CARTESIAN_POINT('',(-42.25,3.89711431703));
#1094 = CARTESIAN_POINT('',(-35.5,7.79422863406));
#1095 = CARTESIAN_POINT('',(-35.5,1.688695086217E-15));
#1096 = ( GEOMETRIC_REPRESENTATION_CONTEXT(2) 
PARAMETRIC_REPRESENTATION_CONTEXT() REPRESENTATION_CONTEXT('2D SPACE',''
  ) );
#1097 = PCURVE('',#1098,#1103);
#1098 = CYLINDRICAL_SURFACE('',#1099,4.5);
#1099 = AXIS2_PLACEMENT_3D('',#1100,#1101,#1102);
#1100 = CARTESIAN_POINT('',(-40.,4.898587196589E-15,-20.));
#1101 = DIRECTION('',(-0.,-0.,-1.));
#1102 = DIRECTION('',(1.,0.,0.));
#1103 = DEFINITIONAL_REPRESENTATION('',(#1104),#1108);
#1104 = LINE('',#1105,#1106);
#1105 = CARTESIAN_POINT('',(-6.28318530718,-20.));
#1106 = VECTOR('',#1107,1.);
#1107 = DIRECTION('',(1.,-0.));
#1108 = ( GEOMETRIC_REPRESENTATION_CONTEXT(2) 
PARAMETRIC_REPRESENTATION_CONTEXT() REPRESENTATION_CONTEXT('2D SPACE',''
  ) );
#1109 = FACE_BOUND('',#1110,.F.);
#1110 = EDGE_LOOP('',(#1111));
#1111 = ORIENTED_EDGE('',*,*,#1112,.T.);
#1112 = EDGE_CURVE('',#1113,#1113,#1115,.T.);
#1113 = VERTEX_POINT('',#1114);
#1114 = CARTESIAN_POINT('',(-14.37766952966,-17.67766952966,0.));
#1115 = SURFACE_CURVE('',#1116,(#1121,#1132),.PCURVE_S1.);
#1116 = CIRCLE('',#1117,3.3);
#1117 = AXIS2_PLACEMENT_3D('',#1118,#1119,#1120);
#1118 = CARTESIAN_POINT('',(-17.67766952966,-17.67766952966,0.));
#1119 = DIRECTION('',(0.,0.,-1.));
#1120 = DIRECTION('',(1.,0.,0.));
#1121 = PCURVE('',#936,#1122);
#1122 = DEFINITIONAL_REPRESENTATION('',(#1123),#1131);
#1123 = ( BOUNDED_CURVE() B_SPLINE_CURVE(2,(#1124,#1125,#1126,#1127,
#1128,#1129,#1130),.UNSPECIFIED.,.T.,.F.) B_SPLINE_CURVE_WITH_KNOTS((1,2
    ,2,2,2,1),(-2.094395102393,0.,2.094395102393,4.188790204786,
6.28318530718,8.377580409573),.UNSPECIFIED.) CURVE() 
GEOMETRIC_REPRESENTATION_ITEM() RATIONAL_B_SPLINE_CURVE((1.,0.5,1.,0.5,
1.,0.5,1.)) REPRESENTATION_ITEM('') );
#1124 = CARTESIAN_POINT('',(-14.37766952966,-17.67766952966));
#1125 = CARTESIAN_POINT('',(-14.37766952966,-23.39343719464));
#1126 = CARTESIAN_POINT('',(-19.32766952966,-20.53555336215));
#1127 = CARTESIAN_POINT('',(-24.27766952966,-17.67766952966));
#1128 = CARTESIAN_POINT('',(-19.32766952966,-14.81978569717));
#1129 = CARTESIAN_POINT('',(-14.37766952966,-11.96190186468));
#1130 = CARTESIAN_POINT('',(-14.37766952966,-17.67766952966));
#1131 = ( GEOMETRIC_REPRESENTATION_CONTEXT(2) 
PARAMETRIC_REPRESENTATION_CONTEXT() REPRESENTATION_CONTEXT('2D SPACE',''
  ) );
#1132 = PCURVE('',#1133,#1138);
#1133 = CYLINDRICAL_SURFACE('',#1134,3.3);
#1134 = AXIS2_PLACEMENT_3D('',#1135,#1136,#1137);
#1135 = CARTESIAN_POINT('',(-17.67766952966,-17.67766952966,-20.));
#1136 = DIRECTION('',(-0.,-0.,-1.));
#1137 = DIRECTION('',(1.,0.,0.));
#1138 = DEFINITIONAL_REPRESENTATION('',(#1139),#1143);
#1139 = LINE('',#1140,#1141);
#1140 = CARTESIAN_POINT('',(-6.28318530718,-20.));
#1141 = VECTOR('',#1142,1.);
#1142 = DIRECTION('',(1.,-0.));
#1143 = ( GEOMETRIC_REPRESENTATION_CONTEXT(2) 
PARAMETRIC_REPRESENTATION_CONTEXT() REPRESENTATION_CONTEXT('2D SPACE',''
  ) );
#1144 = FACE_BOUND('',#1145,.F.);
#1145 = EDGE_LOOP('',(#1146));
#1146 = ORIENTED_EDGE('',*,*,#1147,.T.);
#1147 = EDGE_CURVE('',#1148,#1148,#1150,.T.);
#1148 = VERTEX_POINT('',#1149);
#1149 = CARTESIAN_POINT('',(24.5,-34.64101615137,0.));
#1150 = SURFACE_CURVE('',#1151,(#1156,#1167),.PCURVE_S1.);
#1151 = CIRCLE('',#1152,4.5);
#1152 = AXIS2_PLACEMENT_3D('',#1153,#1154,#1155);
#1153 = CARTESIAN_POINT('',(20.,-34.64101615137,0.));
#1154 = DIRECTION('',(0.,0.,-1.));
#1155 = DIRECTION('',(1.,0.,0.));
#1156 = PCURVE('',#936,#1157);
#1157 = DEFINITIONAL_REPRESENTATION('',(#1158),#1166);
#1158 = ( BOUNDED_CURVE() B_SPLINE_CURVE(2,(#1159,#1160,#1161,#1162,
#1163,#1164,#1165),.UNSPECIFIED.,.T.,.F.) B_SPLINE_CURVE_WITH_KNOTS((1,2
    ,2,2,2,1),(-2.094395102393,0.,2.094395102393,4.188790204786,
6.28318530718,8.377580409573),.UNSPECIFIED.) CURVE() 
GEOMETRIC_REPRESENTATION_ITEM() RATIONAL_B_SPLINE_CURVE((1.,0.5,1.,0.5,
1.,0.5,1.)) REPRESENTATION_ITEM('') );
#1159 = CARTESIAN_POINT('',(24.5,-34.64101615137));
#1160 = CARTESIAN_POINT('',(24.5,-42.43524478543));
#1161 = CARTESIAN_POINT('',(17.75,-38.5381304684));
#1162 = CARTESIAN_POINT('',(11.,-34.64101615137));
#1163 = CARTESIAN_POINT('',(17.75,-30.74390183434));
#1164 = CARTESIAN_POINT('',(24.5,-26.84678751731));
#1165 = CARTESIAN_POINT('',(24.5,-34.64101615137));
#1166 = ( GEOMETRIC_REPRESENTATION_CONTEXT(2) 
PARAMETRIC_REPRESENTATION_CONTEXT() REPRESENTATION_CONTEXT('2D SPACE',''
  ) );
#1167 = PCURVE('',#1168,#1173);
#1168 = CYLINDRICAL_SURFACE('',#1169,4.5);
#1169 = AXIS2_PLACEMENT_3D('',#1170,#1171,#1172);
#1170 = CARTESIAN_POINT('',(20.,-34.64101615137,-20.));
#1171 = DIRECTION('',(-0.,-0.,-1.));
#1172 = DIRECTION('',(1.,0.,0.));
#1173 = DEFINITIONAL_REPRESENTATION('',(#1174),#1178);
#1174 = LINE('',#1175,#1176);
#1175 = CARTESIAN_POINT('',(-6.28318530718,-20.));
#1176 = VECTOR('',#1177,1.);
#1177 = DIRECTION('',(1.,-0.));
#1178 = ( GEOMETRIC_REPRESENTATION_CONTEXT(2) 
PARAMETRIC_REPRESENTATION_CONTEXT() REPRESENTATION_CONTEXT('2D SPACE',''
  ) );
#1179 = FACE_BOUND('',#1180,.F.);
#1180 = EDGE_LOOP('',(#1181));
#1181 = ORIENTED_EDGE('',*,*,#1182,.T.);
#1182 = EDGE_CURVE('',#1183,#1183,#1185,.T.);
#1183 = VERTEX_POINT('',#1184);
#1184 = CARTESIAN_POINT('',(20.977669529664,-17.67766952966,0.));
#1185 = SURFACE_CURVE('',#1186,(#1191,#1202),.PCURVE_S1.);
#1186 = CIRCLE('',#1187,3.3);
#1187 = AXIS2_PLACEMENT_3D('',#1188,#1189,#1190);
#1188 = CARTESIAN_POINT('',(17.677669529664,-17.67766952966,0.));
#1189 = DIRECTION('',(0.,0.,-1.));
#1190 = DIRECTION('',(1.,0.,0.));
#1191 = PCURVE('',#936,#1192);
#1192 = DEFINITIONAL_REPRESENTATION('',(#1193),#1201);
#1193 = ( BOUNDED_CURVE() B_SPLINE_CURVE(2,(#1194,#1195,#1196,#1197,
#1198,#1199,#1200),.UNSPECIFIED.,.T.,.F.) B_SPLINE_CURVE_WITH_KNOTS((1,2
    ,2,2,2,1),(-2.094395102393,0.,2.094395102393,4.188790204786,
6.28318530718,8.377580409573),.UNSPECIFIED.) CURVE() 
GEOMETRIC_REPRESENTATION_ITEM() RATIONAL_B_SPLINE_CURVE((1.,0.5,1.,0.5,
1.,0.5,1.)) REPRESENTATION_ITEM('') );
#1194 = CARTESIAN_POINT('',(20.977669529664,-17.67766952966));
#1195 = CARTESIAN_POINT('',(20.977669529664,-23.39343719464));
#1196 = CARTESIAN_POINT('',(16.027669529664,-20.53555336215));
#1197 = CARTESIAN_POINT('',(11.077669529664,-17.67766952966));
#1198 = CARTESIAN_POINT('',(16.027669529664,-14.81978569717));
#1199 = CARTESIAN_POINT('',(20.977669529664,-11.96190186468));
#1200 = CARTESIAN_POINT('',(20.977669529664,-17.67766952966));
#1201 = ( GEOMETRIC_REPRESENTATION_CONTEXT(2) 
PARAMETRIC_REPRESENTATION_CONTEXT() REPRESENTATION_CONTEXT('2D SPACE',''
  ) );
#1202 = PCURVE('',#1203,#1208);
#1203 = CYLINDRICAL_SURFACE('',#1204,3.3);
#1204 = AXIS2_PLACEMENT_3D('',#1205,#1206,#1207);
#1205 = CARTESIAN_POINT('',(17.677669529664,-17.67766952966,-20.));
#1206 = DIRECTION('',(-0.,-0.,-1.));
#1207 = DIRECTION('',(1.,0.,0.));
#1208 = DEFINITIONAL_REPRESENTATION('',(#1209),#1213);
#1209 = LINE('',#1210,#1211);
#1210 = CARTESIAN_POINT('',(-6.28318530718,-20.));
#1211 = VECTOR('',#1212,1.);
#1212 = DIRECTION('',(1.,-0.));
#1213 = ( GEOMETRIC_REPRESENTATION_CONTEXT(2) 
PARAMETRIC_REPRESENTATION_CONTEXT() REPRESENTATION_CONTEXT('2D SPACE',''
  ) );
#1214 = FACE_BOUND('',#1215,.F.);
#1215 = EDGE_LOOP('',(#1216));
#1216 = ORIENTED_EDGE('',*,*,#1217,.F.);
#1217 = EDGE_CURVE('',#1218,#1218,#1220,.T.);
#1218 = VERTEX_POINT('',#1219);
#1219 = CARTESIAN_POINT('',(15.65,0.,0.));
#1220 = SURFACE_CURVE('',#1221,(#1226,#1233),.PCURVE_S1.);
#1221 = CIRCLE('',#1222,15.65);
#1222 = AXIS2_PLACEMENT_3D('',#1223,#1224,#1225);
#1223 = CARTESIAN_POINT('',(0.,0.,0.));
#1224 = DIRECTION('',(0.,0.,1.));
#1225 = DIRECTION('',(1.,0.,0.));
#1226 = PCURVE('',#936,#1227);
#1227 = DEFINITIONAL_REPRESENTATION('',(#1228),#1232);
#1228 = CIRCLE('',#1229,15.65);
#1229 = AXIS2_PLACEMENT_2D('',#1230,#1231);
#1230 = CARTESIAN_POINT('',(1.75032336965E-15,-3.209892110372E-15));
#1231 = DIRECTION('',(1.,0.));
#1232 = ( GEOMETRIC_REPRESENTATION_CONTEXT(2) 
PARAMETRIC_REPRESENTATION_CONTEXT() REPRESENTATION_CONTEXT('2D SPACE',''
  ) );
#1233 = PCURVE('',#1234,#1239);
#1234 = CYLINDRICAL_SURFACE('',#1235,15.65);
#1235 = AXIS2_PLACEMENT_3D('',#1236,#1237,#1238);
#1236 = CARTESIAN_POINT('',(0.,0.,-4.));
#1237 = DIRECTION('',(-0.,-0.,-1.));
#1238 = DIRECTION('',(1.,0.,0.));
#1239 = DEFINITIONAL_REPRESENTATION('',(#1240),#1244);
#1240 = LINE('',#1241,#1242);
#1241 = CARTESIAN_POINT('',(-0.,-4.));
#1242 = VECTOR('',#1243,1.);
#1243 = DIRECTION('',(-1.,0.));
#1244 = ( GEOMETRIC_REPRESENTATION_CONTEXT(2) 
PARAMETRIC_REPRESENTATION_CONTEXT() REPRESENTATION_CONTEXT('2D SPACE',''
  ) );
#1245 = FACE_BOUND('',#1246,.F.);
#1246 = EDGE_LOOP('',(#1247));
#1247 = ORIENTED_EDGE('',*,*,#1248,.T.);
#1248 = EDGE_CURVE('',#1249,#1249,#1251,.T.);
#1249 = VERTEX_POINT('',#1250);
#1250 = CARTESIAN_POINT('',(44.5,0.,0.));
#1251 = SURFACE_CURVE('',#1252,(#1257,#1268),.PCURVE_S1.);
#1252 = CIRCLE('',#1253,4.5);
#1253 = AXIS2_PLACEMENT_3D('',#1254,#1255,#1256);
#1254 = CARTESIAN_POINT('',(40.,0.,0.));
#1255 = DIRECTION('',(0.,0.,-1.));
#1256 = DIRECTION('',(1.,0.,0.));
#1257 = PCURVE('',#936,#1258);
#1258 = DEFINITIONAL_REPRESENTATION('',(#1259),#1267);
#1259 = ( BOUNDED_CURVE() B_SPLINE_CURVE(2,(#1260,#1261,#1262,#1263,
#1264,#1265,#1266),.UNSPECIFIED.,.T.,.F.) B_SPLINE_CURVE_WITH_KNOTS((1,2
    ,2,2,2,1),(-2.094395102393,0.,2.094395102393,4.188790204786,
6.28318530718,8.377580409573),.UNSPECIFIED.) CURVE() 
GEOMETRIC_REPRESENTATION_ITEM() RATIONAL_B_SPLINE_CURVE((1.,0.5,1.,0.5,
1.,0.5,1.)) REPRESENTATION_ITEM('') );
#1260 = CARTESIAN_POINT('',(44.5,-3.209892110372E-15));
#1261 = CARTESIAN_POINT('',(44.5,-7.79422863406));
#1262 = CARTESIAN_POINT('',(37.75,-3.89711431703));
#1263 = CARTESIAN_POINT('',(31.,-4.312074229605E-15));
#1264 = CARTESIAN_POINT('',(37.75,3.89711431703));
#1265 = CARTESIAN_POINT('',(44.5,7.79422863406));
#1266 = CARTESIAN_POINT('',(44.5,-3.209892110372E-15));
#1267 = ( GEOMETRIC_REPRESENTATION_CONTEXT(2) 
PARAMETRIC_REPRESENTATION_CONTEXT() REPRESENTATION_CONTEXT('2D SPACE',''
  ) );
#1268 = PCURVE('',#1269,#1274);
#1269 = CYLINDRICAL_SURFACE('',#1270,4.5);
#1270 = AXIS2_PLACEMENT_3D('',#1271,#1272,#1273);
#1271 = CARTESIAN_POINT('',(40.,0.,-20.));
#1272 = DIRECTION('',(-0.,-0.,-1.));
#1273 = DIRECTION('',(1.,0.,0.));
#1274 = DEFINITIONAL_REPRESENTATION('',(#1275),#1279);
#1275 = LINE('',#1276,#1277);
#1276 = CARTESIAN_POINT('',(-6.28318530718,-20.));
#1277 = VECTOR('',#1278,1.);
#1278 = DIRECTION('',(1.,-0.));
#1279 = ( GEOMETRIC_REPRESENTATION_CONTEXT(2) 
PARAMETRIC_REPRESENTATION_CONTEXT() REPRESENTATION_CONTEXT('2D SPACE',''
  ) );
#1280 = FACE_BOUND('',#1281,.F.);
#1281 = EDGE_LOOP('',(#1282));
#1282 = ORIENTED_EDGE('',*,*,#1283,.T.);
#1283 = EDGE_CURVE('',#1284,#1284,#1286,.T.);
#1284 = VERTEX_POINT('',#1285);
#1285 = CARTESIAN_POINT('',(-14.37766952966,17.677669529664,0.));
#1286 = SURFACE_CURVE('',#1287,(#1292,#1303),.PCURVE_S1.);
#1287 = CIRCLE('',#1288,3.3);
#1288 = AXIS2_PLACEMENT_3D('',#1289,#1290,#1291);
#1289 = CARTESIAN_POINT('',(-17.67766952966,17.677669529664,0.));
#1290 = DIRECTION('',(0.,0.,-1.));
#1291 = DIRECTION('',(1.,0.,0.));
#1292 = PCURVE('',#936,#1293);
#1293 = DEFINITIONAL_REPRESENTATION('',(#1294),#1302);
#1294 = ( BOUNDED_CURVE() B_SPLINE_CURVE(2,(#1295,#1296,#1297,#1298,
#1299,#1300,#1301),.UNSPECIFIED.,.T.,.F.) B_SPLINE_CURVE_WITH_KNOTS((1,2
    ,2,2,2,1),(-2.094395102393,0.,2.094395102393,4.188790204786,
6.28318530718,8.377580409573),.UNSPECIFIED.) CURVE() 
GEOMETRIC_REPRESENTATION_ITEM() RATIONAL_B_SPLINE_CURVE((1.,0.5,1.,0.5,
1.,0.5,1.)) REPRESENTATION_ITEM('') );
#1295 = CARTESIAN_POINT('',(-14.37766952966,17.677669529664));
#1296 = CARTESIAN_POINT('',(-14.37766952966,11.961901864686));
#1297 = CARTESIAN_POINT('',(-19.32766952966,14.819785697175));
#1298 = CARTESIAN_POINT('',(-24.27766952966,17.677669529664));
#1299 = CARTESIAN_POINT('',(-19.32766952966,20.535553362152));
#1300 = CARTESIAN_POINT('',(-14.37766952966,23.393437194641));
#1301 = CARTESIAN_POINT('',(-14.37766952966,17.677669529664));
#1302 = ( GEOMETRIC_REPRESENTATION_CONTEXT(2) 
PARAMETRIC_REPRESENTATION_CONTEXT() REPRESENTATION_CONTEXT('2D SPACE',''
  ) );
#1303 = PCURVE('',#1304,#1309);
#1304 = CYLINDRICAL_SURFACE('',#1305,3.3);
#1305 = AXIS2_PLACEMENT_3D('',#1306,#1307,#1308);
#1306 = CARTESIAN_POINT('',(-17.67766952966,17.677669529664,-20.));
#1307 = DIRECTION('',(-0.,-0.,-1.));
#1308 = DIRECTION('',(1.,0.,0.));
#1309 = DEFINITIONAL_REPRESENTATION('',(#1310),#1314);
#1310 = LINE('',#1311,#1312);
#1311 = CARTESIAN_POINT('',(-6.28318530718,-20.));
#1312 = VECTOR('',#1313,1.);
#1313 = DIRECTION('',(1.,-0.));
#1314 = ( GEOMETRIC_REPRESENTATION_CONTEXT(2) 
PARAMETRIC_REPRESENTATION_CONTEXT() REPRESENTATION_CONTEXT('2D SPACE',''
  ) );
#1315 = FACE_BOUND('',#1316,.F.);
#1316 = EDGE_LOOP('',(#1317));
#1317 = ORIENTED_EDGE('',*,*,#1318,.T.);
#1318 = EDGE_CURVE('',#1319,#1319,#1321,.T.);
#1319 = VERTEX_POINT('',#1320);
#1320 = CARTESIAN_POINT('',(-15.5,34.641016151378,0.));
#1321 = SURFACE_CURVE('',#1322,(#1327,#1338),.PCURVE_S1.);
#1322 = CIRCLE('',#1323,4.5);
#1323 = AXIS2_PLACEMENT_3D('',#1324,#1325,#1326);
#1324 = CARTESIAN_POINT('',(-20.,34.641016151378,0.));
#1325 = DIRECTION('',(0.,0.,-1.));
#1326 = DIRECTION('',(1.,0.,0.));
#1327 = PCURVE('',#936,#1328);
#1328 = DEFINITIONAL_REPRESENTATION('',(#1329),#1337);
#1329 = ( BOUNDED_CURVE() B_SPLINE_CURVE(2,(#1330,#1331,#1332,#1333,
#1334,#1335,#1336),.UNSPECIFIED.,.T.,.F.) B_SPLINE_CURVE_WITH_KNOTS((1,2
    ,2,2,2,1),(-2.094395102393,0.,2.094395102393,4.188790204786,
6.28318530718,8.377580409573),.UNSPECIFIED.) CURVE() 
GEOMETRIC_REPRESENTATION_ITEM() RATIONAL_B_SPLINE_CURVE((1.,0.5,1.,0.5,
1.,0.5,1.)) REPRESENTATION_ITEM('') );
#1330 = CARTESIAN_POINT('',(-15.5,34.641016151378));
#1331 = CARTESIAN_POINT('',(-15.5,26.846787517318));
#1332 = CARTESIAN_POINT('',(-22.25,30.743901834348));
#1333 = CARTESIAN_POINT('',(-29.,34.641016151378));
#1334 = CARTESIAN_POINT('',(-22.25,38.538130468408));
#1335 = CARTESIAN_POINT('',(-15.5,42.435244785437));
#1336 = CARTESIAN_POINT('',(-15.5,34.641016151378));
#1337 = ( GEOMETRIC_REPRESENTATION_CONTEXT(2) 
PARAMETRIC_REPRESENTATION_CONTEXT() REPRESENTATION_CONTEXT('2D SPACE',''
  ) );
#1338 = PCURVE('',#1339,#1344);
#1339 = CYLINDRICAL_SURFACE('',#1340,4.5);
#1340 = AXIS2_PLACEMENT_3D('',#1341,#1342,#1343);
#1341 = CARTESIAN_POINT('',(-20.,34.641016151378,-20.));
#1342 = DIRECTION('',(-0.,-0.,-1.));
#1343 = DIRECTION('',(1.,0.,0.));
#1344 = DEFINITIONAL_REPRESENTATION('',(#1345),#1349);
#1345 = LINE('',#1346,#1347);
#1346 = CARTESIAN_POINT('',(-6.28318530718,-20.));
#1347 = VECTOR('',#1348,1.);
#1348 = DIRECTION('',(1.,-0.));
#1349 = ( GEOMETRIC_REPRESENTATION_CONTEXT(2) 
PARAMETRIC_REPRESENTATION_CONTEXT() REPRESENTATION_CONTEXT('2D SPACE',''
  ) );
#1350 = FACE_BOUND('',#1351,.F.);
#1351 = EDGE_LOOP('',(#1352));
#1352 = ORIENTED_EDGE('',*,*,#1353,.T.);
#1353 = EDGE_CURVE('',#1354,#1354,#1356,.T.);
#1354 = VERTEX_POINT('',#1355);
#1355 = CARTESIAN_POINT('',(20.977669529664,17.677669529664,0.));
#1356 = SURFACE_CURVE('',#1357,(#1362,#1373),.PCURVE_S1.);
#1357 = CIRCLE('',#1358,3.3);
#1358 = AXIS2_PLACEMENT_3D('',#1359,#1360,#1361);
#1359 = CARTESIAN_POINT('',(17.677669529664,17.677669529664,0.));
#1360 = DIRECTION('',(0.,0.,-1.));
#1361 = DIRECTION('',(1.,0.,0.));
#1362 = PCURVE('',#936,#1363);
#1363 = DEFINITIONAL_REPRESENTATION('',(#1364),#1372);
#1364 = ( BOUNDED_CURVE() B_SPLINE_CURVE(2,(#1365,#1366,#1367,#1368,
#1369,#1370,#1371),.UNSPECIFIED.,.T.,.F.) B_SPLINE_CURVE_WITH_KNOTS((1,2
    ,2,2,2,1),(-2.094395102393,0.,2.094395102393,4.188790204786,
6.28318530718,8.377580409573),.UNSPECIFIED.) CURVE() 
GEOMETRIC_REPRESENTATION_ITEM() RATIONAL_B_SPLINE_CURVE((1.,0.5,1.,0.5,
1.,0.5,1.)) REPRESENTATION_ITEM('') );
#1365 = CARTESIAN_POINT('',(20.977669529664,17.677669529664));
#1366 = CARTESIAN_POINT('',(20.977669529664,11.961901864686));
#1367 = CARTESIAN_POINT('',(16.027669529664,14.819785697175));
#1368 = CARTESIAN_POINT('',(11.077669529664,17.677669529664));
#1369 = CARTESIAN_POINT('',(16.027669529664,20.535553362152));
#1370 = CARTESIAN_POINT('',(20.977669529664,23.393437194641));
#1371 = CARTESIAN_POINT('',(20.977669529664,17.677669529664));
#1372 = ( GEOMETRIC_REPRESENTATION_CONTEXT(2) 
PARAMETRIC_REPRESENTATION_CONTEXT() REPRESENTATION_CONTEXT('2D SPACE',''
  ) );
#1373 = PCURVE('',#1374,#1379);
#1374 = CYLINDRICAL_SURFACE('',#1375,3.3);
#1375 = AXIS2_PLACEMENT_3D('',#1376,#1377,#1378);
#1376 = CARTESIAN_POINT('',(17.677669529664,17.677669529664,-20.));
#1377 = DIRECTION('',(-0.,-0.,-1.));
#1378 = DIRECTION('',(1.,0.,0.));
#1379 = DEFINITIONAL_REPRESENTATION('',(#1380),#1384);
#1380 = LINE('',#1381,#1382);
#1381 = CARTESIAN_POINT('',(-6.28318530718,-20.));
#1382 = VECTOR('',#1383,1.);
#1383 = DIRECTION('',(1.,-0.));
#1384 = ( GEOMETRIC_REPRESENTATION_CONTEXT(2) 
PARAMETRIC_REPRESENTATION_CONTEXT() REPRESENTATION_CONTEXT('2D SPACE',''
  ) );
#1385 = FACE_BOUND('',#1386,.F.);
#1386 = EDGE_LOOP('',(#1387,#1415,#1448,#1474));
#1387 = ORIENTED_EDGE('',*,*,#1388,.F.);
#1388 = EDGE_CURVE('',#1389,#1391,#1393,.T.);
#1389 = VERTEX_POINT('',#1390);
#1390 = CARTESIAN_POINT('',(-3.1,26.4,0.));
#1391 = VERTEX_POINT('',#1392);
#1392 = CARTESIAN_POINT('',(-3.1,23.6,0.));
#1393 = SURFACE_CURVE('',#1394,(#1398,#1404),.PCURVE_S1.);
#1394 = LINE('',#1395,#1396);
#1395 = CARTESIAN_POINT('',(-3.1,11.8,0.));
#1396 = VECTOR('',#1397,1.);
#1397 = DIRECTION('',(-1.110223024625E-16,-1.,0.));
#1398 = PCURVE('',#936,#1399);
#1399 = DEFINITIONAL_REPRESENTATION('',(#1400),#1403);
#1400 = B_SPLINE_CURVE_WITH_KNOTS('',1,(#1401,#1402),.UNSPECIFIED.,.F.,
  .F.,(2,2),(-14.6,-11.8),.PIECEWISE_BEZIER_KNOTS.);
#1401 = CARTESIAN_POINT('',(-3.1,26.4));
#1402 = CARTESIAN_POINT('',(-3.1,23.6));
#1403 = ( GEOMETRIC_REPRESENTATION_CONTEXT(2) 
PARAMETRIC_REPRESENTATION_CONTEXT() REPRESENTATION_CONTEXT('2D SPACE',''
  ) );
#1404 = PCURVE('',#1405,#1410);
#1405 = PLANE('',#1406);
#1406 = AXIS2_PLACEMENT_3D('',#1407,#1408,#1409);
#1407 = CARTESIAN_POINT('',(-3.1,23.6,-20.));
#1408 = DIRECTION('',(-1.,1.110223024625E-16,0.));
#1409 = DIRECTION('',(1.110223024625E-16,1.,0.));
#1410 = DEFINITIONAL_REPRESENTATION('',(#1411),#1414);
#1411 = B_SPLINE_CURVE_WITH_KNOTS('',1,(#1412,#1413),.UNSPECIFIED.,.F.,
  .F.,(2,2),(-14.6,-11.8),.PIECEWISE_BEZIER_KNOTS.);
#1412 = CARTESIAN_POINT('',(2.8,-20.));
#1413 = CARTESIAN_POINT('',(0.,-20.));
#1414 = ( GEOMETRIC_REPRESENTATION_CONTEXT(2) 
PARAMETRIC_REPRESENTATION_CONTEXT() REPRESENTATION_CONTEXT('2D SPACE',''
  ) );
#1415 = ORIENTED_EDGE('',*,*,#1416,.T.);
#1416 = EDGE_CURVE('',#1389,#1417,#1419,.T.);
#1417 = VERTEX_POINT('',#1418);
#1418 = CARTESIAN_POINT('',(3.1,26.4,0.));
#1419 = SURFACE_CURVE('',#1420,(#1425,#1436),.PCURVE_S1.);
#1420 = CIRCLE('',#1421,3.1);
#1421 = AXIS2_PLACEMENT_3D('',#1422,#1423,#1424);
#1422 = CARTESIAN_POINT('',(1.964931133798E-15,26.4,0.));
#1423 = DIRECTION('',(-0.,0.,-1.));
#1424 = DIRECTION('',(-1.,-3.223228136009E-17,0.));
#1425 = PCURVE('',#936,#1426);
#1426 = DEFINITIONAL_REPRESENTATION('',(#1427),#1435);
#1427 = ( BOUNDED_CURVE() B_SPLINE_CURVE(2,(#1428,#1429,#1430,#1431,
#1432,#1433,#1434),.UNSPECIFIED.,.T.,.F.) B_SPLINE_CURVE_WITH_KNOTS((1,2
    ,2,2,2,1),(-2.094395102393,0.,2.094395102393,4.188790204786,
6.28318530718,8.377580409573),.UNSPECIFIED.) CURVE() 
GEOMETRIC_REPRESENTATION_ITEM() RATIONAL_B_SPLINE_CURVE((1.,0.5,1.,0.5,
1.,0.5,1.)) REPRESENTATION_ITEM('') );
#1428 = CARTESIAN_POINT('',(-3.1,26.4));
#1429 = CARTESIAN_POINT('',(-3.1,31.769357503464));
#1430 = CARTESIAN_POINT('',(1.55,29.084678751732));
#1431 = CARTESIAN_POINT('',(6.2,26.4));
#1432 = CARTESIAN_POINT('',(1.55,23.715321248268));
#1433 = CARTESIAN_POINT('',(-3.1,21.030642496536));
#1434 = CARTESIAN_POINT('',(-3.1,26.4));
#1435 = ( GEOMETRIC_REPRESENTATION_CONTEXT(2) 
PARAMETRIC_REPRESENTATION_CONTEXT() REPRESENTATION_CONTEXT('2D SPACE',''
  ) );
#1436 = PCURVE('',#1437,#1442);
#1437 = CYLINDRICAL_SURFACE('',#1438,3.1);
#1438 = AXIS2_PLACEMENT_3D('',#1439,#1440,#1441);
#1439 = CARTESIAN_POINT('',(1.964931133798E-15,26.4,-20.));
#1440 = DIRECTION('',(-0.,0.,-1.));
#1441 = DIRECTION('',(-1.,-3.223228136009E-17,0.));
#1442 = DEFINITIONAL_REPRESENTATION('',(#1443),#1447);
#1443 = LINE('',#1444,#1445);
#1444 = CARTESIAN_POINT('',(0.,-20.));
#1445 = VECTOR('',#1446,1.);
#1446 = DIRECTION('',(1.,0.));
#1447 = ( GEOMETRIC_REPRESENTATION_CONTEXT(2) 
PARAMETRIC_REPRESENTATION_CONTEXT() REPRESENTATION_CONTEXT('2D SPACE',''
  ) );
#1448 = ORIENTED_EDGE('',*,*,#1449,.F.);
#1449 = EDGE_CURVE('',#1450,#1417,#1452,.T.);
#1450 = VERTEX_POINT('',#1451);
#1451 = CARTESIAN_POINT('',(3.1,23.6,0.));
#1452 = SURFACE_CURVE('',#1453,(#1457,#1463),.PCURVE_S1.);
#1453 = LINE('',#1454,#1455);
#1454 = CARTESIAN_POINT('',(3.1,13.2,0.));
#1455 = VECTOR('',#1456,1.);
#1456 = DIRECTION('',(1.110223024625E-16,1.,-0.));
#1457 = PCURVE('',#936,#1458);
#1458 = DEFINITIONAL_REPRESENTATION('',(#1459),#1462);
#1459 = B_SPLINE_CURVE_WITH_KNOTS('',1,(#1460,#1461),.UNSPECIFIED.,.F.,
  .F.,(2,2),(10.4,13.2),.PIECEWISE_BEZIER_KNOTS.);
#1460 = CARTESIAN_POINT('',(3.1,23.6));
#1461 = CARTESIAN_POINT('',(3.1,26.4));
#1462 = ( GEOMETRIC_REPRESENTATION_CONTEXT(2) 
PARAMETRIC_REPRESENTATION_CONTEXT() REPRESENTATION_CONTEXT('2D SPACE',''
  ) );
#1463 = PCURVE('',#1464,#1469);
#1464 = PLANE('',#1465);
#1465 = AXIS2_PLACEMENT_3D('',#1466,#1467,#1468);
#1466 = CARTESIAN_POINT('',(3.1,26.4,-20.));
#1467 = DIRECTION('',(1.,-1.110223024625E-16,0.));
#1468 = DIRECTION('',(-1.110223024625E-16,-1.,0.));
#1469 = DEFINITIONAL_REPRESENTATION('',(#1470),#1473);
#1470 = B_SPLINE_CURVE_WITH_KNOTS('',1,(#1471,#1472),.UNSPECIFIED.,.F.,
  .F.,(2,2),(10.4,13.2),.PIECEWISE_BEZIER_KNOTS.);
#1471 = CARTESIAN_POINT('',(2.8,-20.));
#1472 = CARTESIAN_POINT('',(0.,-20.));
#1473 = ( GEOMETRIC_REPRESENTATION_CONTEXT(2) 
PARAMETRIC_REPRESENTATION_CONTEXT() REPRESENTATION_CONTEXT('2D SPACE',''
  ) );
#1474 = ORIENTED_EDGE('',*,*,#1475,.T.);
#1475 = EDGE_CURVE('',#1450,#1391,#1476,.T.);
#1476 = SURFACE_CURVE('',#1477,(#1482,#1493),.PCURVE_S1.);
#1477 = CIRCLE('',#1478,3.1);
#1478 = AXIS2_PLACEMENT_3D('',#1479,#1480,#1481);
#1479 = CARTESIAN_POINT('',(1.09668586407E-15,23.6,0.));
#1480 = DIRECTION('',(0.,0.,-1.));
#1481 = DIRECTION('',(1.,3.223228136009E-17,0.));
#1482 = PCURVE('',#936,#1483);
#1483 = DEFINITIONAL_REPRESENTATION('',(#1484),#1492);
#1484 = ( BOUNDED_CURVE() B_SPLINE_CURVE(2,(#1485,#1486,#1487,#1488,
#1489,#1490,#1491),.UNSPECIFIED.,.T.,.F.) B_SPLINE_CURVE_WITH_KNOTS((1,2
    ,2,2,2,1),(-2.094395102393,0.,2.094395102393,4.188790204786,
6.28318530718,8.377580409573),.UNSPECIFIED.) CURVE() 
GEOMETRIC_REPRESENTATION_ITEM() RATIONAL_B_SPLINE_CURVE((1.,0.5,1.,0.5,
1.,0.5,1.)) REPRESENTATION_ITEM('') );
#1485 = CARTESIAN_POINT('',(3.1,23.6));
#1486 = CARTESIAN_POINT('',(3.1,18.230642496536));
#1487 = CARTESIAN_POINT('',(-1.55,20.915321248268));
#1488 = CARTESIAN_POINT('',(-6.2,23.6));
#1489 = CARTESIAN_POINT('',(-1.55,26.284678751732));
#1490 = CARTESIAN_POINT('',(3.1,28.969357503464));
#1491 = CARTESIAN_POINT('',(3.1,23.6));
#1492 = ( GEOMETRIC_REPRESENTATION_CONTEXT(2) 
PARAMETRIC_REPRESENTATION_CONTEXT() REPRESENTATION_CONTEXT('2D SPACE',''
  ) );
#1493 = PCURVE('',#1494,#1499);
#1494 = CYLINDRICAL_SURFACE('',#1495,3.1);
#1495 = AXIS2_PLACEMENT_3D('',#1496,#1497,#1498);
#1496 = CARTESIAN_POINT('',(1.09668586407E-15,23.6,-20.));
#1497 = DIRECTION('',(0.,0.,-1.));
#1498 = DIRECTION('',(1.,3.223228136009E-17,0.));
#1499 = DEFINITIONAL_REPRESENTATION('',(#1500),#1504);
#1500 = LINE('',#1501,#1502);
#1501 = CARTESIAN_POINT('',(0.,-20.));
#1502 = VECTOR('',#1503,1.);
#1503 = DIRECTION('',(1.,0.));
#1504 = ( GEOMETRIC_REPRESENTATION_CONTEXT(2) 
PARAMETRIC_REPRESENTATION_CONTEXT() REPRESENTATION_CONTEXT('2D SPACE',''
  ) );
#1505 = FACE_BOUND('',#1506,.F.);
#1506 = EDGE_LOOP('',(#1507));
#1507 = ORIENTED_EDGE('',*,*,#1508,.T.);
#1508 = EDGE_CURVE('',#1509,#1509,#1511,.T.);
#1509 = VERTEX_POINT('',#1510);
#1510 = CARTESIAN_POINT('',(24.5,34.641016151378,0.));
#1511 = SURFACE_CURVE('',#1512,(#1517,#1528),.PCURVE_S1.);
#1512 = CIRCLE('',#1513,4.5);
#1513 = AXIS2_PLACEMENT_3D('',#1514,#1515,#1516);
#1514 = CARTESIAN_POINT('',(20.,34.641016151378,0.));
#1515 = DIRECTION('',(0.,0.,-1.));
#1516 = DIRECTION('',(1.,0.,0.));
#1517 = PCURVE('',#936,#1518);
#1518 = DEFINITIONAL_REPRESENTATION('',(#1519),#1527);
#1519 = ( BOUNDED_CURVE() B_SPLINE_CURVE(2,(#1520,#1521,#1522,#1523,
#1524,#1525,#1526),.UNSPECIFIED.,.T.,.F.) B_SPLINE_CURVE_WITH_KNOTS((1,2
    ,2,2,2,1),(-2.094395102393,0.,2.094395102393,4.188790204786,
6.28318530718,8.377580409573),.UNSPECIFIED.) CURVE() 
GEOMETRIC_REPRESENTATION_ITEM() RATIONAL_B_SPLINE_CURVE((1.,0.5,1.,0.5,
1.,0.5,1.)) REPRESENTATION_ITEM('') );
#1520 = CARTESIAN_POINT('',(24.5,34.641016151378));
#1521 = CARTESIAN_POINT('',(24.5,26.846787517318));
#1522 = CARTESIAN_POINT('',(17.75,30.743901834348));
#1523 = CARTESIAN_POINT('',(11.,34.641016151378));
#1524 = CARTESIAN_POINT('',(17.75,38.538130468408));
#1525 = CARTESIAN_POINT('',(24.5,42.435244785437));
#1526 = CARTESIAN_POINT('',(24.5,34.641016151378));
#1527 = ( GEOMETRIC_REPRESENTATION_CONTEXT(2) 
PARAMETRIC_REPRESENTATION_CONTEXT() REPRESENTATION_CONTEXT('2D SPACE',''
  ) );
#1528 = PCURVE('',#1529,#1534);
#1529 = CYLINDRICAL_SURFACE('',#1530,4.5);
#1530 = AXIS2_PLACEMENT_3D('',#1531,#1532,#1533);
#1531 = CARTESIAN_POINT('',(20.,34.641016151378,-20.));
#1532 = DIRECTION('',(-0.,-0.,-1.));
#1533 = DIRECTION('',(1.,0.,0.));
#1534 = DEFINITIONAL_REPRESENTATION('',(#1535),#1539);
#1535 = LINE('',#1536,#1537);
#1536 = CARTESIAN_POINT('',(-6.28318530718,-20.));
#1537 = VECTOR('',#1538,1.);
#1538 = DIRECTION('',(1.,-0.));
#1539 = ( GEOMETRIC_REPRESENTATION_CONTEXT(2) 
PARAMETRIC_REPRESENTATION_CONTEXT() REPRESENTATION_CONTEXT('2D SPACE',''
  ) );
#1540 = FACE_BOUND('',#1541,.F.);
#1541 = EDGE_LOOP('',(#1542,#1570,#1603,#1629));
#1542 = ORIENTED_EDGE('',*,*,#1543,.F.);
#1543 = EDGE_CURVE('',#1544,#1546,#1548,.T.);
#1544 = VERTEX_POINT('',#1545);
#1545 = CARTESIAN_POINT('',(-4.1,41.4,0.));
#1546 = VERTEX_POINT('',#1547);
#1547 = CARTESIAN_POINT('',(-4.1,38.6,0.));
#1548 = SURFACE_CURVE('',#1549,(#1553,#1559),.PCURVE_S1.);
#1549 = LINE('',#1550,#1551);
#1550 = CARTESIAN_POINT('',(-4.1,19.3,0.));
#1551 = VECTOR('',#1552,1.);
#1552 = DIRECTION('',(-1.110223024625E-16,-1.,0.));
#1553 = PCURVE('',#936,#1554);
#1554 = DEFINITIONAL_REPRESENTATION('',(#1555),#1558);
#1555 = B_SPLINE_CURVE_WITH_KNOTS('',1,(#1556,#1557),.UNSPECIFIED.,.F.,
  .F.,(2,2),(-22.1,-19.3),.PIECEWISE_BEZIER_KNOTS.);
#1556 = CARTESIAN_POINT('',(-4.1,41.4));
#1557 = CARTESIAN_POINT('',(-4.1,38.6));
#1558 = ( GEOMETRIC_REPRESENTATION_CONTEXT(2) 
PARAMETRIC_REPRESENTATION_CONTEXT() REPRESENTATION_CONTEXT('2D SPACE',''
  ) );
#1559 = PCURVE('',#1560,#1565);
#1560 = PLANE('',#1561);
#1561 = AXIS2_PLACEMENT_3D('',#1562,#1563,#1564);
#1562 = CARTESIAN_POINT('',(-4.1,38.6,-20.));
#1563 = DIRECTION('',(-1.,1.110223024625E-16,0.));
#1564 = DIRECTION('',(1.110223024625E-16,1.,0.));
#1565 = DEFINITIONAL_REPRESENTATION('',(#1566),#1569);
#1566 = B_SPLINE_CURVE_WITH_KNOTS('',1,(#1567,#1568),.UNSPECIFIED.,.F.,
  .F.,(2,2),(-22.1,-19.3),.PIECEWISE_BEZIER_KNOTS.);
#1567 = CARTESIAN_POINT('',(2.8,-20.));
#1568 = CARTESIAN_POINT('',(0.,-20.));
#1569 = ( GEOMETRIC_REPRESENTATION_CONTEXT(2) 
PARAMETRIC_REPRESENTATION_CONTEXT() REPRESENTATION_CONTEXT('2D SPACE',''
  ) );
#1570 = ORIENTED_EDGE('',*,*,#1571,.T.);
#1571 = EDGE_CURVE('',#1544,#1572,#1574,.T.);
#1572 = VERTEX_POINT('',#1573);
#1573 = CARTESIAN_POINT('',(4.1,41.4,0.));
#1574 = SURFACE_CURVE('',#1575,(#1580,#1591),.PCURVE_S1.);
#1575 = CIRCLE('',#1576,4.1);
#1576 = AXIS2_PLACEMENT_3D('',#1577,#1578,#1579);
#1577 = CARTESIAN_POINT('',(2.922668544626E-15,41.4,0.));
#1578 = DIRECTION('',(0.,0.,-1.));
#1579 = DIRECTION('',(-1.,1.110223024625E-16,0.));
#1580 = PCURVE('',#936,#1581);
#1581 = DEFINITIONAL_REPRESENTATION('',(#1582),#1590);
#1582 = ( BOUNDED_CURVE() B_SPLINE_CURVE(2,(#1583,#1584,#1585,#1586,
#1587,#1588,#1589),.UNSPECIFIED.,.T.,.F.) B_SPLINE_CURVE_WITH_KNOTS((1,2
    ,2,2,2,1),(-2.094395102393,0.,2.094395102393,4.188790204786,
6.28318530718,8.377580409573),.UNSPECIFIED.) CURVE() 
GEOMETRIC_REPRESENTATION_ITEM() RATIONAL_B_SPLINE_CURVE((1.,0.5,1.,0.5,
1.,0.5,1.)) REPRESENTATION_ITEM('') );
#1583 = CARTESIAN_POINT('',(-4.1,41.4));
#1584 = CARTESIAN_POINT('',(-4.1,48.501408311032));
#1585 = CARTESIAN_POINT('',(2.05,44.950704155516));
#1586 = CARTESIAN_POINT('',(8.2,41.4));
#1587 = CARTESIAN_POINT('',(2.05,37.849295844484));
#1588 = CARTESIAN_POINT('',(-4.1,34.298591688968));
#1589 = CARTESIAN_POINT('',(-4.1,41.4));
#1590 = ( GEOMETRIC_REPRESENTATION_CONTEXT(2) 
PARAMETRIC_REPRESENTATION_CONTEXT() REPRESENTATION_CONTEXT('2D SPACE',''
  ) );
#1591 = PCURVE('',#1592,#1597);
#1592 = CYLINDRICAL_SURFACE('',#1593,4.1);
#1593 = AXIS2_PLACEMENT_3D('',#1594,#1595,#1596);
#1594 = CARTESIAN_POINT('',(2.922668544626E-15,41.4,-20.));
#1595 = DIRECTION('',(0.,0.,-1.));
#1596 = DIRECTION('',(-1.,1.110223024625E-16,0.));
#1597 = DEFINITIONAL_REPRESENTATION('',(#1598),#1602);
#1598 = LINE('',#1599,#1600);
#1599 = CARTESIAN_POINT('',(0.,-20.));
#1600 = VECTOR('',#1601,1.);
#1601 = DIRECTION('',(1.,0.));
#1602 = ( GEOMETRIC_REPRESENTATION_CONTEXT(2) 
PARAMETRIC_REPRESENTATION_CONTEXT() REPRESENTATION_CONTEXT('2D SPACE',''
  ) );
#1603 = ORIENTED_EDGE('',*,*,#1604,.F.);
#1604 = EDGE_CURVE('',#1605,#1572,#1607,.T.);
#1605 = VERTEX_POINT('',#1606);
#1606 = CARTESIAN_POINT('',(4.1,38.6,0.));
#1607 = SURFACE_CURVE('',#1608,(#1612,#1618),.PCURVE_S1.);
#1608 = LINE('',#1609,#1610);
#1609 = CARTESIAN_POINT('',(4.1,20.7,0.));
#1610 = VECTOR('',#1611,1.);
#1611 = DIRECTION('',(1.110223024625E-16,1.,-0.));
#1612 = PCURVE('',#936,#1613);
#1613 = DEFINITIONAL_REPRESENTATION('',(#1614),#1617);
#1614 = B_SPLINE_CURVE_WITH_KNOTS('',1,(#1615,#1616),.UNSPECIFIED.,.F.,
  .F.,(2,2),(17.9,20.7),.PIECEWISE_BEZIER_KNOTS.);
#1615 = CARTESIAN_POINT('',(4.1,38.6));
#1616 = CARTESIAN_POINT('',(4.1,41.4));
#1617 = ( GEOMETRIC_REPRESENTATION_CONTEXT(2) 
PARAMETRIC_REPRESENTATION_CONTEXT() REPRESENTATION_CONTEXT('2D SPACE',''
  ) );
#1618 = PCURVE('',#1619,#1624);
#1619 = PLANE('',#1620);
#1620 = AXIS2_PLACEMENT_3D('',#1621,#1622,#1623);
#1621 = CARTESIAN_POINT('',(4.1,41.4,-20.));
#1622 = DIRECTION('',(1.,-1.110223024625E-16,0.));
#1623 = DIRECTION('',(-1.110223024625E-16,-1.,0.));
#1624 = DEFINITIONAL_REPRESENTATION('',(#1625),#1628);
#1625 = B_SPLINE_CURVE_WITH_KNOTS('',1,(#1626,#1627),.UNSPECIFIED.,.F.,
  .F.,(2,2),(17.9,20.7),.PIECEWISE_BEZIER_KNOTS.);
#1626 = CARTESIAN_POINT('',(2.8,-20.));
#1627 = CARTESIAN_POINT('',(0.,-20.));
#1628 = ( GEOMETRIC_REPRESENTATION_CONTEXT(2) 
PARAMETRIC_REPRESENTATION_CONTEXT() REPRESENTATION_CONTEXT('2D SPACE',''
  ) );
#1629 = ORIENTED_EDGE('',*,*,#1630,.T.);
#1630 = EDGE_CURVE('',#1605,#1546,#1631,.T.);
#1631 = SURFACE_CURVE('',#1632,(#1637,#1648),.PCURVE_S1.);
#1632 = CIRCLE('',#1633,4.1);
#1633 = AXIS2_PLACEMENT_3D('',#1634,#1635,#1636);
#1634 = CARTESIAN_POINT('',(1.975918651964E-15,38.6,0.));
#1635 = DIRECTION('',(0.,-0.,-1.));
#1636 = DIRECTION('',(1.,-1.110223024625E-16,0.));
#1637 = PCURVE('',#936,#1638);
#1638 = DEFINITIONAL_REPRESENTATION('',(#1639),#1647);
#1639 = ( BOUNDED_CURVE() B_SPLINE_CURVE(2,(#1640,#1641,#1642,#1643,
#1644,#1645,#1646),.UNSPECIFIED.,.T.,.F.) B_SPLINE_CURVE_WITH_KNOTS((1,2
    ,2,2,2,1),(-2.094395102393,0.,2.094395102393,4.188790204786,
6.28318530718,8.377580409573),.UNSPECIFIED.) CURVE() 
GEOMETRIC_REPRESENTATION_ITEM() RATIONAL_B_SPLINE_CURVE((1.,0.5,1.,0.5,
1.,0.5,1.)) REPRESENTATION_ITEM('') );
#1640 = CARTESIAN_POINT('',(4.1,38.6));
#1641 = CARTESIAN_POINT('',(4.1,31.498591688968));
#1642 = CARTESIAN_POINT('',(-2.05,35.049295844484));
#1643 = CARTESIAN_POINT('',(-8.2,38.6));
#1644 = CARTESIAN_POINT('',(-2.05,42.150704155516));
#1645 = CARTESIAN_POINT('',(4.1,45.701408311032));
#1646 = CARTESIAN_POINT('',(4.1,38.6));
#1647 = ( GEOMETRIC_REPRESENTATION_CONTEXT(2) 
PARAMETRIC_REPRESENTATION_CONTEXT() REPRESENTATION_CONTEXT('2D SPACE',''
  ) );
#1648 = PCURVE('',#1649,#1654);
#1649 = CYLINDRICAL_SURFACE('',#1650,4.1);
#1650 = AXIS2_PLACEMENT_3D('',#1651,#1652,#1653);
#1651 = CARTESIAN_POINT('',(1.975918651964E-15,38.6,-20.));
#1652 = DIRECTION('',(0.,-0.,-1.));
#1653 = DIRECTION('',(1.,-1.110223024625E-16,0.));
#1654 = DEFINITIONAL_REPRESENTATION('',(#1655),#1659);
#1655 = LINE('',#1656,#1657);
#1656 = CARTESIAN_POINT('',(0.,-20.));
#1657 = VECTOR('',#1658,1.);
#1658 = DIRECTION('',(1.,0.));
#1659 = ( GEOMETRIC_REPRESENTATION_CONTEXT(2) 
PARAMETRIC_REPRESENTATION_CONTEXT() REPRESENTATION_CONTEXT('2D SPACE',''
  ) );
#1660 = ADVANCED_FACE('',(#1661),#948,.T.);
#1661 = FACE_BOUND('',#1662,.F.);
#1662 = EDGE_LOOP('',(#1663,#1685,#1714,#1734));
#1663 = ORIENTED_EDGE('',*,*,#1664,.F.);
#1664 = EDGE_CURVE('',#1665,#925,#1667,.T.);
#1665 = VERTEX_POINT('',#1666);
#1666 = CARTESIAN_POINT('',(37.563279941986,33.,7.));
#1667 = SURFACE_CURVE('',#1668,(#1672,#1678),.PCURVE_S1.);
#1668 = LINE('',#1669,#1670);
#1669 = CARTESIAN_POINT('',(37.563279941986,33.,0.));
#1670 = VECTOR('',#1671,1.);
#1671 = DIRECTION('',(-0.,-0.,-1.));
#1672 = PCURVE('',#948,#1673);
#1673 = DEFINITIONAL_REPRESENTATION('',(#1674),#1677);
#1674 = B_SPLINE_CURVE_WITH_KNOTS('',1,(#1675,#1676),.UNSPECIFIED.,.F.,
  .F.,(2,2),(-7.0000006,6.E-07),.PIECEWISE_BEZIER_KNOTS.);
#1675 = CARTESIAN_POINT('',(-0.72081876087,-7.0000006));
#1676 = CARTESIAN_POINT('',(-0.72081876087,6.E-07));
#1677 = ( GEOMETRIC_REPRESENTATION_CONTEXT(2) 
PARAMETRIC_REPRESENTATION_CONTEXT() REPRESENTATION_CONTEXT('2D SPACE',''
  ) );
#1678 = PCURVE('',#1028,#1679);
#1679 = DEFINITIONAL_REPRESENTATION('',(#1680),#1684);
#1680 = LINE('',#1681,#1682);
#1681 = CARTESIAN_POINT('',(21.436720058014,0.));
#1682 = VECTOR('',#1683,1.);
#1683 = DIRECTION('',(0.,1.));
#1684 = ( GEOMETRIC_REPRESENTATION_CONTEXT(2) 
PARAMETRIC_REPRESENTATION_CONTEXT() REPRESENTATION_CONTEXT('2D SPACE',''
  ) );
#1685 = ORIENTED_EDGE('',*,*,#1686,.T.);
#1686 = EDGE_CURVE('',#1665,#1687,#1689,.T.);
#1687 = VERTEX_POINT('',#1688);
#1688 = CARTESIAN_POINT('',(37.563279941986,-33.,7.));
#1689 = SURFACE_CURVE('',#1690,(#1695,#1702),.PCURVE_S1.);
#1690 = CIRCLE('',#1691,50.);
#1691 = AXIS2_PLACEMENT_3D('',#1692,#1693,#1694);
#1692 = CARTESIAN_POINT('',(0.,0.,7.));
#1693 = DIRECTION('',(0.,0.,1.));
#1694 = DIRECTION('',(1.,0.,-0.));
#1695 = PCURVE('',#948,#1696);
#1696 = DEFINITIONAL_REPRESENTATION('',(#1697),#1701);
#1697 = LINE('',#1698,#1699);
#1698 = CARTESIAN_POINT('',(-0.,-7.));
#1699 = VECTOR('',#1700,1.);
#1700 = DIRECTION('',(-1.,0.));
#1701 = ( GEOMETRIC_REPRESENTATION_CONTEXT(2) 
PARAMETRIC_REPRESENTATION_CONTEXT() REPRESENTATION_CONTEXT('2D SPACE',''
  ) );
#1702 = PCURVE('',#1703,#1708);
#1703 = CONICAL_SURFACE('',#1704,50.,0.785398163397);
#1704 = AXIS2_PLACEMENT_3D('',#1705,#1706,#1707);
#1705 = CARTESIAN_POINT('',(0.,0.,7.));
#1706 = DIRECTION('',(-0.,-0.,-1.));
#1707 = DIRECTION('',(1.,0.,0.));
#1708 = DEFINITIONAL_REPRESENTATION('',(#1709),#1713);
#1709 = LINE('',#1710,#1711);
#1710 = CARTESIAN_POINT('',(-0.,-0.));
#1711 = VECTOR('',#1712,1.);
#1712 = DIRECTION('',(-1.,-0.));
#1713 = ( GEOMETRIC_REPRESENTATION_CONTEXT(2) 
PARAMETRIC_REPRESENTATION_CONTEXT() REPRESENTATION_CONTEXT('2D SPACE',''
  ) );
#1714 = ORIENTED_EDGE('',*,*,#1715,.T.);
#1715 = EDGE_CURVE('',#1687,#927,#1716,.T.);
#1716 = SURFACE_CURVE('',#1717,(#1721,#1727),.PCURVE_S1.);
#1717 = LINE('',#1718,#1719);
#1718 = CARTESIAN_POINT('',(37.563279941986,-33.,0.));
#1719 = VECTOR('',#1720,1.);
#1720 = DIRECTION('',(-0.,-0.,-1.));
#1721 = PCURVE('',#948,#1722);
#1722 = DEFINITIONAL_REPRESENTATION('',(#1723),#1726);
#1723 = B_SPLINE_CURVE_WITH_KNOTS('',1,(#1724,#1725),.UNSPECIFIED.,.F.,
  .F.,(2,2),(-7.0000006,6.E-07),.PIECEWISE_BEZIER_KNOTS.);
#1724 = CARTESIAN_POINT('',(-5.562366546309,-7.0000006));
#1725 = CARTESIAN_POINT('',(-5.562366546309,6.E-07));
#1726 = ( GEOMETRIC_REPRESENTATION_CONTEXT(2) 
PARAMETRIC_REPRESENTATION_CONTEXT() REPRESENTATION_CONTEXT('2D SPACE',''
  ) );
#1727 = PCURVE('',#976,#1728);
#1728 = DEFINITIONAL_REPRESENTATION('',(#1729),#1733);
#1729 = LINE('',#1730,#1731);
#1730 = CARTESIAN_POINT('',(7.563279941986,0.));
#1731 = VECTOR('',#1732,1.);
#1732 = DIRECTION('',(0.,1.));
#1733 = ( GEOMETRIC_REPRESENTATION_CONTEXT(2) 
PARAMETRIC_REPRESENTATION_CONTEXT() REPRESENTATION_CONTEXT('2D SPACE',''
  ) );
#1734 = ORIENTED_EDGE('',*,*,#924,.F.);
#1735 = ADVANCED_FACE('',(#1736),#1028,.F.);
#1736 = FACE_BOUND('',#1737,.F.);
#1737 = EDGE_LOOP('',(#1738,#1739,#1762,#1790,#1818,#1846,#1871));
#1738 = ORIENTED_EDGE('',*,*,#1014,.F.);
#1739 = ORIENTED_EDGE('',*,*,#1740,.F.);
#1740 = EDGE_CURVE('',#1741,#989,#1743,.T.);
#1741 = VERTEX_POINT('',#1742);
#1742 = CARTESIAN_POINT('',(53.,33.,-13.05));
#1743 = SURFACE_CURVE('',#1744,(#1748,#1755),.PCURVE_S1.);
#1744 = LINE('',#1745,#1746);
#1745 = CARTESIAN_POINT('',(53.,33.,-19.05));
#1746 = VECTOR('',#1747,1.);
#1747 = DIRECTION('',(0.,0.,1.));
#1748 = PCURVE('',#1028,#1749);
#1749 = DEFINITIONAL_REPRESENTATION('',(#1750),#1754);
#1750 = LINE('',#1751,#1752);
#1751 = CARTESIAN_POINT('',(6.,19.05));
#1752 = VECTOR('',#1753,1.);
#1753 = DIRECTION('',(0.,-1.));
#1754 = ( GEOMETRIC_REPRESENTATION_CONTEXT(2) 
PARAMETRIC_REPRESENTATION_CONTEXT() REPRESENTATION_CONTEXT('2D SPACE',''
  ) );
#1755 = PCURVE('',#1003,#1756);
#1756 = DEFINITIONAL_REPRESENTATION('',(#1757),#1761);
#1757 = LINE('',#1758,#1759);
#1758 = CARTESIAN_POINT('',(0.,0.));
#1759 = VECTOR('',#1760,1.);
#1760 = DIRECTION('',(0.,-1.));
#1761 = ( GEOMETRIC_REPRESENTATION_CONTEXT(2) 
PARAMETRIC_REPRESENTATION_CONTEXT() REPRESENTATION_CONTEXT('2D SPACE',''
  ) );
#1762 = ORIENTED_EDGE('',*,*,#1763,.F.);
#1763 = EDGE_CURVE('',#1764,#1741,#1766,.T.);
#1764 = VERTEX_POINT('',#1765);
#1765 = CARTESIAN_POINT('',(59.,33.,-13.05));
#1766 = SURFACE_CURVE('',#1767,(#1771,#1778),.PCURVE_S1.);
#1767 = LINE('',#1768,#1769);
#1768 = CARTESIAN_POINT('',(59.,33.,-13.05));
#1769 = VECTOR('',#1770,1.);
#1770 = DIRECTION('',(-1.,0.,0.));
#1771 = PCURVE('',#1028,#1772);
#1772 = DEFINITIONAL_REPRESENTATION('',(#1773),#1777);
#1773 = LINE('',#1774,#1775);
#1774 = CARTESIAN_POINT('',(0.,13.05));
#1775 = VECTOR('',#1776,1.);
#1776 = DIRECTION('',(1.,0.));
#1777 = ( GEOMETRIC_REPRESENTATION_CONTEXT(2) 
PARAMETRIC_REPRESENTATION_CONTEXT() REPRESENTATION_CONTEXT('2D SPACE',''
  ) );
#1778 = PCURVE('',#1779,#1784);
#1779 = CYLINDRICAL_SURFACE('',#1780,6.);
#1780 = AXIS2_PLACEMENT_3D('',#1781,#1782,#1783);
#1781 = CARTESIAN_POINT('',(59.,27.,-13.05));
#1782 = DIRECTION('',(-1.,0.,0.));
#1783 = DIRECTION('',(0.,1.,-0.));
#1784 = DEFINITIONAL_REPRESENTATION('',(#1785),#1789);
#1785 = LINE('',#1786,#1787);
#1786 = CARTESIAN_POINT('',(0.,0.));
#1787 = VECTOR('',#1788,1.);
#1788 = DIRECTION('',(0.,1.));
#1789 = ( GEOMETRIC_REPRESENTATION_CONTEXT(2) 
PARAMETRIC_REPRESENTATION_CONTEXT() REPRESENTATION_CONTEXT('2D SPACE',''
  ) );
#1790 = ORIENTED_EDGE('',*,*,#1791,.T.);
#1791 = EDGE_CURVE('',#1764,#1792,#1794,.T.);
#1792 = VERTEX_POINT('',#1793);
#1793 = CARTESIAN_POINT('',(59.,33.,8.));
#1794 = SURFACE_CURVE('',#1795,(#1799,#1806),.PCURVE_S1.);
#1795 = LINE('',#1796,#1797);
#1796 = CARTESIAN_POINT('',(59.,33.,-19.05));
#1797 = VECTOR('',#1798,1.);
#1798 = DIRECTION('',(0.,0.,1.));
#1799 = PCURVE('',#1028,#1800);
#1800 = DEFINITIONAL_REPRESENTATION('',(#1801),#1805);
#1801 = LINE('',#1802,#1803);
#1802 = CARTESIAN_POINT('',(0.,19.05));
#1803 = VECTOR('',#1804,1.);
#1804 = DIRECTION('',(0.,-1.));
#1805 = ( GEOMETRIC_REPRESENTATION_CONTEXT(2) 
PARAMETRIC_REPRESENTATION_CONTEXT() REPRESENTATION_CONTEXT('2D SPACE',''
  ) );
#1806 = PCURVE('',#1807,#1812);
#1807 = PLANE('',#1808);
#1808 = AXIS2_PLACEMENT_3D('',#1809,#1810,#1811);
#1809 = CARTESIAN_POINT('',(59.,-33.,-19.05));
#1810 = DIRECTION('',(-1.,0.,0.));
#1811 = DIRECTION('',(0.,1.,0.));
#1812 = DEFINITIONAL_REPRESENTATION('',(#1813),#1817);
#1813 = LINE('',#1814,#1815);
#1814 = CARTESIAN_POINT('',(66.,0.));
#1815 = VECTOR('',#1816,1.);
#1816 = DIRECTION('',(0.,-1.));
#1817 = ( GEOMETRIC_REPRESENTATION_CONTEXT(2) 
PARAMETRIC_REPRESENTATION_CONTEXT() REPRESENTATION_CONTEXT('2D SPACE',''
  ) );
#1818 = ORIENTED_EDGE('',*,*,#1819,.F.);
#1819 = EDGE_CURVE('',#1820,#1792,#1822,.T.);
#1820 = VERTEX_POINT('',#1821);
#1821 = CARTESIAN_POINT('',(36.221540552548,33.000000000001,8.));
#1822 = SURFACE_CURVE('',#1823,(#1827,#1834),.PCURVE_S1.);
#1823 = LINE('',#1824,#1825);
#1824 = CARTESIAN_POINT('',(36.221540552548,33.000000000001,8.));
#1825 = VECTOR('',#1826,1.);
#1826 = DIRECTION('',(1.,-4.710237465676E-14,0.));
#1827 = PCURVE('',#1028,#1828);
#1828 = DEFINITIONAL_REPRESENTATION('',(#1829),#1833);
#1829 = LINE('',#1830,#1831);
#1830 = CARTESIAN_POINT('',(22.778459447452,-8.));
#1831 = VECTOR('',#1832,1.);
#1832 = DIRECTION('',(-1.,-0.));
#1833 = ( GEOMETRIC_REPRESENTATION_CONTEXT(2) 
PARAMETRIC_REPRESENTATION_CONTEXT() REPRESENTATION_CONTEXT('2D SPACE',''
  ) );
#1834 = PCURVE('',#1835,#1840);
#1835 = PLANE('',#1836);
#1836 = AXIS2_PLACEMENT_3D('',#1837,#1838,#1839);
#1837 = CARTESIAN_POINT('',(44.5,0.,8.));
#1838 = DIRECTION('',(0.,0.,1.));
#1839 = DIRECTION('',(1.,0.,-0.));
#1840 = DEFINITIONAL_REPRESENTATION('',(#1841),#1845);
#1841 = LINE('',#1842,#1843);
#1842 = CARTESIAN_POINT('',(-8.278459447452,33.000000000001));
#1843 = VECTOR('',#1844,1.);
#1844 = DIRECTION('',(1.,-4.710237465676E-14));
#1845 = ( GEOMETRIC_REPRESENTATION_CONTEXT(2) 
PARAMETRIC_REPRESENTATION_CONTEXT() REPRESENTATION_CONTEXT('2D SPACE',''
  ) );
#1846 = ORIENTED_EDGE('',*,*,#1847,.T.);
#1847 = EDGE_CURVE('',#1820,#1665,#1848,.T.);
#1848 = SURFACE_CURVE('',#1849,(#1854,#1861),.PCURVE_S1.);
#1849 = HYPERBOLA('',#1850,33.,33.);
#1850 = AXIS2_PLACEMENT_3D('',#1851,#1852,#1853);
#1851 = CARTESIAN_POINT('',(0.,33.,57.));
#1852 = DIRECTION('',(0.,-1.,0.));
#1853 = DIRECTION('',(-0.,-0.,-1.));
#1854 = PCURVE('',#1028,#1855);
#1855 = DEFINITIONAL_REPRESENTATION('',(#1856),#1860);
#1856 = HYPERBOLA('',#1857,33.,33.);
#1857 = AXIS2_PLACEMENT_2D('',#1858,#1859);
#1858 = CARTESIAN_POINT('',(59.,-57.));
#1859 = DIRECTION('',(0.,1.));
#1860 = ( GEOMETRIC_REPRESENTATION_CONTEXT(2) 
PARAMETRIC_REPRESENTATION_CONTEXT() REPRESENTATION_CONTEXT('2D SPACE',''
  ) );
#1861 = PCURVE('',#1703,#1862);
#1862 = DEFINITIONAL_REPRESENTATION('',(#1863),#1870);
#1863 = B_SPLINE_CURVE_WITH_KNOTS('',5,(#1864,#1865,#1866,#1867,#1868,
    #1869),.UNSPECIFIED.,.F.,.F.,(6,6),(0.948746663801,0.975854169851),
  .PIECEWISE_BEZIER_KNOTS.);
#1864 = CARTESIAN_POINT('',(-0.738892152895,-1.));
#1865 = CARTESIAN_POINT('',(-0.735240937794,-0.803624874064));
#1866 = CARTESIAN_POINT('',(-0.731608013709,-0.605449446761));
#1867 = CARTESIAN_POINT('',(-0.727993359875,-0.405461693109));
#1868 = CARTESIAN_POINT('',(-0.724396951669,-0.20364936766));
#1869 = CARTESIAN_POINT('',(-0.72081876087,-7.105427357601E-15));
#1870 = ( GEOMETRIC_REPRESENTATION_CONTEXT(2) 
PARAMETRIC_REPRESENTATION_CONTEXT() REPRESENTATION_CONTEXT('2D SPACE',''
  ) );
#1871 = ORIENTED_EDGE('',*,*,#1664,.T.);
#1872 = ADVANCED_FACE('',(#1873),#976,.F.);
#1873 = FACE_BOUND('',#1874,.F.);
#1874 = EDGE_LOOP('',(#1875,#1876,#1877,#1904,#1927,#1950,#1978));
#1875 = ORIENTED_EDGE('',*,*,#960,.F.);
#1876 = ORIENTED_EDGE('',*,*,#1715,.F.);
#1877 = ORIENTED_EDGE('',*,*,#1878,.T.);
#1878 = EDGE_CURVE('',#1687,#1879,#1881,.T.);
#1879 = VERTEX_POINT('',#1880);
#1880 = CARTESIAN_POINT('',(36.221540552548,-33.,8.));
#1881 = SURFACE_CURVE('',#1882,(#1887,#1894),.PCURVE_S1.);
#1882 = HYPERBOLA('',#1883,33.,33.);
#1883 = AXIS2_PLACEMENT_3D('',#1884,#1885,#1886);
#1884 = CARTESIAN_POINT('',(0.,-33.,57.));
#1885 = DIRECTION('',(0.,1.,0.));
#1886 = DIRECTION('',(0.,0.,-1.));
#1887 = PCURVE('',#976,#1888);
#1888 = DEFINITIONAL_REPRESENTATION('',(#1889),#1893);
#1889 = HYPERBOLA('',#1890,33.,33.);
#1890 = AXIS2_PLACEMENT_2D('',#1891,#1892);
#1891 = CARTESIAN_POINT('',(-30.,-57.));
#1892 = DIRECTION('',(0.,1.));
#1893 = ( GEOMETRIC_REPRESENTATION_CONTEXT(2) 
PARAMETRIC_REPRESENTATION_CONTEXT() REPRESENTATION_CONTEXT('2D SPACE',''
  ) );
#1894 = PCURVE('',#1703,#1895);
#1895 = DEFINITIONAL_REPRESENTATION('',(#1896),#1903);
#1896 = B_SPLINE_CURVE_WITH_KNOTS('',5,(#1897,#1898,#1899,#1900,#1901,
    #1902),.UNSPECIFIED.,.F.,.F.,(6,6),(-0.975854169851,-0.948746663801)
  ,.PIECEWISE_BEZIER_KNOTS.);
#1897 = CARTESIAN_POINT('',(-5.562366546309,-1.42108547152E-14));
#1898 = CARTESIAN_POINT('',(-5.558788355511,-0.20364936766));
#1899 = CARTESIAN_POINT('',(-5.555191947305,-0.40546169311));
#1900 = CARTESIAN_POINT('',(-5.55157729347,-0.605449446761));
#1901 = CARTESIAN_POINT('',(-5.547944369386,-0.803624874064));
#1902 = CARTESIAN_POINT('',(-5.544293154285,-1.));
#1903 = ( GEOMETRIC_REPRESENTATION_CONTEXT(2) 
PARAMETRIC_REPRESENTATION_CONTEXT() REPRESENTATION_CONTEXT('2D SPACE',''
  ) );
#1904 = ORIENTED_EDGE('',*,*,#1905,.F.);
#1905 = EDGE_CURVE('',#1906,#1879,#1908,.T.);
#1906 = VERTEX_POINT('',#1907);
#1907 = CARTESIAN_POINT('',(59.,-33.,8.));
#1908 = SURFACE_CURVE('',#1909,(#1913,#1920),.PCURVE_S1.);
#1909 = LINE('',#1910,#1911);
#1910 = CARTESIAN_POINT('',(59.,-33.,8.));
#1911 = VECTOR('',#1912,1.);
#1912 = DIRECTION('',(-1.,-4.679043840076E-14,0.));
#1913 = PCURVE('',#976,#1914);
#1914 = DEFINITIONAL_REPRESENTATION('',(#1915),#1919);
#1915 = LINE('',#1916,#1917);
#1916 = CARTESIAN_POINT('',(29.,-8.));
#1917 = VECTOR('',#1918,1.);
#1918 = DIRECTION('',(-1.,0.));
#1919 = ( GEOMETRIC_REPRESENTATION_CONTEXT(2) 
PARAMETRIC_REPRESENTATION_CONTEXT() REPRESENTATION_CONTEXT('2D SPACE',''
  ) );
#1920 = PCURVE('',#1835,#1921);
#1921 = DEFINITIONAL_REPRESENTATION('',(#1922),#1926);
#1922 = LINE('',#1923,#1924);
#1923 = CARTESIAN_POINT('',(14.5,-33.));
#1924 = VECTOR('',#1925,1.);
#1925 = DIRECTION('',(-1.,-4.679043840076E-14));
#1926 = ( GEOMETRIC_REPRESENTATION_CONTEXT(2) 
PARAMETRIC_REPRESENTATION_CONTEXT() REPRESENTATION_CONTEXT('2D SPACE',''
  ) );
#1927 = ORIENTED_EDGE('',*,*,#1928,.F.);
#1928 = EDGE_CURVE('',#1929,#1906,#1931,.T.);
#1929 = VERTEX_POINT('',#1930);
#1930 = CARTESIAN_POINT('',(59.,-33.,-13.05));
#1931 = SURFACE_CURVE('',#1932,(#1936,#1943),.PCURVE_S1.);
#1932 = LINE('',#1933,#1934);
#1933 = CARTESIAN_POINT('',(59.,-33.,-19.05));
#1934 = VECTOR('',#1935,1.);
#1935 = DIRECTION('',(0.,0.,1.));
#1936 = PCURVE('',#976,#1937);
#1937 = DEFINITIONAL_REPRESENTATION('',(#1938),#1942);
#1938 = LINE('',#1939,#1940);
#1939 = CARTESIAN_POINT('',(29.,19.05));
#1940 = VECTOR('',#1941,1.);
#1941 = DIRECTION('',(0.,-1.));
#1942 = ( GEOMETRIC_REPRESENTATION_CONTEXT(2) 
PARAMETRIC_REPRESENTATION_CONTEXT() REPRESENTATION_CONTEXT('2D SPACE',''
  ) );
#1943 = PCURVE('',#1807,#1944);
#1944 = DEFINITIONAL_REPRESENTATION('',(#1945),#1949);
#1945 = LINE('',#1946,#1947);
#1946 = CARTESIAN_POINT('',(0.,0.));
#1947 = VECTOR('',#1948,1.);
#1948 = DIRECTION('',(0.,-1.));
#1949 = ( GEOMETRIC_REPRESENTATION_CONTEXT(2) 
PARAMETRIC_REPRESENTATION_CONTEXT() REPRESENTATION_CONTEXT('2D SPACE',''
  ) );
#1950 = ORIENTED_EDGE('',*,*,#1951,.F.);
#1951 = EDGE_CURVE('',#1952,#1929,#1954,.T.);
#1952 = VERTEX_POINT('',#1953);
#1953 = CARTESIAN_POINT('',(53.,-33.,-13.05));
#1954 = SURFACE_CURVE('',#1955,(#1959,#1966),.PCURVE_S1.);
#1955 = LINE('',#1956,#1957);
#1956 = CARTESIAN_POINT('',(53.,-33.,-13.05));
#1957 = VECTOR('',#1958,1.);
#1958 = DIRECTION('',(1.,0.,0.));
#1959 = PCURVE('',#976,#1960);
#1960 = DEFINITIONAL_REPRESENTATION('',(#1961),#1965);
#1961 = LINE('',#1962,#1963);
#1962 = CARTESIAN_POINT('',(23.,13.05));
#1963 = VECTOR('',#1964,1.);
#1964 = DIRECTION('',(1.,0.));
#1965 = ( GEOMETRIC_REPRESENTATION_CONTEXT(2) 
PARAMETRIC_REPRESENTATION_CONTEXT() REPRESENTATION_CONTEXT('2D SPACE',''
  ) );
#1966 = PCURVE('',#1967,#1972);
#1967 = CYLINDRICAL_SURFACE('',#1968,6.);
#1968 = AXIS2_PLACEMENT_3D('',#1969,#1970,#1971);
#1969 = CARTESIAN_POINT('',(53.,-27.,-13.05));
#1970 = DIRECTION('',(1.,0.,0.));
#1971 = DIRECTION('',(0.,-1.,-0.));
#1972 = DEFINITIONAL_REPRESENTATION('',(#1973),#1977);
#1973 = LINE('',#1974,#1975);
#1974 = CARTESIAN_POINT('',(0.,0.));
#1975 = VECTOR('',#1976,1.);
#1976 = DIRECTION('',(0.,1.));
#1977 = ( GEOMETRIC_REPRESENTATION_CONTEXT(2) 
PARAMETRIC_REPRESENTATION_CONTEXT() REPRESENTATION_CONTEXT('2D SPACE',''
  ) );
#1978 = ORIENTED_EDGE('',*,*,#1979,.T.);
#1979 = EDGE_CURVE('',#1952,#961,#1980,.T.);
#1980 = SURFACE_CURVE('',#1981,(#1985,#1992),.PCURVE_S1.);
#1981 = LINE('',#1982,#1983);
#1982 = CARTESIAN_POINT('',(53.,-33.,-19.05));
#1983 = VECTOR('',#1984,1.);
#1984 = DIRECTION('',(0.,0.,1.));
#1985 = PCURVE('',#976,#1986);
#1986 = DEFINITIONAL_REPRESENTATION('',(#1987),#1991);
#1987 = LINE('',#1988,#1989);
#1988 = CARTESIAN_POINT('',(23.,19.05));
#1989 = VECTOR('',#1990,1.);
#1990 = DIRECTION('',(0.,-1.));
#1991 = ( GEOMETRIC_REPRESENTATION_CONTEXT(2) 
PARAMETRIC_REPRESENTATION_CONTEXT() REPRESENTATION_CONTEXT('2D SPACE',''
  ) );
#1992 = PCURVE('',#1003,#1993);
#1993 = DEFINITIONAL_REPRESENTATION('',(#1994),#1998);
#1994 = LINE('',#1995,#1996);
#1995 = CARTESIAN_POINT('',(66.,0.));
#1996 = VECTOR('',#1997,1.);
#1997 = DIRECTION('',(0.,-1.));
#1998 = ( GEOMETRIC_REPRESENTATION_CONTEXT(2) 
PARAMETRIC_REPRESENTATION_CONTEXT() REPRESENTATION_CONTEXT('2D SPACE',''
  ) );
#1999 = ADVANCED_FACE('',(#2000,#2083,#2114,#2145),#1003,.F.);
#2000 = FACE_BOUND('',#2001,.F.);
#2001 = EDGE_LOOP('',(#2002,#2030,#2031,#2032,#2033,#2057));
#2002 = ORIENTED_EDGE('',*,*,#2003,.F.);
#2003 = EDGE_CURVE('',#1741,#2004,#2006,.T.);
#2004 = VERTEX_POINT('',#2005);
#2005 = CARTESIAN_POINT('',(53.,27.,-19.05));
#2006 = SURFACE_CURVE('',#2007,(#2012,#2023),.PCURVE_S1.);
#2007 = CIRCLE('',#2008,6.);
#2008 = AXIS2_PLACEMENT_3D('',#2009,#2010,#2011);
#2009 = CARTESIAN_POINT('',(53.,27.,-13.05));
#2010 = DIRECTION('',(-1.,0.,0.));
#2011 = DIRECTION('',(0.,0.,-1.));
#2012 = PCURVE('',#1003,#2013);
#2013 = DEFINITIONAL_REPRESENTATION('',(#2014),#2022);
#2014 = ( BOUNDED_CURVE() B_SPLINE_CURVE(2,(#2015,#2016,#2017,#2018,
#2019,#2020,#2021),.UNSPECIFIED.,.T.,.F.) B_SPLINE_CURVE_WITH_KNOTS((1,2
    ,2,2,2,1),(-2.094395102393,0.,2.094395102393,4.188790204786,
6.28318530718,8.377580409573),.UNSPECIFIED.) CURVE() 
GEOMETRIC_REPRESENTATION_ITEM() RATIONAL_B_SPLINE_CURVE((1.,0.5,1.,0.5,
1.,0.5,1.)) REPRESENTATION_ITEM('') );
#2015 = CARTESIAN_POINT('',(6.,1.7763568394E-15));
#2016 = CARTESIAN_POINT('',(16.392304845413,1.7763568394E-15));
#2017 = CARTESIAN_POINT('',(11.196152422707,-9.));
#2018 = CARTESIAN_POINT('',(6.,-18.));
#2019 = CARTESIAN_POINT('',(0.803847577293,-9.));
#2020 = CARTESIAN_POINT('',(-4.392304845413,-7.105427357601E-15));
#2021 = CARTESIAN_POINT('',(6.,1.7763568394E-15));
#2022 = ( GEOMETRIC_REPRESENTATION_CONTEXT(2) 
PARAMETRIC_REPRESENTATION_CONTEXT() REPRESENTATION_CONTEXT('2D SPACE',''
  ) );
#2023 = PCURVE('',#1779,#2024);
#2024 = DEFINITIONAL_REPRESENTATION('',(#2025),#2029);
#2025 = LINE('',#2026,#2027);
#2026 = CARTESIAN_POINT('',(-4.712388980385,6.));
#2027 = VECTOR('',#2028,1.);
#2028 = DIRECTION('',(1.,0.));
#2029 = ( GEOMETRIC_REPRESENTATION_CONTEXT(2) 
PARAMETRIC_REPRESENTATION_CONTEXT() REPRESENTATION_CONTEXT('2D SPACE',''
  ) );
#2030 = ORIENTED_EDGE('',*,*,#1740,.T.);
#2031 = ORIENTED_EDGE('',*,*,#988,.F.);
#2032 = ORIENTED_EDGE('',*,*,#1979,.F.);
#2033 = ORIENTED_EDGE('',*,*,#2034,.T.);
#2034 = EDGE_CURVE('',#1952,#2035,#2037,.T.);
#2035 = VERTEX_POINT('',#2036);
#2036 = CARTESIAN_POINT('',(53.,-27.,-19.05));
#2037 = SURFACE_CURVE('',#2038,(#2043,#2050),.PCURVE_S1.);
#2038 = CIRCLE('',#2039,6.);
#2039 = AXIS2_PLACEMENT_3D('',#2040,#2041,#2042);
#2040 = CARTESIAN_POINT('',(53.,-27.,-13.05));
#2041 = DIRECTION('',(1.,0.,0.));
#2042 = DIRECTION('',(-0.,0.,1.));
#2043 = PCURVE('',#1003,#2044);
#2044 = DEFINITIONAL_REPRESENTATION('',(#2045),#2049);
#2045 = CIRCLE('',#2046,6.);
#2046 = AXIS2_PLACEMENT_2D('',#2047,#2048);
#2047 = CARTESIAN_POINT('',(60.,-6.));
#2048 = DIRECTION('',(0.,-1.));
#2049 = ( GEOMETRIC_REPRESENTATION_CONTEXT(2) 
PARAMETRIC_REPRESENTATION_CONTEXT() REPRESENTATION_CONTEXT('2D SPACE',''
  ) );
#2050 = PCURVE('',#1967,#2051);
#2051 = DEFINITIONAL_REPRESENTATION('',(#2052),#2056);
#2052 = LINE('',#2053,#2054);
#2053 = CARTESIAN_POINT('',(-1.570796326795,0.));
#2054 = VECTOR('',#2055,1.);
#2055 = DIRECTION('',(1.,0.));
#2056 = ( GEOMETRIC_REPRESENTATION_CONTEXT(2) 
PARAMETRIC_REPRESENTATION_CONTEXT() REPRESENTATION_CONTEXT('2D SPACE',''
  ) );
#2057 = ORIENTED_EDGE('',*,*,#2058,.F.);
#2058 = EDGE_CURVE('',#2004,#2035,#2059,.T.);
#2059 = SURFACE_CURVE('',#2060,(#2064,#2071),.PCURVE_S1.);
#2060 = LINE('',#2061,#2062);
#2061 = CARTESIAN_POINT('',(53.,33.,-19.05));
#2062 = VECTOR('',#2063,1.);
#2063 = DIRECTION('',(0.,-1.,0.));
#2064 = PCURVE('',#1003,#2065);
#2065 = DEFINITIONAL_REPRESENTATION('',(#2066),#2070);
#2066 = LINE('',#2067,#2068);
#2067 = CARTESIAN_POINT('',(0.,0.));
#2068 = VECTOR('',#2069,1.);
#2069 = DIRECTION('',(1.,0.));
#2070 = ( GEOMETRIC_REPRESENTATION_CONTEXT(2) 
PARAMETRIC_REPRESENTATION_CONTEXT() REPRESENTATION_CONTEXT('2D SPACE',''
  ) );
#2071 = PCURVE('',#2072,#2077);
#2072 = PLANE('',#2073);
#2073 = AXIS2_PLACEMENT_3D('',#2074,#2075,#2076);
#2074 = CARTESIAN_POINT('',(56.,0.,-19.05));
#2075 = DIRECTION('',(0.,0.,1.));
#2076 = DIRECTION('',(1.,0.,-0.));
#2077 = DEFINITIONAL_REPRESENTATION('',(#2078),#2082);
#2078 = LINE('',#2079,#2080);
#2079 = CARTESIAN_POINT('',(-3.,33.));
#2080 = VECTOR('',#2081,1.);
#2081 = DIRECTION('',(0.,-1.));
#2082 = ( GEOMETRIC_REPRESENTATION_CONTEXT(2) 
PARAMETRIC_REPRESENTATION_CONTEXT() REPRESENTATION_CONTEXT('2D SPACE',''
  ) );
#2083 = FACE_BOUND('',#2084,.F.);
#2084 = EDGE_LOOP('',(#2085));
#2085 = ORIENTED_EDGE('',*,*,#2086,.F.);
#2086 = EDGE_CURVE('',#2087,#2087,#2089,.T.);
#2087 = VERTEX_POINT('',#2088);
#2088 = CARTESIAN_POINT('',(53.,22.5,-2.9));
#2089 = SURFACE_CURVE('',#2090,(#2095,#2102),.PCURVE_S1.);
#2090 = CIRCLE('',#2091,3.3);
#2091 = AXIS2_PLACEMENT_3D('',#2092,#2093,#2094);
#2092 = CARTESIAN_POINT('',(53.,22.5,-6.2));
#2093 = DIRECTION('',(1.,0.,0.));
#2094 = DIRECTION('',(-0.,0.,1.));
#2095 = PCURVE('',#1003,#2096);
#2096 = DEFINITIONAL_REPRESENTATION('',(#2097),#2101);
#2097 = CIRCLE('',#2098,3.3);
#2098 = AXIS2_PLACEMENT_2D('',#2099,#2100);
#2099 = CARTESIAN_POINT('',(10.5,-12.85));
#2100 = DIRECTION('',(0.,-1.));
#2101 = ( GEOMETRIC_REPRESENTATION_CONTEXT(2) 
PARAMETRIC_REPRESENTATION_CONTEXT() REPRESENTATION_CONTEXT('2D SPACE',''
  ) );
#2102 = PCURVE('',#2103,#2108);
#2103 = CONICAL_SURFACE('',#2104,3.3,0.785398163397);
#2104 = AXIS2_PLACEMENT_3D('',#2105,#2106,#2107);
#2105 = CARTESIAN_POINT('',(53.,22.5,-6.2));
#2106 = DIRECTION('',(-1.,-0.,-0.));
#2107 = DIRECTION('',(-0.,0.,1.));
#2108 = DEFINITIONAL_REPRESENTATION('',(#2109),#2113);
#2109 = LINE('',#2110,#2111);
#2110 = CARTESIAN_POINT('',(-0.,-0.));
#2111 = VECTOR('',#2112,1.);
#2112 = DIRECTION('',(-1.,-0.));
#2113 = ( GEOMETRIC_REPRESENTATION_CONTEXT(2) 
PARAMETRIC_REPRESENTATION_CONTEXT() REPRESENTATION_CONTEXT('2D SPACE',''
  ) );
#2114 = FACE_BOUND('',#2115,.F.);
#2115 = EDGE_LOOP('',(#2116));
#2116 = ORIENTED_EDGE('',*,*,#2117,.F.);
#2117 = EDGE_CURVE('',#2118,#2118,#2120,.T.);
#2118 = VERTEX_POINT('',#2119);
#2119 = CARTESIAN_POINT('',(53.,1.555301434917E-15,-0.55));
#2120 = SURFACE_CURVE('',#2121,(#2126,#2133),.PCURVE_S1.);
#2121 = CIRCLE('',#2122,6.35);
#2122 = AXIS2_PLACEMENT_3D('',#2123,#2124,#2125);
#2123 = CARTESIAN_POINT('',(53.,0.,-6.9));
#2124 = DIRECTION('',(1.,0.,0.));
#2125 = DIRECTION('',(-0.,0.,1.));
#2126 = PCURVE('',#1003,#2127);
#2127 = DEFINITIONAL_REPRESENTATION('',(#2128),#2132);
#2128 = CIRCLE('',#2129,6.35);
#2129 = AXIS2_PLACEMENT_2D('',#2130,#2131);
#2130 = CARTESIAN_POINT('',(33.,-12.15));
#2131 = DIRECTION('',(0.,-1.));
#2132 = ( GEOMETRIC_REPRESENTATION_CONTEXT(2) 
PARAMETRIC_REPRESENTATION_CONTEXT() REPRESENTATION_CONTEXT('2D SPACE',''
  ) );
#2133 = PCURVE('',#2134,#2139);
#2134 = CONICAL_SURFACE('',#2135,6.35,0.715584993318);
#2135 = AXIS2_PLACEMENT_3D('',#2136,#2137,#2138);
#2136 = CARTESIAN_POINT('',(53.,0.,-6.9));
#2137 = DIRECTION('',(-1.,-0.,-0.));
#2138 = DIRECTION('',(-0.,0.,1.));
#2139 = DEFINITIONAL_REPRESENTATION('',(#2140),#2144);
#2140 = LINE('',#2141,#2142);
#2141 = CARTESIAN_POINT('',(-0.,-0.));
#2142 = VECTOR('',#2143,1.);
#2143 = DIRECTION('',(-1.,-0.));
#2144 = ( GEOMETRIC_REPRESENTATION_CONTEXT(2) 
PARAMETRIC_REPRESENTATION_CONTEXT() REPRESENTATION_CONTEXT('2D SPACE',''
  ) );
#2145 = FACE_BOUND('',#2146,.F.);
#2146 = EDGE_LOOP('',(#2147));
#2147 = ORIENTED_EDGE('',*,*,#2148,.F.);
#2148 = EDGE_CURVE('',#2149,#2149,#2151,.T.);
#2149 = VERTEX_POINT('',#2150);
#2150 = CARTESIAN_POINT('',(53.,-22.5,-2.9));
#2151 = SURFACE_CURVE('',#2152,(#2157,#2164),.PCURVE_S1.);
#2152 = CIRCLE('',#2153,3.3);
#2153 = AXIS2_PLACEMENT_3D('',#2154,#2155,#2156);
#2154 = CARTESIAN_POINT('',(53.,-22.5,-6.2));
#2155 = DIRECTION('',(1.,0.,0.));
#2156 = DIRECTION('',(-0.,0.,1.));
#2157 = PCURVE('',#1003,#2158);
#2158 = DEFINITIONAL_REPRESENTATION('',(#2159),#2163);
#2159 = CIRCLE('',#2160,3.3);
#2160 = AXIS2_PLACEMENT_2D('',#2161,#2162);
#2161 = CARTESIAN_POINT('',(55.5,-12.85));
#2162 = DIRECTION('',(0.,-1.));
#2163 = ( GEOMETRIC_REPRESENTATION_CONTEXT(2) 
PARAMETRIC_REPRESENTATION_CONTEXT() REPRESENTATION_CONTEXT('2D SPACE',''
  ) );
#2164 = PCURVE('',#2165,#2170);
#2165 = CONICAL_SURFACE('',#2166,3.3,0.785398163397);
#2166 = AXIS2_PLACEMENT_3D('',#2167,#2168,#2169);
#2167 = CARTESIAN_POINT('',(53.,-22.5,-6.2));
#2168 = DIRECTION('',(-1.,-0.,-0.));
#2169 = DIRECTION('',(-0.,0.,1.));
#2170 = DEFINITIONAL_REPRESENTATION('',(#2171),#2175);
#2171 = LINE('',#2172,#2173);
#2172 = CARTESIAN_POINT('',(-0.,-0.));
#2173 = VECTOR('',#2174,1.);
#2174 = DIRECTION('',(-1.,-0.));
#2175 = ( GEOMETRIC_REPRESENTATION_CONTEXT(2) 
PARAMETRIC_REPRESENTATION_CONTEXT() REPRESENTATION_CONTEXT('2D SPACE',''
  ) );
#2176 = ADVANCED_FACE('',(#2177),#1063,.F.);
#2177 = FACE_BOUND('',#2178,.T.);
#2178 = EDGE_LOOP('',(#2179,#2180,#2203,#2229));
#2179 = ORIENTED_EDGE('',*,*,#1042,.T.);
#2180 = ORIENTED_EDGE('',*,*,#2181,.T.);
#2181 = EDGE_CURVE('',#1043,#2182,#2184,.T.);
#2182 = VERTEX_POINT('',#2183);
#2183 = CARTESIAN_POINT('',(-15.5,-34.64101615137,8.));
#2184 = SEAM_CURVE('',#2185,(#2189,#2196),.PCURVE_S1.);
#2185 = LINE('',#2186,#2187);
#2186 = CARTESIAN_POINT('',(-15.5,-34.64101615137,-20.));
#2187 = VECTOR('',#2188,1.);
#2188 = DIRECTION('',(0.,0.,1.));
#2189 = PCURVE('',#1063,#2190);
#2190 = DEFINITIONAL_REPRESENTATION('',(#2191),#2195);
#2191 = LINE('',#2192,#2193);
#2192 = CARTESIAN_POINT('',(-6.28318530718,0.));
#2193 = VECTOR('',#2194,1.);
#2194 = DIRECTION('',(-0.,-1.));
#2195 = ( GEOMETRIC_REPRESENTATION_CONTEXT(2) 
PARAMETRIC_REPRESENTATION_CONTEXT() REPRESENTATION_CONTEXT('2D SPACE',''
  ) );
#2196 = PCURVE('',#1063,#2197);
#2197 = DEFINITIONAL_REPRESENTATION('',(#2198),#2202);
#2198 = LINE('',#2199,#2200);
#2199 = CARTESIAN_POINT('',(-0.,0.));
#2200 = VECTOR('',#2201,1.);
#2201 = DIRECTION('',(-0.,-1.));
#2202 = ( GEOMETRIC_REPRESENTATION_CONTEXT(2) 
PARAMETRIC_REPRESENTATION_CONTEXT() REPRESENTATION_CONTEXT('2D SPACE',''
  ) );
#2203 = ORIENTED_EDGE('',*,*,#2204,.F.);
#2204 = EDGE_CURVE('',#2182,#2182,#2205,.T.);
#2205 = SURFACE_CURVE('',#2206,(#2211,#2218),.PCURVE_S1.);
#2206 = CIRCLE('',#2207,4.5);
#2207 = AXIS2_PLACEMENT_3D('',#2208,#2209,#2210);
#2208 = CARTESIAN_POINT('',(-20.,-34.64101615137,8.));
#2209 = DIRECTION('',(0.,0.,-1.));
#2210 = DIRECTION('',(1.,0.,0.));
#2211 = PCURVE('',#1063,#2212);
#2212 = DEFINITIONAL_REPRESENTATION('',(#2213),#2217);
#2213 = LINE('',#2214,#2215);
#2214 = CARTESIAN_POINT('',(-6.28318530718,-28.));
#2215 = VECTOR('',#2216,1.);
#2216 = DIRECTION('',(1.,-0.));
#2217 = ( GEOMETRIC_REPRESENTATION_CONTEXT(2) 
PARAMETRIC_REPRESENTATION_CONTEXT() REPRESENTATION_CONTEXT('2D SPACE',''
  ) );
#2218 = PCURVE('',#1835,#2219);
#2219 = DEFINITIONAL_REPRESENTATION('',(#2220),#2228);
#2220 = ( BOUNDED_CURVE() B_SPLINE_CURVE(2,(#2221,#2222,#2223,#2224,
#2225,#2226,#2227),.UNSPECIFIED.,.T.,.F.) B_SPLINE_CURVE_WITH_KNOTS((1,2
    ,2,2,2,1),(-2.094395102393,0.,2.094395102393,4.188790204786,
6.28318530718,8.377580409573),.UNSPECIFIED.) CURVE() 
GEOMETRIC_REPRESENTATION_ITEM() RATIONAL_B_SPLINE_CURVE((1.,0.5,1.,0.5,
1.,0.5,1.)) REPRESENTATION_ITEM('') );
#2221 = CARTESIAN_POINT('',(-60.,-34.64101615137));
#2222 = CARTESIAN_POINT('',(-60.,-42.43524478543));
#2223 = CARTESIAN_POINT('',(-66.75,-38.5381304684));
#2224 = CARTESIAN_POINT('',(-73.5,-34.64101615137));
#2225 = CARTESIAN_POINT('',(-66.75,-30.74390183434));
#2226 = CARTESIAN_POINT('',(-60.,-26.84678751731));
#2227 = CARTESIAN_POINT('',(-60.,-34.64101615137));
#2228 = ( GEOMETRIC_REPRESENTATION_CONTEXT(2) 
PARAMETRIC_REPRESENTATION_CONTEXT() REPRESENTATION_CONTEXT('2D SPACE',''
  ) );
#2229 = ORIENTED_EDGE('',*,*,#2181,.F.);
#2230 = ADVANCED_FACE('',(#2231),#1098,.F.);
#2231 = FACE_BOUND('',#2232,.T.);
#2232 = EDGE_LOOP('',(#2233,#2234,#2257,#2283));
#2233 = ORIENTED_EDGE('',*,*,#1077,.T.);
#2234 = ORIENTED_EDGE('',*,*,#2235,.T.);
#2235 = EDGE_CURVE('',#1078,#2236,#2238,.T.);
#2236 = VERTEX_POINT('',#2237);
#2237 = CARTESIAN_POINT('',(-35.5,4.898587196589E-15,8.));
#2238 = SEAM_CURVE('',#2239,(#2243,#2250),.PCURVE_S1.);
#2239 = LINE('',#2240,#2241);
#2240 = CARTESIAN_POINT('',(-35.5,4.898587196589E-15,-20.));
#2241 = VECTOR('',#2242,1.);
#2242 = DIRECTION('',(0.,0.,1.));
#2243 = PCURVE('',#1098,#2244);
#2244 = DEFINITIONAL_REPRESENTATION('',(#2245),#2249);
#2245 = LINE('',#2246,#2247);
#2246 = CARTESIAN_POINT('',(-6.28318530718,0.));
#2247 = VECTOR('',#2248,1.);
#2248 = DIRECTION('',(-0.,-1.));
#2249 = ( GEOMETRIC_REPRESENTATION_CONTEXT(2) 
PARAMETRIC_REPRESENTATION_CONTEXT() REPRESENTATION_CONTEXT('2D SPACE',''
  ) );
#2250 = PCURVE('',#1098,#2251);
#2251 = DEFINITIONAL_REPRESENTATION('',(#2252),#2256);
#2252 = LINE('',#2253,#2254);
#2253 = CARTESIAN_POINT('',(-0.,0.));
#2254 = VECTOR('',#2255,1.);
#2255 = DIRECTION('',(-0.,-1.));
#2256 = ( GEOMETRIC_REPRESENTATION_CONTEXT(2) 
PARAMETRIC_REPRESENTATION_CONTEXT() REPRESENTATION_CONTEXT('2D SPACE',''
  ) );
#2257 = ORIENTED_EDGE('',*,*,#2258,.F.);
#2258 = EDGE_CURVE('',#2236,#2236,#2259,.T.);
#2259 = SURFACE_CURVE('',#2260,(#2265,#2272),.PCURVE_S1.);
#2260 = CIRCLE('',#2261,4.5);
#2261 = AXIS2_PLACEMENT_3D('',#2262,#2263,#2264);
#2262 = CARTESIAN_POINT('',(-40.,4.898587196589E-15,8.));
#2263 = DIRECTION('',(0.,0.,-1.));
#2264 = DIRECTION('',(1.,0.,0.));
#2265 = PCURVE('',#1098,#2266);
#2266 = DEFINITIONAL_REPRESENTATION('',(#2267),#2271);
#2267 = LINE('',#2268,#2269);
#2268 = CARTESIAN_POINT('',(-6.28318530718,-28.));
#2269 = VECTOR('',#2270,1.);
#2270 = DIRECTION('',(1.,-0.));
#2271 = ( GEOMETRIC_REPRESENTATION_CONTEXT(2) 
PARAMETRIC_REPRESENTATION_CONTEXT() REPRESENTATION_CONTEXT('2D SPACE',''
  ) );
#2272 = PCURVE('',#1835,#2273);
#2273 = DEFINITIONAL_REPRESENTATION('',(#2274),#2282);
#2274 = ( BOUNDED_CURVE() B_SPLINE_CURVE(2,(#2275,#2276,#2277,#2278,
#2279,#2280,#2281),.UNSPECIFIED.,.T.,.F.) B_SPLINE_CURVE_WITH_KNOTS((1,2
    ,2,2,2,1),(-2.094395102393,0.,2.094395102393,4.188790204786,
6.28318530718,8.377580409573),.UNSPECIFIED.) CURVE() 
GEOMETRIC_REPRESENTATION_ITEM() RATIONAL_B_SPLINE_CURVE((1.,0.5,1.,0.5,
1.,0.5,1.)) REPRESENTATION_ITEM('') );
#2275 = CARTESIAN_POINT('',(-80.,4.898587196589E-15));
#2276 = CARTESIAN_POINT('',(-80.,-7.79422863406));
#2277 = CARTESIAN_POINT('',(-86.75,-3.89711431703));
#2278 = CARTESIAN_POINT('',(-93.5,3.796405077357E-15));
#2279 = CARTESIAN_POINT('',(-86.75,3.89711431703));
#2280 = CARTESIAN_POINT('',(-80.,7.79422863406));
#2281 = CARTESIAN_POINT('',(-80.,4.898587196589E-15));
#2282 = ( GEOMETRIC_REPRESENTATION_CONTEXT(2) 
PARAMETRIC_REPRESENTATION_CONTEXT() REPRESENTATION_CONTEXT('2D SPACE',''
  ) );
#2283 = ORIENTED_EDGE('',*,*,#2235,.F.);
#2284 = ADVANCED_FACE('',(#2285),#1133,.F.);
#2285 = FACE_BOUND('',#2286,.T.);
#2286 = EDGE_LOOP('',(#2287,#2288,#2311,#2337));
#2287 = ORIENTED_EDGE('',*,*,#1112,.T.);
#2288 = ORIENTED_EDGE('',*,*,#2289,.T.);
#2289 = EDGE_CURVE('',#1113,#2290,#2292,.T.);
#2290 = VERTEX_POINT('',#2291);
#2291 = CARTESIAN_POINT('',(-14.37766952966,-17.67766952966,8.));
#2292 = SEAM_CURVE('',#2293,(#2297,#2304),.PCURVE_S1.);
#2293 = LINE('',#2294,#2295);
#2294 = CARTESIAN_POINT('',(-14.37766952966,-17.67766952966,-20.));
#2295 = VECTOR('',#2296,1.);
#2296 = DIRECTION('',(0.,0.,1.));
#2297 = PCURVE('',#1133,#2298);
#2298 = DEFINITIONAL_REPRESENTATION('',(#2299),#2303);
#2299 = LINE('',#2300,#2301);
#2300 = CARTESIAN_POINT('',(-6.28318530718,0.));
#2301 = VECTOR('',#2302,1.);
#2302 = DIRECTION('',(-0.,-1.));
#2303 = ( GEOMETRIC_REPRESENTATION_CONTEXT(2) 
PARAMETRIC_REPRESENTATION_CONTEXT() REPRESENTATION_CONTEXT('2D SPACE',''
  ) );
#2304 = PCURVE('',#1133,#2305);
#2305 = DEFINITIONAL_REPRESENTATION('',(#2306),#2310);
#2306 = LINE('',#2307,#2308);
#2307 = CARTESIAN_POINT('',(-0.,0.));
#2308 = VECTOR('',#2309,1.);
#2309 = DIRECTION('',(-0.,-1.));
#2310 = ( GEOMETRIC_REPRESENTATION_CONTEXT(2) 
PARAMETRIC_REPRESENTATION_CONTEXT() REPRESENTATION_CONTEXT('2D SPACE',''
  ) );
#2311 = ORIENTED_EDGE('',*,*,#2312,.F.);
#2312 = EDGE_CURVE('',#2290,#2290,#2313,.T.);
#2313 = SURFACE_CURVE('',#2314,(#2319,#2326),.PCURVE_S1.);
#2314 = CIRCLE('',#2315,3.3);
#2315 = AXIS2_PLACEMENT_3D('',#2316,#2317,#2318);
#2316 = CARTESIAN_POINT('',(-17.67766952966,-17.67766952966,8.));
#2317 = DIRECTION('',(0.,0.,-1.));
#2318 = DIRECTION('',(1.,0.,0.));
#2319 = PCURVE('',#1133,#2320);
#2320 = DEFINITIONAL_REPRESENTATION('',(#2321),#2325);
#2321 = LINE('',#2322,#2323);
#2322 = CARTESIAN_POINT('',(-6.28318530718,-28.));
#2323 = VECTOR('',#2324,1.);
#2324 = DIRECTION('',(1.,-0.));
#2325 = ( GEOMETRIC_REPRESENTATION_CONTEXT(2) 
PARAMETRIC_REPRESENTATION_CONTEXT() REPRESENTATION_CONTEXT('2D SPACE',''
  ) );
#2326 = PCURVE('',#1835,#2327);
#2327 = DEFINITIONAL_REPRESENTATION('',(#2328),#2336);
#2328 = ( BOUNDED_CURVE() B_SPLINE_CURVE(2,(#2329,#2330,#2331,#2332,
#2333,#2334,#2335),.UNSPECIFIED.,.T.,.F.) B_SPLINE_CURVE_WITH_KNOTS((1,2
    ,2,2,2,1),(-2.094395102393,0.,2.094395102393,4.188790204786,
6.28318530718,8.377580409573),.UNSPECIFIED.) CURVE() 
GEOMETRIC_REPRESENTATION_ITEM() RATIONAL_B_SPLINE_CURVE((1.,0.5,1.,0.5,
1.,0.5,1.)) REPRESENTATION_ITEM('') );
#2329 = CARTESIAN_POINT('',(-58.87766952966,-17.67766952966));
#2330 = CARTESIAN_POINT('',(-58.87766952966,-23.39343719464));
#2331 = CARTESIAN_POINT('',(-63.82766952966,-20.53555336215));
#2332 = CARTESIAN_POINT('',(-68.77766952966,-17.67766952966));
#2333 = CARTESIAN_POINT('',(-63.82766952966,-14.81978569717));
#2334 = CARTESIAN_POINT('',(-58.87766952966,-11.96190186468));
#2335 = CARTESIAN_POINT('',(-58.87766952966,-17.67766952966));
#2336 = ( GEOMETRIC_REPRESENTATION_CONTEXT(2) 
PARAMETRIC_REPRESENTATION_CONTEXT() REPRESENTATION_CONTEXT('2D SPACE',''
  ) );
#2337 = ORIENTED_EDGE('',*,*,#2289,.F.);
#2338 = ADVANCED_FACE('',(#2339),#1168,.F.);
#2339 = FACE_BOUND('',#2340,.T.);
#2340 = EDGE_LOOP('',(#2341,#2342,#2365,#2391));
#2341 = ORIENTED_EDGE('',*,*,#1147,.T.);
#2342 = ORIENTED_EDGE('',*,*,#2343,.T.);
#2343 = EDGE_CURVE('',#1148,#2344,#2346,.T.);
#2344 = VERTEX_POINT('',#2345);
#2345 = CARTESIAN_POINT('',(24.5,-34.64101615137,8.));
#2346 = SEAM_CURVE('',#2347,(#2351,#2358),.PCURVE_S1.);
#2347 = LINE('',#2348,#2349);
#2348 = CARTESIAN_POINT('',(24.5,-34.64101615137,-20.));
#2349 = VECTOR('',#2350,1.);
#2350 = DIRECTION('',(0.,0.,1.));
#2351 = PCURVE('',#1168,#2352);
#2352 = DEFINITIONAL_REPRESENTATION('',(#2353),#2357);
#2353 = LINE('',#2354,#2355);
#2354 = CARTESIAN_POINT('',(-6.28318530718,0.));
#2355 = VECTOR('',#2356,1.);
#2356 = DIRECTION('',(-0.,-1.));
#2357 = ( GEOMETRIC_REPRESENTATION_CONTEXT(2) 
PARAMETRIC_REPRESENTATION_CONTEXT() REPRESENTATION_CONTEXT('2D SPACE',''
  ) );
#2358 = PCURVE('',#1168,#2359);
#2359 = DEFINITIONAL_REPRESENTATION('',(#2360),#2364);
#2360 = LINE('',#2361,#2362);
#2361 = CARTESIAN_POINT('',(-0.,0.));
#2362 = VECTOR('',#2363,1.);
#2363 = DIRECTION('',(-0.,-1.));
#2364 = ( GEOMETRIC_REPRESENTATION_CONTEXT(2) 
PARAMETRIC_REPRESENTATION_CONTEXT() REPRESENTATION_CONTEXT('2D SPACE',''
  ) );
#2365 = ORIENTED_EDGE('',*,*,#2366,.F.);
#2366 = EDGE_CURVE('',#2344,#2344,#2367,.T.);
#2367 = SURFACE_CURVE('',#2368,(#2373,#2380),.PCURVE_S1.);
#2368 = CIRCLE('',#2369,4.5);
#2369 = AXIS2_PLACEMENT_3D('',#2370,#2371,#2372);
#2370 = CARTESIAN_POINT('',(20.,-34.64101615137,8.));
#2371 = DIRECTION('',(0.,0.,-1.));
#2372 = DIRECTION('',(1.,0.,0.));
#2373 = PCURVE('',#1168,#2374);
#2374 = DEFINITIONAL_REPRESENTATION('',(#2375),#2379);
#2375 = LINE('',#2376,#2377);
#2376 = CARTESIAN_POINT('',(-6.28318530718,-28.));
#2377 = VECTOR('',#2378,1.);
#2378 = DIRECTION('',(1.,-0.));
#2379 = ( GEOMETRIC_REPRESENTATION_CONTEXT(2) 
PARAMETRIC_REPRESENTATION_CONTEXT() REPRESENTATION_CONTEXT('2D SPACE',''
  ) );
#2380 = PCURVE('',#1835,#2381);
#2381 = DEFINITIONAL_REPRESENTATION('',(#2382),#2390);
#2382 = ( BOUNDED_CURVE() B_SPLINE_CURVE(2,(#2383,#2384,#2385,#2386,
#2387,#2388,#2389),.UNSPECIFIED.,.T.,.F.) B_SPLINE_CURVE_WITH_KNOTS((1,2
    ,2,2,2,1),(-2.094395102393,0.,2.094395102393,4.188790204786,
6.28318530718,8.377580409573),.UNSPECIFIED.) CURVE() 
GEOMETRIC_REPRESENTATION_ITEM() RATIONAL_B_SPLINE_CURVE((1.,0.5,1.,0.5,
1.,0.5,1.)) REPRESENTATION_ITEM('') );
#2383 = CARTESIAN_POINT('',(-20.,-34.64101615137));
#2384 = CARTESIAN_POINT('',(-20.,-42.43524478543));
#2385 = CARTESIAN_POINT('',(-26.75,-38.5381304684));
#2386 = CARTESIAN_POINT('',(-33.5,-34.64101615137));
#2387 = CARTESIAN_POINT('',(-26.75,-30.74390183434));
#2388 = CARTESIAN_POINT('',(-20.,-26.84678751731));
#2389 = CARTESIAN_POINT('',(-20.,-34.64101615137));
#2390 = ( GEOMETRIC_REPRESENTATION_CONTEXT(2) 
PARAMETRIC_REPRESENTATION_CONTEXT() REPRESENTATION_CONTEXT('2D SPACE',''
  ) );
#2391 = ORIENTED_EDGE('',*,*,#2343,.F.);
#2392 = ADVANCED_FACE('',(#2393),#1203,.F.);
#2393 = FACE_BOUND('',#2394,.T.);
#2394 = EDGE_LOOP('',(#2395,#2396,#2419,#2445));
#2395 = ORIENTED_EDGE('',*,*,#1182,.T.);
#2396 = ORIENTED_EDGE('',*,*,#2397,.T.);
#2397 = EDGE_CURVE('',#1183,#2398,#2400,.T.);
#2398 = VERTEX_POINT('',#2399);
#2399 = CARTESIAN_POINT('',(20.977669529664,-17.67766952966,8.));
#2400 = SEAM_CURVE('',#2401,(#2405,#2412),.PCURVE_S1.);
#2401 = LINE('',#2402,#2403);
#2402 = CARTESIAN_POINT('',(20.977669529664,-17.67766952966,-20.));
#2403 = VECTOR('',#2404,1.);
#2404 = DIRECTION('',(0.,0.,1.));
#2405 = PCURVE('',#1203,#2406);
#2406 = DEFINITIONAL_REPRESENTATION('',(#2407),#2411);
#2407 = LINE('',#2408,#2409);
#2408 = CARTESIAN_POINT('',(-6.28318530718,0.));
#2409 = VECTOR('',#2410,1.);
#2410 = DIRECTION('',(-0.,-1.));
#2411 = ( GEOMETRIC_REPRESENTATION_CONTEXT(2) 
PARAMETRIC_REPRESENTATION_CONTEXT() REPRESENTATION_CONTEXT('2D SPACE',''
  ) );
#2412 = PCURVE('',#1203,#2413);
#2413 = DEFINITIONAL_REPRESENTATION('',(#2414),#2418);
#2414 = LINE('',#2415,#2416);
#2415 = CARTESIAN_POINT('',(-0.,0.));
#2416 = VECTOR('',#2417,1.);
#2417 = DIRECTION('',(-0.,-1.));
#2418 = ( GEOMETRIC_REPRESENTATION_CONTEXT(2) 
PARAMETRIC_REPRESENTATION_CONTEXT() REPRESENTATION_CONTEXT('2D SPACE',''
  ) );
#2419 = ORIENTED_EDGE('',*,*,#2420,.F.);
#2420 = EDGE_CURVE('',#2398,#2398,#2421,.T.);
#2421 = SURFACE_CURVE('',#2422,(#2427,#2434),.PCURVE_S1.);
#2422 = CIRCLE('',#2423,3.3);
#2423 = AXIS2_PLACEMENT_3D('',#2424,#2425,#2426);
#2424 = CARTESIAN_POINT('',(17.677669529664,-17.67766952966,8.));
#2425 = DIRECTION('',(0.,0.,-1.));
#2426 = DIRECTION('',(1.,0.,0.));
#2427 = PCURVE('',#1203,#2428);
#2428 = DEFINITIONAL_REPRESENTATION('',(#2429),#2433);
#2429 = LINE('',#2430,#2431);
#2430 = CARTESIAN_POINT('',(-6.28318530718,-28.));
#2431 = VECTOR('',#2432,1.);
#2432 = DIRECTION('',(1.,-0.));
#2433 = ( GEOMETRIC_REPRESENTATION_CONTEXT(2) 
PARAMETRIC_REPRESENTATION_CONTEXT() REPRESENTATION_CONTEXT('2D SPACE',''
  ) );
#2434 = PCURVE('',#1835,#2435);
#2435 = DEFINITIONAL_REPRESENTATION('',(#2436),#2444);
#2436 = ( BOUNDED_CURVE() B_SPLINE_CURVE(2,(#2437,#2438,#2439,#2440,
#2441,#2442,#2443),.UNSPECIFIED.,.T.,.F.) B_SPLINE_CURVE_WITH_KNOTS((1,2
    ,2,2,2,1),(-2.094395102393,0.,2.094395102393,4.188790204786,
6.28318530718,8.377580409573),.UNSPECIFIED.) CURVE() 
GEOMETRIC_REPRESENTATION_ITEM() RATIONAL_B_SPLINE_CURVE((1.,0.5,1.,0.5,
1.,0.5,1.)) REPRESENTATION_ITEM('') );
#2437 = CARTESIAN_POINT('',(-23.52233047033,-17.67766952966));
#2438 = CARTESIAN_POINT('',(-23.52233047033,-23.39343719464));
#2439 = CARTESIAN_POINT('',(-28.47233047033,-20.53555336215));
#2440 = CARTESIAN_POINT('',(-33.42233047033,-17.67766952966));
#2441 = CARTESIAN_POINT('',(-28.47233047033,-14.81978569717));
#2442 = CARTESIAN_POINT('',(-23.52233047033,-11.96190186468));
#2443 = CARTESIAN_POINT('',(-23.52233047033,-17.67766952966));
#2444 = ( GEOMETRIC_REPRESENTATION_CONTEXT(2) 
PARAMETRIC_REPRESENTATION_CONTEXT() REPRESENTATION_CONTEXT('2D SPACE',''
  ) );
#2445 = ORIENTED_EDGE('',*,*,#2397,.F.);
#2446 = ADVANCED_FACE('',(#2447),#1234,.T.);
#2447 = FACE_BOUND('',#2448,.F.);
#2448 = EDGE_LOOP('',(#2449,#2472,#2473,#2474));
#2449 = ORIENTED_EDGE('',*,*,#2450,.T.);
#2450 = EDGE_CURVE('',#2451,#1218,#2453,.T.);
#2451 = VERTEX_POINT('',#2452);
#2452 = CARTESIAN_POINT('',(15.65,0.,-3.2));
#2453 = SEAM_CURVE('',#2454,(#2458,#2465),.PCURVE_S1.);
#2454 = LINE('',#2455,#2456);
#2455 = CARTESIAN_POINT('',(15.65,0.,-4.));
#2456 = VECTOR('',#2457,1.);
#2457 = DIRECTION('',(0.,0.,1.));
#2458 = PCURVE('',#1234,#2459);
#2459 = DEFINITIONAL_REPRESENTATION('',(#2460),#2464);
#2460 = LINE('',#2461,#2462);
#2461 = CARTESIAN_POINT('',(-0.,0.));
#2462 = VECTOR('',#2463,1.);
#2463 = DIRECTION('',(-0.,-1.));
#2464 = ( GEOMETRIC_REPRESENTATION_CONTEXT(2) 
PARAMETRIC_REPRESENTATION_CONTEXT() REPRESENTATION_CONTEXT('2D SPACE',''
  ) );
#2465 = PCURVE('',#1234,#2466);
#2466 = DEFINITIONAL_REPRESENTATION('',(#2467),#2471);
#2467 = LINE('',#2468,#2469);
#2468 = CARTESIAN_POINT('',(-6.28318530718,0.));
#2469 = VECTOR('',#2470,1.);
#2470 = DIRECTION('',(-0.,-1.));
#2471 = ( GEOMETRIC_REPRESENTATION_CONTEXT(2) 
PARAMETRIC_REPRESENTATION_CONTEXT() REPRESENTATION_CONTEXT('2D SPACE',''
  ) );
#2472 = ORIENTED_EDGE('',*,*,#1217,.T.);
#2473 = ORIENTED_EDGE('',*,*,#2450,.F.);
#2474 = ORIENTED_EDGE('',*,*,#2475,.F.);
#2475 = EDGE_CURVE('',#2451,#2451,#2476,.T.);
#2476 = SURFACE_CURVE('',#2477,(#2482,#2489),.PCURVE_S1.);
#2477 = CIRCLE('',#2478,15.65);
#2478 = AXIS2_PLACEMENT_3D('',#2479,#2480,#2481);
#2479 = CARTESIAN_POINT('',(0.,0.,-3.2));
#2480 = DIRECTION('',(0.,0.,1.));
#2481 = DIRECTION('',(1.,0.,-0.));
#2482 = PCURVE('',#1234,#2483);
#2483 = DEFINITIONAL_REPRESENTATION('',(#2484),#2488);
#2484 = LINE('',#2485,#2486);
#2485 = CARTESIAN_POINT('',(-0.,-0.8));
#2486 = VECTOR('',#2487,1.);
#2487 = DIRECTION('',(-1.,0.));
#2488 = ( GEOMETRIC_REPRESENTATION_CONTEXT(2) 
PARAMETRIC_REPRESENTATION_CONTEXT() REPRESENTATION_CONTEXT('2D SPACE',''
  ) );
#2489 = PCURVE('',#2490,#2495);
#2490 = CONICAL_SURFACE('',#2491,15.65,0.785398163397);
#2491 = AXIS2_PLACEMENT_3D('',#2492,#2493,#2494);
#2492 = CARTESIAN_POINT('',(0.,0.,-3.2));
#2493 = DIRECTION('',(0.,0.,1.));
#2494 = DIRECTION('',(1.,0.,-0.));
#2495 = DEFINITIONAL_REPRESENTATION('',(#2496),#2500);
#2496 = LINE('',#2497,#2498);
#2497 = CARTESIAN_POINT('',(0.,-0.));
#2498 = VECTOR('',#2499,1.);
#2499 = DIRECTION('',(1.,-0.));
#2500 = ( GEOMETRIC_REPRESENTATION_CONTEXT(2) 
PARAMETRIC_REPRESENTATION_CONTEXT() REPRESENTATION_CONTEXT('2D SPACE',''
  ) );
#2501 = ADVANCED_FACE('',(#2502),#1269,.F.);
#2502 = FACE_BOUND('',#2503,.T.);
#2503 = EDGE_LOOP('',(#2504,#2505,#2528,#2554));
#2504 = ORIENTED_EDGE('',*,*,#1248,.T.);
#2505 = ORIENTED_EDGE('',*,*,#2506,.T.);
#2506 = EDGE_CURVE('',#1249,#2507,#2509,.T.);
#2507 = VERTEX_POINT('',#2508);
#2508 = CARTESIAN_POINT('',(44.5,0.,8.));
#2509 = SEAM_CURVE('',#2510,(#2514,#2521),.PCURVE_S1.);
#2510 = LINE('',#2511,#2512);
#2511 = CARTESIAN_POINT('',(44.5,0.,-20.));
#2512 = VECTOR('',#2513,1.);
#2513 = DIRECTION('',(0.,0.,1.));
#2514 = PCURVE('',#1269,#2515);
#2515 = DEFINITIONAL_REPRESENTATION('',(#2516),#2520);
#2516 = LINE('',#2517,#2518);
#2517 = CARTESIAN_POINT('',(-6.28318530718,0.));
#2518 = VECTOR('',#2519,1.);
#2519 = DIRECTION('',(-0.,-1.));
#2520 = ( GEOMETRIC_REPRESENTATION_CONTEXT(2) 
PARAMETRIC_REPRESENTATION_CONTEXT() REPRESENTATION_CONTEXT('2D SPACE',''
  ) );
#2521 = PCURVE('',#1269,#2522);
#2522 = DEFINITIONAL_REPRESENTATION('',(#2523),#2527);
#2523 = LINE('',#2524,#2525);
#2524 = CARTESIAN_POINT('',(-0.,0.));
#2525 = VECTOR('',#2526,1.);
#2526 = DIRECTION('',(-0.,-1.));
#2527 = ( GEOMETRIC_REPRESENTATION_CONTEXT(2) 
PARAMETRIC_REPRESENTATION_CONTEXT() REPRESENTATION_CONTEXT('2D SPACE',''
  ) );
#2528 = ORIENTED_EDGE('',*,*,#2529,.F.);
#2529 = EDGE_CURVE('',#2507,#2507,#2530,.T.);
#2530 = SURFACE_CURVE('',#2531,(#2536,#2543),.PCURVE_S1.);
#2531 = CIRCLE('',#2532,4.5);
#2532 = AXIS2_PLACEMENT_3D('',#2533,#2534,#2535);
#2533 = CARTESIAN_POINT('',(40.,0.,8.));
#2534 = DIRECTION('',(0.,0.,-1.));
#2535 = DIRECTION('',(1.,0.,0.));
#2536 = PCURVE('',#1269,#2537);
#2537 = DEFINITIONAL_REPRESENTATION('',(#2538),#2542);
#2538 = LINE('',#2539,#2540);
#2539 = CARTESIAN_POINT('',(-6.28318530718,-28.));
#2540 = VECTOR('',#2541,1.);
#2541 = DIRECTION('',(1.,-0.));
#2542 = ( GEOMETRIC_REPRESENTATION_CONTEXT(2) 
PARAMETRIC_REPRESENTATION_CONTEXT() REPRESENTATION_CONTEXT('2D SPACE',''
  ) );
#2543 = PCURVE('',#1835,#2544);
#2544 = DEFINITIONAL_REPRESENTATION('',(#2545),#2553);
#2545 = ( BOUNDED_CURVE() B_SPLINE_CURVE(2,(#2546,#2547,#2548,#2549,
#2550,#2551,#2552),.UNSPECIFIED.,.T.,.F.) B_SPLINE_CURVE_WITH_KNOTS((1,2
    ,2,2,2,1),(-2.094395102393,0.,2.094395102393,4.188790204786,
6.28318530718,8.377580409573),.UNSPECIFIED.) CURVE() 
GEOMETRIC_REPRESENTATION_ITEM() RATIONAL_B_SPLINE_CURVE((1.,0.5,1.,0.5,
1.,0.5,1.)) REPRESENTATION_ITEM('') );
#2546 = CARTESIAN_POINT('',(0.,0.));
#2547 = CARTESIAN_POINT('',(0.,-7.79422863406));
#2548 = CARTESIAN_POINT('',(-6.75,-3.89711431703));
#2549 = CARTESIAN_POINT('',(-13.5,-1.102182119233E-15));
#2550 = CARTESIAN_POINT('',(-6.75,3.89711431703));
#2551 = CARTESIAN_POINT('',(-7.105427357601E-15,7.79422863406));
#2552 = CARTESIAN_POINT('',(0.,0.));
#2553 = ( GEOMETRIC_REPRESENTATION_CONTEXT(2) 
PARAMETRIC_REPRESENTATION_CONTEXT() REPRESENTATION_CONTEXT('2D SPACE',''
  ) );
#2554 = ORIENTED_EDGE('',*,*,#2506,.F.);
#2555 = ADVANCED_FACE('',(#2556),#1304,.F.);
#2556 = FACE_BOUND('',#2557,.T.);
#2557 = EDGE_LOOP('',(#2558,#2559,#2582,#2608));
#2558 = ORIENTED_EDGE('',*,*,#1283,.T.);
#2559 = ORIENTED_EDGE('',*,*,#2560,.T.);
#2560 = EDGE_CURVE('',#1284,#2561,#2563,.T.);
#2561 = VERTEX_POINT('',#2562);
#2562 = CARTESIAN_POINT('',(-14.37766952966,17.677669529664,8.));
#2563 = SEAM_CURVE('',#2564,(#2568,#2575),.PCURVE_S1.);
#2564 = LINE('',#2565,#2566);
#2565 = CARTESIAN_POINT('',(-14.37766952966,17.677669529664,-20.));
#2566 = VECTOR('',#2567,1.);
#2567 = DIRECTION('',(0.,0.,1.));
#2568 = PCURVE('',#1304,#2569);
#2569 = DEFINITIONAL_REPRESENTATION('',(#2570),#2574);
#2570 = LINE('',#2571,#2572);
#2571 = CARTESIAN_POINT('',(-6.28318530718,0.));
#2572 = VECTOR('',#2573,1.);
#2573 = DIRECTION('',(-0.,-1.));
#2574 = ( GEOMETRIC_REPRESENTATION_CONTEXT(2) 
PARAMETRIC_REPRESENTATION_CONTEXT() REPRESENTATION_CONTEXT('2D SPACE',''
  ) );
#2575 = PCURVE('',#1304,#2576);
#2576 = DEFINITIONAL_REPRESENTATION('',(#2577),#2581);
#2577 = LINE('',#2578,#2579);
#2578 = CARTESIAN_POINT('',(-0.,0.));
#2579 = VECTOR('',#2580,1.);
#2580 = DIRECTION('',(-0.,-1.));
#2581 = ( GEOMETRIC_REPRESENTATION_CONTEXT(2) 
PARAMETRIC_REPRESENTATION_CONTEXT() REPRESENTATION_CONTEXT('2D SPACE',''
  ) );
#2582 = ORIENTED_EDGE('',*,*,#2583,.F.);
#2583 = EDGE_CURVE('',#2561,#2561,#2584,.T.);
#2584 = SURFACE_CURVE('',#2585,(#2590,#2597),.PCURVE_S1.);
#2585 = CIRCLE('',#2586,3.3);
#2586 = AXIS2_PLACEMENT_3D('',#2587,#2588,#2589);
#2587 = CARTESIAN_POINT('',(-17.67766952966,17.677669529664,8.));
#2588 = DIRECTION('',(0.,0.,-1.));
#2589 = DIRECTION('',(1.,0.,0.));
#2590 = PCURVE('',#1304,#2591);
#2591 = DEFINITIONAL_REPRESENTATION('',(#2592),#2596);
#2592 = LINE('',#2593,#2594);
#2593 = CARTESIAN_POINT('',(-6.28318530718,-28.));
#2594 = VECTOR('',#2595,1.);
#2595 = DIRECTION('',(1.,-0.));
#2596 = ( GEOMETRIC_REPRESENTATION_CONTEXT(2) 
PARAMETRIC_REPRESENTATION_CONTEXT() REPRESENTATION_CONTEXT('2D SPACE',''
  ) );
#2597 = PCURVE('',#1835,#2598);
#2598 = DEFINITIONAL_REPRESENTATION('',(#2599),#2607);
#2599 = ( BOUNDED_CURVE() B_SPLINE_CURVE(2,(#2600,#2601,#2602,#2603,
#2604,#2605,#2606),.UNSPECIFIED.,.T.,.F.) B_SPLINE_CURVE_WITH_KNOTS((1,2
    ,2,2,2,1),(-2.094395102393,0.,2.094395102393,4.188790204786,
6.28318530718,8.377580409573),.UNSPECIFIED.) CURVE() 
GEOMETRIC_REPRESENTATION_ITEM() RATIONAL_B_SPLINE_CURVE((1.,0.5,1.,0.5,
1.,0.5,1.)) REPRESENTATION_ITEM('') );
#2600 = CARTESIAN_POINT('',(-58.87766952966,17.677669529664));
#2601 = CARTESIAN_POINT('',(-58.87766952966,11.961901864686));
#2602 = CARTESIAN_POINT('',(-63.82766952966,14.819785697175));
#2603 = CARTESIAN_POINT('',(-68.77766952966,17.677669529664));
#2604 = CARTESIAN_POINT('',(-63.82766952966,20.535553362152));
#2605 = CARTESIAN_POINT('',(-58.87766952966,23.393437194641));
#2606 = CARTESIAN_POINT('',(-58.87766952966,17.677669529664));
#2607 = ( GEOMETRIC_REPRESENTATION_CONTEXT(2) 
PARAMETRIC_REPRESENTATION_CONTEXT() REPRESENTATION_CONTEXT('2D SPACE',''
  ) );
#2608 = ORIENTED_EDGE('',*,*,#2560,.F.);
#2609 = ADVANCED_FACE('',(#2610),#1339,.F.);
#2610 = FACE_BOUND('',#2611,.T.);
#2611 = EDGE_LOOP('',(#2612,#2613,#2636,#2662));
#2612 = ORIENTED_EDGE('',*,*,#1318,.T.);
#2613 = ORIENTED_EDGE('',*,*,#2614,.T.);
#2614 = EDGE_CURVE('',#1319,#2615,#2617,.T.);
#2615 = VERTEX_POINT('',#2616);
#2616 = CARTESIAN_POINT('',(-15.5,34.641016151378,8.));
#2617 = SEAM_CURVE('',#2618,(#2622,#2629),.PCURVE_S1.);
#2618 = LINE('',#2619,#2620);
#2619 = CARTESIAN_POINT('',(-15.5,34.641016151378,-20.));
#2620 = VECTOR('',#2621,1.);
#2621 = DIRECTION('',(0.,0.,1.));
#2622 = PCURVE('',#1339,#2623);
#2623 = DEFINITIONAL_REPRESENTATION('',(#2624),#2628);
#2624 = LINE('',#2625,#2626);
#2625 = CARTESIAN_POINT('',(-6.28318530718,0.));
#2626 = VECTOR('',#2627,1.);
#2627 = DIRECTION('',(-0.,-1.));
#2628 = ( GEOMETRIC_REPRESENTATION_CONTEXT(2) 
PARAMETRIC_REPRESENTATION_CONTEXT() REPRESENTATION_CONTEXT('2D SPACE',''
  ) );
#2629 = PCURVE('',#1339,#2630);
#2630 = DEFINITIONAL_REPRESENTATION('',(#2631),#2635);
#2631 = LINE('',#2632,#2633);
#2632 = CARTESIAN_POINT('',(-0.,0.));
#2633 = VECTOR('',#2634,1.);
#2634 = DIRECTION('',(-0.,-1.));
#2635 = ( GEOMETRIC_REPRESENTATION_CONTEXT(2) 
PARAMETRIC_REPRESENTATION_CONTEXT() REPRESENTATION_CONTEXT('2D SPACE',''
  ) );
#2636 = ORIENTED_EDGE('',*,*,#2637,.F.);
#2637 = EDGE_CURVE('',#2615,#2615,#2638,.T.);
#2638 = SURFACE_CURVE('',#2639,(#2644,#2651),.PCURVE_S1.);
#2639 = CIRCLE('',#2640,4.5);
#2640 = AXIS2_PLACEMENT_3D('',#2641,#2642,#2643);
#2641 = CARTESIAN_POINT('',(-20.,34.641016151378,8.));
#2642 = DIRECTION('',(0.,0.,-1.));
#2643 = DIRECTION('',(1.,0.,0.));
#2644 = PCURVE('',#1339,#2645);
#2645 = DEFINITIONAL_REPRESENTATION('',(#2646),#2650);
#2646 = LINE('',#2647,#2648);
#2647 = CARTESIAN_POINT('',(-6.28318530718,-28.));
#2648 = VECTOR('',#2649,1.);
#2649 = DIRECTION('',(1.,-0.));
#2650 = ( GEOMETRIC_REPRESENTATION_CONTEXT(2) 
PARAMETRIC_REPRESENTATION_CONTEXT() REPRESENTATION_CONTEXT('2D SPACE',''
  ) );
#2651 = PCURVE('',#1835,#2652);
#2652 = DEFINITIONAL_REPRESENTATION('',(#2653),#2661);
#2653 = ( BOUNDED_CURVE() B_SPLINE_CURVE(2,(#2654,#2655,#2656,#2657,
#2658,#2659,#2660),.UNSPECIFIED.,.T.,.F.) B_SPLINE_CURVE_WITH_KNOTS((1,2
    ,2,2,2,1),(-2.094395102393,0.,2.094395102393,4.188790204786,
6.28318530718,8.377580409573),.UNSPECIFIED.) CURVE() 
GEOMETRIC_REPRESENTATION_ITEM() RATIONAL_B_SPLINE_CURVE((1.,0.5,1.,0.5,
1.,0.5,1.)) REPRESENTATION_ITEM('') );
#2654 = CARTESIAN_POINT('',(-60.,34.641016151378));
#2655 = CARTESIAN_POINT('',(-60.,26.846787517318));
#2656 = CARTESIAN_POINT('',(-66.75,30.743901834348));
#2657 = CARTESIAN_POINT('',(-73.5,34.641016151378));
#2658 = CARTESIAN_POINT('',(-66.75,38.538130468408));
#2659 = CARTESIAN_POINT('',(-60.,42.435244785437));
#2660 = CARTESIAN_POINT('',(-60.,34.641016151378));
#2661 = ( GEOMETRIC_REPRESENTATION_CONTEXT(2) 
PARAMETRIC_REPRESENTATION_CONTEXT() REPRESENTATION_CONTEXT('2D SPACE',''
  ) );
#2662 = ORIENTED_EDGE('',*,*,#2614,.F.);
#2663 = ADVANCED_FACE('',(#2664),#1374,.F.);
#2664 = FACE_BOUND('',#2665,.T.);
#2665 = EDGE_LOOP('',(#2666,#2667,#2690,#2716));
#2666 = ORIENTED_EDGE('',*,*,#1353,.T.);
#2667 = ORIENTED_EDGE('',*,*,#2668,.T.);
#2668 = EDGE_CURVE('',#1354,#2669,#2671,.T.);
#2669 = VERTEX_POINT('',#2670);
#2670 = CARTESIAN_POINT('',(20.977669529664,17.677669529664,8.));
#2671 = SEAM_CURVE('',#2672,(#2676,#2683),.PCURVE_S1.);
#2672 = LINE('',#2673,#2674);
#2673 = CARTESIAN_POINT('',(20.977669529664,17.677669529664,-20.));
#2674 = VECTOR('',#2675,1.);
#2675 = DIRECTION('',(0.,0.,1.));
#2676 = PCURVE('',#1374,#2677);
#2677 = DEFINITIONAL_REPRESENTATION('',(#2678),#2682);
#2678 = LINE('',#2679,#2680);
#2679 = CARTESIAN_POINT('',(-6.28318530718,0.));
#2680 = VECTOR('',#2681,1.);
#2681 = DIRECTION('',(-0.,-1.));
#2682 = ( GEOMETRIC_REPRESENTATION_CONTEXT(2) 
PARAMETRIC_REPRESENTATION_CONTEXT() REPRESENTATION_CONTEXT('2D SPACE',''
  ) );
#2683 = PCURVE('',#1374,#2684);
#2684 = DEFINITIONAL_REPRESENTATION('',(#2685),#2689);
#2685 = LINE('',#2686,#2687);
#2686 = CARTESIAN_POINT('',(-0.,0.));
#2687 = VECTOR('',#2688,1.);
#2688 = DIRECTION('',(-0.,-1.));
#2689 = ( GEOMETRIC_REPRESENTATION_CONTEXT(2) 
PARAMETRIC_REPRESENTATION_CONTEXT() REPRESENTATION_CONTEXT('2D SPACE',''
  ) );
#2690 = ORIENTED_EDGE('',*,*,#2691,.F.);
#2691 = EDGE_CURVE('',#2669,#2669,#2692,.T.);
#2692 = SURFACE_CURVE('',#2693,(#2698,#2705),.PCURVE_S1.);
#2693 = CIRCLE('',#2694,3.3);
#2694 = AXIS2_PLACEMENT_3D('',#2695,#2696,#2697);
#2695 = CARTESIAN_POINT('',(17.677669529664,17.677669529664,8.));
#2696 = DIRECTION('',(0.,0.,-1.));
#2697 = DIRECTION('',(1.,0.,0.));
#2698 = PCURVE('',#1374,#2699);
#2699 = DEFINITIONAL_REPRESENTATION('',(#2700),#2704);
#2700 = LINE('',#2701,#2702);
#2701 = CARTESIAN_POINT('',(-6.28318530718,-28.));
#2702 = VECTOR('',#2703,1.);
#2703 = DIRECTION('',(1.,-0.));
#2704 = ( GEOMETRIC_REPRESENTATION_CONTEXT(2) 
PARAMETRIC_REPRESENTATION_CONTEXT() REPRESENTATION_CONTEXT('2D SPACE',''
  ) );
#2705 = PCURVE('',#1835,#2706);
#2706 = DEFINITIONAL_REPRESENTATION('',(#2707),#2715);
#2707 = ( BOUNDED_CURVE() B_SPLINE_CURVE(2,(#2708,#2709,#2710,#2711,
#2712,#2713,#2714),.UNSPECIFIED.,.T.,.F.) B_SPLINE_CURVE_WITH_KNOTS((1,2
    ,2,2,2,1),(-2.094395102393,0.,2.094395102393,4.188790204786,
6.28318530718,8.377580409573),.UNSPECIFIED.) CURVE() 
GEOMETRIC_REPRESENTATION_ITEM() RATIONAL_B_SPLINE_CURVE((1.,0.5,1.,0.5,
1.,0.5,1.)) REPRESENTATION_ITEM('') );
#2708 = CARTESIAN_POINT('',(-23.52233047033,17.677669529664));
#2709 = CARTESIAN_POINT('',(-23.52233047033,11.961901864686));
#2710 = CARTESIAN_POINT('',(-28.47233047033,14.819785697175));
#2711 = CARTESIAN_POINT('',(-33.42233047033,17.677669529664));
#2712 = CARTESIAN_POINT('',(-28.47233047033,20.535553362152));
#2713 = CARTESIAN_POINT('',(-23.52233047033,23.393437194641));
#2714 = CARTESIAN_POINT('',(-23.52233047033,17.677669529664));
#2715 = ( GEOMETRIC_REPRESENTATION_CONTEXT(2) 
PARAMETRIC_REPRESENTATION_CONTEXT() REPRESENTATION_CONTEXT('2D SPACE',''
  ) );
#2716 = ORIENTED_EDGE('',*,*,#2668,.F.);
#2717 = ADVANCED_FACE('',(#2718),#1405,.F.);
#2718 = FACE_BOUND('',#2719,.F.);
#2719 = EDGE_LOOP('',(#2720,#2721,#2744,#2765));
#2720 = ORIENTED_EDGE('',*,*,#1388,.T.);
#2721 = ORIENTED_EDGE('',*,*,#2722,.T.);
#2722 = EDGE_CURVE('',#1391,#2723,#2725,.T.);
#2723 = VERTEX_POINT('',#2724);
#2724 = CARTESIAN_POINT('',(-3.1,23.6,8.));
#2725 = SURFACE_CURVE('',#2726,(#2730,#2737),.PCURVE_S1.);
#2726 = LINE('',#2727,#2728);
#2727 = CARTESIAN_POINT('',(-3.1,23.6,-20.));
#2728 = VECTOR('',#2729,1.);
#2729 = DIRECTION('',(0.,0.,1.));
#2730 = PCURVE('',#1405,#2731);
#2731 = DEFINITIONAL_REPRESENTATION('',(#2732),#2736);
#2732 = LINE('',#2733,#2734);
#2733 = CARTESIAN_POINT('',(0.,0.));
#2734 = VECTOR('',#2735,1.);
#2735 = DIRECTION('',(0.,-1.));
#2736 = ( GEOMETRIC_REPRESENTATION_CONTEXT(2) 
PARAMETRIC_REPRESENTATION_CONTEXT() REPRESENTATION_CONTEXT('2D SPACE',''
  ) );
#2737 = PCURVE('',#1494,#2738);
#2738 = DEFINITIONAL_REPRESENTATION('',(#2739),#2743);
#2739 = LINE('',#2740,#2741);
#2740 = CARTESIAN_POINT('',(3.14159265359,0.));
#2741 = VECTOR('',#2742,1.);
#2742 = DIRECTION('',(0.,-1.));
#2743 = ( GEOMETRIC_REPRESENTATION_CONTEXT(2) 
PARAMETRIC_REPRESENTATION_CONTEXT() REPRESENTATION_CONTEXT('2D SPACE',''
  ) );
#2744 = ORIENTED_EDGE('',*,*,#2745,.F.);
#2745 = EDGE_CURVE('',#2746,#2723,#2748,.T.);
#2746 = VERTEX_POINT('',#2747);
#2747 = CARTESIAN_POINT('',(-3.1,26.4,8.));
#2748 = SURFACE_CURVE('',#2749,(#2753,#2759),.PCURVE_S1.);
#2749 = LINE('',#2750,#2751);
#2750 = CARTESIAN_POINT('',(-3.1,11.8,8.));
#2751 = VECTOR('',#2752,1.);
#2752 = DIRECTION('',(-1.110223024625E-16,-1.,0.));
#2753 = PCURVE('',#1405,#2754);
#2754 = DEFINITIONAL_REPRESENTATION('',(#2755),#2758);
#2755 = B_SPLINE_CURVE_WITH_KNOTS('',1,(#2756,#2757),.UNSPECIFIED.,.F.,
  .F.,(2,2),(-14.6,-11.8),.PIECEWISE_BEZIER_KNOTS.);
#2756 = CARTESIAN_POINT('',(2.8,-28.));
#2757 = CARTESIAN_POINT('',(0.,-28.));
#2758 = ( GEOMETRIC_REPRESENTATION_CONTEXT(2) 
PARAMETRIC_REPRESENTATION_CONTEXT() REPRESENTATION_CONTEXT('2D SPACE',''
  ) );
#2759 = PCURVE('',#1835,#2760);
#2760 = DEFINITIONAL_REPRESENTATION('',(#2761),#2764);
#2761 = B_SPLINE_CURVE_WITH_KNOTS('',1,(#2762,#2763),.UNSPECIFIED.,.F.,
  .F.,(2,2),(-14.6,-11.8),.PIECEWISE_BEZIER_KNOTS.);
#2762 = CARTESIAN_POINT('',(-47.6,26.4));
#2763 = CARTESIAN_POINT('',(-47.6,23.6));
#2764 = ( GEOMETRIC_REPRESENTATION_CONTEXT(2) 
PARAMETRIC_REPRESENTATION_CONTEXT() REPRESENTATION_CONTEXT('2D SPACE',''
  ) );
#2765 = ORIENTED_EDGE('',*,*,#2766,.F.);
#2766 = EDGE_CURVE('',#1389,#2746,#2767,.T.);
#2767 = SURFACE_CURVE('',#2768,(#2772,#2779),.PCURVE_S1.);
#2768 = LINE('',#2769,#2770);
#2769 = CARTESIAN_POINT('',(-3.1,26.4,-20.));
#2770 = VECTOR('',#2771,1.);
#2771 = DIRECTION('',(0.,0.,1.));
#2772 = PCURVE('',#1405,#2773);
#2773 = DEFINITIONAL_REPRESENTATION('',(#2774),#2778);
#2774 = LINE('',#2775,#2776);
#2775 = CARTESIAN_POINT('',(2.8,0.));
#2776 = VECTOR('',#2777,1.);
#2777 = DIRECTION('',(0.,-1.));
#2778 = ( GEOMETRIC_REPRESENTATION_CONTEXT(2) 
PARAMETRIC_REPRESENTATION_CONTEXT() REPRESENTATION_CONTEXT('2D SPACE',''
  ) );
#2779 = PCURVE('',#1437,#2780);
#2780 = DEFINITIONAL_REPRESENTATION('',(#2781),#2785);
#2781 = LINE('',#2782,#2783);
#2782 = CARTESIAN_POINT('',(0.,0.));
#2783 = VECTOR('',#2784,1.);
#2784 = DIRECTION('',(0.,-1.));
#2785 = ( GEOMETRIC_REPRESENTATION_CONTEXT(2) 
PARAMETRIC_REPRESENTATION_CONTEXT() REPRESENTATION_CONTEXT('2D SPACE',''
  ) );
#2786 = ADVANCED_FACE('',(#2787),#1437,.F.);
#2787 = FACE_BOUND('',#2788,.F.);
#2788 = EDGE_LOOP('',(#2789,#2790,#2791,#2819));
#2789 = ORIENTED_EDGE('',*,*,#1416,.F.);
#2790 = ORIENTED_EDGE('',*,*,#2766,.T.);
#2791 = ORIENTED_EDGE('',*,*,#2792,.T.);
#2792 = EDGE_CURVE('',#2746,#2793,#2795,.T.);
#2793 = VERTEX_POINT('',#2794);
#2794 = CARTESIAN_POINT('',(3.1,26.4,8.));
#2795 = SURFACE_CURVE('',#2796,(#2801,#2808),.PCURVE_S1.);
#2796 = CIRCLE('',#2797,3.1);
#2797 = AXIS2_PLACEMENT_3D('',#2798,#2799,#2800);
#2798 = CARTESIAN_POINT('',(1.964931133798E-15,26.4,8.));
#2799 = DIRECTION('',(-0.,0.,-1.));
#2800 = DIRECTION('',(-1.,-3.223228136009E-17,0.));
#2801 = PCURVE('',#1437,#2802);
#2802 = DEFINITIONAL_REPRESENTATION('',(#2803),#2807);
#2803 = LINE('',#2804,#2805);
#2804 = CARTESIAN_POINT('',(0.,-28.));
#2805 = VECTOR('',#2806,1.);
#2806 = DIRECTION('',(1.,0.));
#2807 = ( GEOMETRIC_REPRESENTATION_CONTEXT(2) 
PARAMETRIC_REPRESENTATION_CONTEXT() REPRESENTATION_CONTEXT('2D SPACE',''
  ) );
#2808 = PCURVE('',#1835,#2809);
#2809 = DEFINITIONAL_REPRESENTATION('',(#2810),#2818);
#2810 = ( BOUNDED_CURVE() B_SPLINE_CURVE(2,(#2811,#2812,#2813,#2814,
#2815,#2816,#2817),.UNSPECIFIED.,.T.,.F.) B_SPLINE_CURVE_WITH_KNOTS((1,2
    ,2,2,2,1),(-2.094395102393,0.,2.094395102393,4.188790204786,
6.28318530718,8.377580409573),.UNSPECIFIED.) CURVE() 
GEOMETRIC_REPRESENTATION_ITEM() RATIONAL_B_SPLINE_CURVE((1.,0.5,1.,0.5,
1.,0.5,1.)) REPRESENTATION_ITEM('') );
#2811 = CARTESIAN_POINT('',(-47.6,26.4));
#2812 = CARTESIAN_POINT('',(-47.6,31.769357503464));
#2813 = CARTESIAN_POINT('',(-42.95,29.084678751732));
#2814 = CARTESIAN_POINT('',(-38.3,26.4));
#2815 = CARTESIAN_POINT('',(-42.95,23.715321248268));
#2816 = CARTESIAN_POINT('',(-47.6,21.030642496536));
#2817 = CARTESIAN_POINT('',(-47.6,26.4));
#2818 = ( GEOMETRIC_REPRESENTATION_CONTEXT(2) 
PARAMETRIC_REPRESENTATION_CONTEXT() REPRESENTATION_CONTEXT('2D SPACE',''
  ) );
#2819 = ORIENTED_EDGE('',*,*,#2820,.F.);
#2820 = EDGE_CURVE('',#1417,#2793,#2821,.T.);
#2821 = SURFACE_CURVE('',#2822,(#2826,#2833),.PCURVE_S1.);
#2822 = LINE('',#2823,#2824);
#2823 = CARTESIAN_POINT('',(3.1,26.4,-20.));
#2824 = VECTOR('',#2825,1.);
#2825 = DIRECTION('',(0.,0.,1.));
#2826 = PCURVE('',#1437,#2827);
#2827 = DEFINITIONAL_REPRESENTATION('',(#2828),#2832);
#2828 = LINE('',#2829,#2830);
#2829 = CARTESIAN_POINT('',(3.14159265359,0.));
#2830 = VECTOR('',#2831,1.);
#2831 = DIRECTION('',(0.,-1.));
#2832 = ( GEOMETRIC_REPRESENTATION_CONTEXT(2) 
PARAMETRIC_REPRESENTATION_CONTEXT() REPRESENTATION_CONTEXT('2D SPACE',''
  ) );
#2833 = PCURVE('',#1464,#2834);
#2834 = DEFINITIONAL_REPRESENTATION('',(#2835),#2839);
#2835 = LINE('',#2836,#2837);
#2836 = CARTESIAN_POINT('',(0.,0.));
#2837 = VECTOR('',#2838,1.);
#2838 = DIRECTION('',(0.,-1.));
#2839 = ( GEOMETRIC_REPRESENTATION_CONTEXT(2) 
PARAMETRIC_REPRESENTATION_CONTEXT() REPRESENTATION_CONTEXT('2D SPACE',''
  ) );
#2840 = ADVANCED_FACE('',(#2841),#1494,.F.);
#2841 = FACE_BOUND('',#2842,.F.);
#2842 = EDGE_LOOP('',(#2843,#2844,#2867,#2893));
#2843 = ORIENTED_EDGE('',*,*,#1475,.F.);
#2844 = ORIENTED_EDGE('',*,*,#2845,.T.);
#2845 = EDGE_CURVE('',#1450,#2846,#2848,.T.);
#2846 = VERTEX_POINT('',#2847);
#2847 = CARTESIAN_POINT('',(3.1,23.6,8.));
#2848 = SURFACE_CURVE('',#2849,(#2853,#2860),.PCURVE_S1.);
#2849 = LINE('',#2850,#2851);
#2850 = CARTESIAN_POINT('',(3.1,23.6,-20.));
#2851 = VECTOR('',#2852,1.);
#2852 = DIRECTION('',(0.,0.,1.));
#2853 = PCURVE('',#1494,#2854);
#2854 = DEFINITIONAL_REPRESENTATION('',(#2855),#2859);
#2855 = LINE('',#2856,#2857);
#2856 = CARTESIAN_POINT('',(0.,0.));
#2857 = VECTOR('',#2858,1.);
#2858 = DIRECTION('',(0.,-1.));
#2859 = ( GEOMETRIC_REPRESENTATION_CONTEXT(2) 
PARAMETRIC_REPRESENTATION_CONTEXT() REPRESENTATION_CONTEXT('2D SPACE',''
  ) );
#2860 = PCURVE('',#1464,#2861);
#2861 = DEFINITIONAL_REPRESENTATION('',(#2862),#2866);
#2862 = LINE('',#2863,#2864);
#2863 = CARTESIAN_POINT('',(2.8,0.));
#2864 = VECTOR('',#2865,1.);
#2865 = DIRECTION('',(0.,-1.));
#2866 = ( GEOMETRIC_REPRESENTATION_CONTEXT(2) 
PARAMETRIC_REPRESENTATION_CONTEXT() REPRESENTATION_CONTEXT('2D SPACE',''
  ) );
#2867 = ORIENTED_EDGE('',*,*,#2868,.T.);
#2868 = EDGE_CURVE('',#2846,#2723,#2869,.T.);
#2869 = SURFACE_CURVE('',#2870,(#2875,#2882),.PCURVE_S1.);
#2870 = CIRCLE('',#2871,3.1);
#2871 = AXIS2_PLACEMENT_3D('',#2872,#2873,#2874);
#2872 = CARTESIAN_POINT('',(1.09668586407E-15,23.6,8.));
#2873 = DIRECTION('',(0.,0.,-1.));
#2874 = DIRECTION('',(1.,3.223228136009E-17,0.));
#2875 = PCURVE('',#1494,#2876);
#2876 = DEFINITIONAL_REPRESENTATION('',(#2877),#2881);
#2877 = LINE('',#2878,#2879);
#2878 = CARTESIAN_POINT('',(0.,-28.));
#2879 = VECTOR('',#2880,1.);
#2880 = DIRECTION('',(1.,0.));
#2881 = ( GEOMETRIC_REPRESENTATION_CONTEXT(2) 
PARAMETRIC_REPRESENTATION_CONTEXT() REPRESENTATION_CONTEXT('2D SPACE',''
  ) );
#2882 = PCURVE('',#1835,#2883);
#2883 = DEFINITIONAL_REPRESENTATION('',(#2884),#2892);
#2884 = ( BOUNDED_CURVE() B_SPLINE_CURVE(2,(#2885,#2886,#2887,#2888,
#2889,#2890,#2891),.UNSPECIFIED.,.T.,.F.) B_SPLINE_CURVE_WITH_KNOTS((1,2
    ,2,2,2,1),(-2.094395102393,0.,2.094395102393,4.188790204786,
6.28318530718,8.377580409573),.UNSPECIFIED.) CURVE() 
GEOMETRIC_REPRESENTATION_ITEM() RATIONAL_B_SPLINE_CURVE((1.,0.5,1.,0.5,
1.,0.5,1.)) REPRESENTATION_ITEM('') );
#2885 = CARTESIAN_POINT('',(-41.4,23.6));
#2886 = CARTESIAN_POINT('',(-41.4,18.230642496536));
#2887 = CARTESIAN_POINT('',(-46.05,20.915321248268));
#2888 = CARTESIAN_POINT('',(-50.7,23.6));
#2889 = CARTESIAN_POINT('',(-46.05,26.284678751732));
#2890 = CARTESIAN_POINT('',(-41.4,28.969357503464));
#2891 = CARTESIAN_POINT('',(-41.4,23.6));
#2892 = ( GEOMETRIC_REPRESENTATION_CONTEXT(2) 
PARAMETRIC_REPRESENTATION_CONTEXT() REPRESENTATION_CONTEXT('2D SPACE',''
  ) );
#2893 = ORIENTED_EDGE('',*,*,#2722,.F.);
#2894 = ADVANCED_FACE('',(#2895),#1464,.F.);
#2895 = FACE_BOUND('',#2896,.F.);
#2896 = EDGE_LOOP('',(#2897,#2898,#2899,#2918));
#2897 = ORIENTED_EDGE('',*,*,#1449,.T.);
#2898 = ORIENTED_EDGE('',*,*,#2820,.T.);
#2899 = ORIENTED_EDGE('',*,*,#2900,.F.);
#2900 = EDGE_CURVE('',#2846,#2793,#2901,.T.);
#2901 = SURFACE_CURVE('',#2902,(#2906,#2912),.PCURVE_S1.);
#2902 = LINE('',#2903,#2904);
#2903 = CARTESIAN_POINT('',(3.1,13.2,8.));
#2904 = VECTOR('',#2905,1.);
#2905 = DIRECTION('',(1.110223024625E-16,1.,-0.));
#2906 = PCURVE('',#1464,#2907);
#2907 = DEFINITIONAL_REPRESENTATION('',(#2908),#2911);
#2908 = B_SPLINE_CURVE_WITH_KNOTS('',1,(#2909,#2910),.UNSPECIFIED.,.F.,
  .F.,(2,2),(10.4,13.2),.PIECEWISE_BEZIER_KNOTS.);
#2909 = CARTESIAN_POINT('',(2.8,-28.));
#2910 = CARTESIAN_POINT('',(0.,-28.));
#2911 = ( GEOMETRIC_REPRESENTATION_CONTEXT(2) 
PARAMETRIC_REPRESENTATION_CONTEXT() REPRESENTATION_CONTEXT('2D SPACE',''
  ) );
#2912 = PCURVE('',#1835,#2913);
#2913 = DEFINITIONAL_REPRESENTATION('',(#2914),#2917);
#2914 = B_SPLINE_CURVE_WITH_KNOTS('',1,(#2915,#2916),.UNSPECIFIED.,.F.,
  .F.,(2,2),(10.4,13.2),.PIECEWISE_BEZIER_KNOTS.);
#2915 = CARTESIAN_POINT('',(-41.4,23.6));
#2916 = CARTESIAN_POINT('',(-41.4,26.4));
#2917 = ( GEOMETRIC_REPRESENTATION_CONTEXT(2) 
PARAMETRIC_REPRESENTATION_CONTEXT() REPRESENTATION_CONTEXT('2D SPACE',''
  ) );
#2918 = ORIENTED_EDGE('',*,*,#2845,.F.);
#2919 = ADVANCED_FACE('',(#2920),#1529,.F.);
#2920 = FACE_BOUND('',#2921,.T.);
#2921 = EDGE_LOOP('',(#2922,#2923,#2946,#2972));
#2922 = ORIENTED_EDGE('',*,*,#1508,.T.);
#2923 = ORIENTED_EDGE('',*,*,#2924,.T.);
#2924 = EDGE_CURVE('',#1509,#2925,#2927,.T.);
#2925 = VERTEX_POINT('',#2926);
#2926 = CARTESIAN_POINT('',(24.5,34.641016151378,8.));
#2927 = SEAM_CURVE('',#2928,(#2932,#2939),.PCURVE_S1.);
#2928 = LINE('',#2929,#2930);
#2929 = CARTESIAN_POINT('',(24.5,34.641016151378,-20.));
#2930 = VECTOR('',#2931,1.);
#2931 = DIRECTION('',(0.,0.,1.));
#2932 = PCURVE('',#1529,#2933);
#2933 = DEFINITIONAL_REPRESENTATION('',(#2934),#2938);
#2934 = LINE('',#2935,#2936);
#2935 = CARTESIAN_POINT('',(-6.28318530718,0.));
#2936 = VECTOR('',#2937,1.);
#2937 = DIRECTION('',(-0.,-1.));
#2938 = ( GEOMETRIC_REPRESENTATION_CONTEXT(2) 
PARAMETRIC_REPRESENTATION_CONTEXT() REPRESENTATION_CONTEXT('2D SPACE',''
  ) );
#2939 = PCURVE('',#1529,#2940);
#2940 = DEFINITIONAL_REPRESENTATION('',(#2941),#2945);
#2941 = LINE('',#2942,#2943);
#2942 = CARTESIAN_POINT('',(-0.,0.));
#2943 = VECTOR('',#2944,1.);
#2944 = DIRECTION('',(-0.,-1.));
#2945 = ( GEOMETRIC_REPRESENTATION_CONTEXT(2) 
PARAMETRIC_REPRESENTATION_CONTEXT() REPRESENTATION_CONTEXT('2D SPACE',''
  ) );
#2946 = ORIENTED_EDGE('',*,*,#2947,.F.);
#2947 = EDGE_CURVE('',#2925,#2925,#2948,.T.);
#2948 = SURFACE_CURVE('',#2949,(#2954,#2961),.PCURVE_S1.);
#2949 = CIRCLE('',#2950,4.5);
#2950 = AXIS2_PLACEMENT_3D('',#2951,#2952,#2953);
#2951 = CARTESIAN_POINT('',(20.,34.641016151378,8.));
#2952 = DIRECTION('',(0.,0.,-1.));
#2953 = DIRECTION('',(1.,0.,0.));
#2954 = PCURVE('',#1529,#2955);
#2955 = DEFINITIONAL_REPRESENTATION('',(#2956),#2960);
#2956 = LINE('',#2957,#2958);
#2957 = CARTESIAN_POINT('',(-6.28318530718,-28.));
#2958 = VECTOR('',#2959,1.);
#2959 = DIRECTION('',(1.,-0.));
#2960 = ( GEOMETRIC_REPRESENTATION_CONTEXT(2) 
PARAMETRIC_REPRESENTATION_CONTEXT() REPRESENTATION_CONTEXT('2D SPACE',''
  ) );
#2961 = PCURVE('',#1835,#2962);
#2962 = DEFINITIONAL_REPRESENTATION('',(#2963),#2971);
#2963 = ( BOUNDED_CURVE() B_SPLINE_CURVE(2,(#2964,#2965,#2966,#2967,
#2968,#2969,#2970),.UNSPECIFIED.,.T.,.F.) B_SPLINE_CURVE_WITH_KNOTS((1,2
    ,2,2,2,1),(-2.094395102393,0.,2.094395102393,4.188790204786,
6.28318530718,8.377580409573),.UNSPECIFIED.) CURVE() 
GEOMETRIC_REPRESENTATION_ITEM() RATIONAL_B_SPLINE_CURVE((1.,0.5,1.,0.5,
1.,0.5,1.)) REPRESENTATION_ITEM('') );
#2964 = CARTESIAN_POINT('',(-20.,34.641016151378));
#2965 = CARTESIAN_POINT('',(-20.,26.846787517318));
#2966 = CARTESIAN_POINT('',(-26.75,30.743901834348));
#2967 = CARTESIAN_POINT('',(-33.5,34.641016151378));
#2968 = CARTESIAN_POINT('',(-26.75,38.538130468408));
#2969 = CARTESIAN_POINT('',(-20.,42.435244785437));
#2970 = CARTESIAN_POINT('',(-20.,34.641016151378));
#2971 = ( GEOMETRIC_REPRESENTATION_CONTEXT(2) 
PARAMETRIC_REPRESENTATION_CONTEXT() REPRESENTATION_CONTEXT('2D SPACE',''
  ) );
#2972 = ORIENTED_EDGE('',*,*,#2924,.F.);
#2973 = ADVANCED_FACE('',(#2974),#1560,.F.);
#2974 = FACE_BOUND('',#2975,.F.);
#2975 = EDGE_LOOP('',(#2976,#2977,#3000,#3021));
#2976 = ORIENTED_EDGE('',*,*,#1543,.T.);
#2977 = ORIENTED_EDGE('',*,*,#2978,.T.);
#2978 = EDGE_CURVE('',#1546,#2979,#2981,.T.);
#2979 = VERTEX_POINT('',#2980);
#2980 = CARTESIAN_POINT('',(-4.1,38.6,8.));
#2981 = SURFACE_CURVE('',#2982,(#2986,#2993),.PCURVE_S1.);
#2982 = LINE('',#2983,#2984);
#2983 = CARTESIAN_POINT('',(-4.1,38.6,-20.));
#2984 = VECTOR('',#2985,1.);
#2985 = DIRECTION('',(0.,0.,1.));
#2986 = PCURVE('',#1560,#2987);
#2987 = DEFINITIONAL_REPRESENTATION('',(#2988),#2992);
#2988 = LINE('',#2989,#2990);
#2989 = CARTESIAN_POINT('',(0.,0.));
#2990 = VECTOR('',#2991,1.);
#2991 = DIRECTION('',(0.,-1.));
#2992 = ( GEOMETRIC_REPRESENTATION_CONTEXT(2) 
PARAMETRIC_REPRESENTATION_CONTEXT() REPRESENTATION_CONTEXT('2D SPACE',''
  ) );
#2993 = PCURVE('',#1649,#2994);
#2994 = DEFINITIONAL_REPRESENTATION('',(#2995),#2999);
#2995 = LINE('',#2996,#2997);
#2996 = CARTESIAN_POINT('',(3.14159265359,0.));
#2997 = VECTOR('',#2998,1.);
#2998 = DIRECTION('',(0.,-1.));
#2999 = ( GEOMETRIC_REPRESENTATION_CONTEXT(2) 
PARAMETRIC_REPRESENTATION_CONTEXT() REPRESENTATION_CONTEXT('2D SPACE',''
  ) );
#3000 = ORIENTED_EDGE('',*,*,#3001,.F.);
#3001 = EDGE_CURVE('',#3002,#2979,#3004,.T.);
#3002 = VERTEX_POINT('',#3003);
#3003 = CARTESIAN_POINT('',(-4.1,41.4,8.));
#3004 = SURFACE_CURVE('',#3005,(#3009,#3015),.PCURVE_S1.);
#3005 = LINE('',#3006,#3007);
#3006 = CARTESIAN_POINT('',(-4.1,19.3,8.));
#3007 = VECTOR('',#3008,1.);
#3008 = DIRECTION('',(-1.110223024625E-16,-1.,0.));
#3009 = PCURVE('',#1560,#3010);
#3010 = DEFINITIONAL_REPRESENTATION('',(#3011),#3014);
#3011 = B_SPLINE_CURVE_WITH_KNOTS('',1,(#3012,#3013),.UNSPECIFIED.,.F.,
  .F.,(2,2),(-22.1,-19.3),.PIECEWISE_BEZIER_KNOTS.);
#3012 = CARTESIAN_POINT('',(2.8,-28.));
#3013 = CARTESIAN_POINT('',(0.,-28.));
#3014 = ( GEOMETRIC_REPRESENTATION_CONTEXT(2) 
PARAMETRIC_REPRESENTATION_CONTEXT() REPRESENTATION_CONTEXT('2D SPACE',''
  ) );
#3015 = PCURVE('',#1835,#3016);
#3016 = DEFINITIONAL_REPRESENTATION('',(#3017),#3020);
#3017 = B_SPLINE_CURVE_WITH_KNOTS('',1,(#3018,#3019),.UNSPECIFIED.,.F.,
  .F.,(2,2),(-22.1,-19.3),.PIECEWISE_BEZIER_KNOTS.);
#3018 = CARTESIAN_POINT('',(-48.6,41.4));
#3019 = CARTESIAN_POINT('',(-48.6,38.6));
#3020 = ( GEOMETRIC_REPRESENTATION_CONTEXT(2) 
PARAMETRIC_REPRESENTATION_CONTEXT() REPRESENTATION_CONTEXT('2D SPACE',''
  ) );
#3021 = ORIENTED_EDGE('',*,*,#3022,.F.);
#3022 = EDGE_CURVE('',#1544,#3002,#3023,.T.);
#3023 = SURFACE_CURVE('',#3024,(#3028,#3035),.PCURVE_S1.);
#3024 = LINE('',#3025,#3026);
#3025 = CARTESIAN_POINT('',(-4.1,41.4,-20.));
#3026 = VECTOR('',#3027,1.);
#3027 = DIRECTION('',(0.,0.,1.));
#3028 = PCURVE('',#1560,#3029);
#3029 = DEFINITIONAL_REPRESENTATION('',(#3030),#3034);
#3030 = LINE('',#3031,#3032);
#3031 = CARTESIAN_POINT('',(2.8,0.));
#3032 = VECTOR('',#3033,1.);
#3033 = DIRECTION('',(0.,-1.));
#3034 = ( GEOMETRIC_REPRESENTATION_CONTEXT(2) 
PARAMETRIC_REPRESENTATION_CONTEXT() REPRESENTATION_CONTEXT('2D SPACE',''
  ) );
#3035 = PCURVE('',#1592,#3036);
#3036 = DEFINITIONAL_REPRESENTATION('',(#3037),#3041);
#3037 = LINE('',#3038,#3039);
#3038 = CARTESIAN_POINT('',(0.,0.));
#3039 = VECTOR('',#3040,1.);
#3040 = DIRECTION('',(0.,-1.));
#3041 = ( GEOMETRIC_REPRESENTATION_CONTEXT(2) 
PARAMETRIC_REPRESENTATION_CONTEXT() REPRESENTATION_CONTEXT('2D SPACE',''
  ) );
#3042 = ADVANCED_FACE('',(#3043),#1649,.F.);
#3043 = FACE_BOUND('',#3044,.F.);
#3044 = EDGE_LOOP('',(#3045,#3046,#3069,#3095));
#3045 = ORIENTED_EDGE('',*,*,#1630,.F.);
#3046 = ORIENTED_EDGE('',*,*,#3047,.T.);
#3047 = EDGE_CURVE('',#1605,#3048,#3050,.T.);
#3048 = VERTEX_POINT('',#3049);
#3049 = CARTESIAN_POINT('',(4.1,38.6,8.));
#3050 = SURFACE_CURVE('',#3051,(#3055,#3062),.PCURVE_S1.);
#3051 = LINE('',#3052,#3053);
#3052 = CARTESIAN_POINT('',(4.1,38.6,-20.));
#3053 = VECTOR('',#3054,1.);
#3054 = DIRECTION('',(0.,0.,1.));
#3055 = PCURVE('',#1649,#3056);
#3056 = DEFINITIONAL_REPRESENTATION('',(#3057),#3061);
#3057 = LINE('',#3058,#3059);
#3058 = CARTESIAN_POINT('',(0.,0.));
#3059 = VECTOR('',#3060,1.);
#3060 = DIRECTION('',(0.,-1.));
#3061 = ( GEOMETRIC_REPRESENTATION_CONTEXT(2) 
PARAMETRIC_REPRESENTATION_CONTEXT() REPRESENTATION_CONTEXT('2D SPACE',''
  ) );
#3062 = PCURVE('',#1619,#3063);
#3063 = DEFINITIONAL_REPRESENTATION('',(#3064),#3068);
#3064 = LINE('',#3065,#3066);
#3065 = CARTESIAN_POINT('',(2.8,0.));
#3066 = VECTOR('',#3067,1.);
#3067 = DIRECTION('',(0.,-1.));
#3068 = ( GEOMETRIC_REPRESENTATION_CONTEXT(2) 
PARAMETRIC_REPRESENTATION_CONTEXT() REPRESENTATION_CONTEXT('2D SPACE',''
  ) );
#3069 = ORIENTED_EDGE('',*,*,#3070,.T.);
#3070 = EDGE_CURVE('',#3048,#2979,#3071,.T.);
#3071 = SURFACE_CURVE('',#3072,(#3077,#3084),.PCURVE_S1.);
#3072 = CIRCLE('',#3073,4.1);
#3073 = AXIS2_PLACEMENT_3D('',#3074,#3075,#3076);
#3074 = CARTESIAN_POINT('',(1.975918651964E-15,38.6,8.));
#3075 = DIRECTION('',(0.,-0.,-1.));
#3076 = DIRECTION('',(1.,-1.110223024625E-16,0.));
#3077 = PCURVE('',#1649,#3078);
#3078 = DEFINITIONAL_REPRESENTATION('',(#3079),#3083);
#3079 = LINE('',#3080,#3081);
#3080 = CARTESIAN_POINT('',(0.,-28.));
#3081 = VECTOR('',#3082,1.);
#3082 = DIRECTION('',(1.,0.));
#3083 = ( GEOMETRIC_REPRESENTATION_CONTEXT(2) 
PARAMETRIC_REPRESENTATION_CONTEXT() REPRESENTATION_CONTEXT('2D SPACE',''
  ) );
#3084 = PCURVE('',#1835,#3085);
#3085 = DEFINITIONAL_REPRESENTATION('',(#3086),#3094);
#3086 = ( BOUNDED_CURVE() B_SPLINE_CURVE(2,(#3087,#3088,#3089,#3090,
#3091,#3092,#3093),.UNSPECIFIED.,.T.,.F.) B_SPLINE_CURVE_WITH_KNOTS((1,2
    ,2,2,2,1),(-2.094395102393,0.,2.094395102393,4.188790204786,
6.28318530718,8.377580409573),.UNSPECIFIED.) CURVE() 
GEOMETRIC_REPRESENTATION_ITEM() RATIONAL_B_SPLINE_CURVE((1.,0.5,1.,0.5,
1.,0.5,1.)) REPRESENTATION_ITEM('') );
#3087 = CARTESIAN_POINT('',(-40.4,38.6));
#3088 = CARTESIAN_POINT('',(-40.4,31.498591688968));
#3089 = CARTESIAN_POINT('',(-46.55,35.049295844484));
#3090 = CARTESIAN_POINT('',(-52.7,38.6));
#3091 = CARTESIAN_POINT('',(-46.55,42.150704155516));
#3092 = CARTESIAN_POINT('',(-40.4,45.701408311032));
#3093 = CARTESIAN_POINT('',(-40.4,38.6));
#3094 = ( GEOMETRIC_REPRESENTATION_CONTEXT(2) 
PARAMETRIC_REPRESENTATION_CONTEXT() REPRESENTATION_CONTEXT('2D SPACE',''
  ) );
#3095 = ORIENTED_EDGE('',*,*,#2978,.F.);
#3096 = ADVANCED_FACE('',(#3097),#1619,.F.);
#3097 = FACE_BOUND('',#3098,.F.);
#3098 = EDGE_LOOP('',(#3099,#3100,#3123,#3142));
#3099 = ORIENTED_EDGE('',*,*,#1604,.T.);
#3100 = ORIENTED_EDGE('',*,*,#3101,.T.);
#3101 = EDGE_CURVE('',#1572,#3102,#3104,.T.);
#3102 = VERTEX_POINT('',#3103);
#3103 = CARTESIAN_POINT('',(4.1,41.4,8.));
#3104 = SURFACE_CURVE('',#3105,(#3109,#3116),.PCURVE_S1.);
#3105 = LINE('',#3106,#3107);
#3106 = CARTESIAN_POINT('',(4.1,41.4,-20.));
#3107 = VECTOR('',#3108,1.);
#3108 = DIRECTION('',(0.,0.,1.));
#3109 = PCURVE('',#1619,#3110);
#3110 = DEFINITIONAL_REPRESENTATION('',(#3111),#3115);
#3111 = LINE('',#3112,#3113);
#3112 = CARTESIAN_POINT('',(0.,0.));
#3113 = VECTOR('',#3114,1.);
#3114 = DIRECTION('',(0.,-1.));
#3115 = ( GEOMETRIC_REPRESENTATION_CONTEXT(2) 
PARAMETRIC_REPRESENTATION_CONTEXT() REPRESENTATION_CONTEXT('2D SPACE',''
  ) );
#3116 = PCURVE('',#1592,#3117);
#3117 = DEFINITIONAL_REPRESENTATION('',(#3118),#3122);
#3118 = LINE('',#3119,#3120);
#3119 = CARTESIAN_POINT('',(3.14159265359,0.));
#3120 = VECTOR('',#3121,1.);
#3121 = DIRECTION('',(0.,-1.));
#3122 = ( GEOMETRIC_REPRESENTATION_CONTEXT(2) 
PARAMETRIC_REPRESENTATION_CONTEXT() REPRESENTATION_CONTEXT('2D SPACE',''
  ) );
#3123 = ORIENTED_EDGE('',*,*,#3124,.F.);
#3124 = EDGE_CURVE('',#3048,#3102,#3125,.T.);
#3125 = SURFACE_CURVE('',#3126,(#3130,#3136),.PCURVE_S1.);
#3126 = LINE('',#3127,#3128);
#3127 = CARTESIAN_POINT('',(4.1,20.7,8.));
#3128 = VECTOR('',#3129,1.);
#3129 = DIRECTION('',(1.110223024625E-16,1.,-0.));
#3130 = PCURVE('',#1619,#3131);
#3131 = DEFINITIONAL_REPRESENTATION('',(#3132),#3135);
#3132 = B_SPLINE_CURVE_WITH_KNOTS('',1,(#3133,#3134),.UNSPECIFIED.,.F.,
  .F.,(2,2),(17.9,20.7),.PIECEWISE_BEZIER_KNOTS.);
#3133 = CARTESIAN_POINT('',(2.8,-28.));
#3134 = CARTESIAN_POINT('',(0.,-28.));
#3135 = ( GEOMETRIC_REPRESENTATION_CONTEXT(2) 
PARAMETRIC_REPRESENTATION_CONTEXT() REPRESENTATION_CONTEXT('2D SPACE',''
  ) );
#3136 = PCURVE('',#1835,#3137);
#3137 = DEFINITIONAL_REPRESENTATION('',(#3138),#3141);
#3138 = B_SPLINE_CURVE_WITH_KNOTS('',1,(#3139,#3140),.UNSPECIFIED.,.F.,
  .F.,(2,2),(17.9,20.7),.PIECEWISE_BEZIER_KNOTS.);
#3139 = CARTESIAN_POINT('',(-40.4,38.6));
#3140 = CARTESIAN_POINT('',(-40.4,41.4));
#3141 = ( GEOMETRIC_REPRESENTATION_CONTEXT(2) 
PARAMETRIC_REPRESENTATION_CONTEXT() REPRESENTATION_CONTEXT('2D SPACE',''
  ) );
#3142 = ORIENTED_EDGE('',*,*,#3047,.F.);
#3143 = ADVANCED_FACE('',(#3144),#1592,.F.);
#3144 = FACE_BOUND('',#3145,.F.);
#3145 = EDGE_LOOP('',(#3146,#3147,#3148,#3174));
#3146 = ORIENTED_EDGE('',*,*,#1571,.F.);
#3147 = ORIENTED_EDGE('',*,*,#3022,.T.);
#3148 = ORIENTED_EDGE('',*,*,#3149,.T.);
#3149 = EDGE_CURVE('',#3002,#3102,#3150,.T.);
#3150 = SURFACE_CURVE('',#3151,(#3156,#3163),.PCURVE_S1.);
#3151 = CIRCLE('',#3152,4.1);
#3152 = AXIS2_PLACEMENT_3D('',#3153,#3154,#3155);
#3153 = CARTESIAN_POINT('',(2.922668544626E-15,41.4,8.));
#3154 = DIRECTION('',(0.,0.,-1.));
#3155 = DIRECTION('',(-1.,1.110223024625E-16,0.));
#3156 = PCURVE('',#1592,#3157);
#3157 = DEFINITIONAL_REPRESENTATION('',(#3158),#3162);
#3158 = LINE('',#3159,#3160);
#3159 = CARTESIAN_POINT('',(0.,-28.));
#3160 = VECTOR('',#3161,1.);
#3161 = DIRECTION('',(1.,0.));
#3162 = ( GEOMETRIC_REPRESENTATION_CONTEXT(2) 
PARAMETRIC_REPRESENTATION_CONTEXT() REPRESENTATION_CONTEXT('2D SPACE',''
  ) );
#3163 = PCURVE('',#1835,#3164);
#3164 = DEFINITIONAL_REPRESENTATION('',(#3165),#3173);
#3165 = ( BOUNDED_CURVE() B_SPLINE_CURVE(2,(#3166,#3167,#3168,#3169,
#3170,#3171,#3172),.UNSPECIFIED.,.T.,.F.) B_SPLINE_CURVE_WITH_KNOTS((1,2
    ,2,2,2,1),(-2.094395102393,0.,2.094395102393,4.188790204786,
6.28318530718,8.377580409573),.UNSPECIFIED.) CURVE() 
GEOMETRIC_REPRESENTATION_ITEM() RATIONAL_B_SPLINE_CURVE((1.,0.5,1.,0.5,
1.,0.5,1.)) REPRESENTATION_ITEM('') );
#3166 = CARTESIAN_POINT('',(-48.6,41.4));
#3167 = CARTESIAN_POINT('',(-48.6,48.501408311032));
#3168 = CARTESIAN_POINT('',(-42.45,44.950704155516));
#3169 = CARTESIAN_POINT('',(-36.3,41.4));
#3170 = CARTESIAN_POINT('',(-42.45,37.849295844484));
#3171 = CARTESIAN_POINT('',(-48.6,34.298591688968));
#3172 = CARTESIAN_POINT('',(-48.6,41.4));
#3173 = ( GEOMETRIC_REPRESENTATION_CONTEXT(2) 
PARAMETRIC_REPRESENTATION_CONTEXT() REPRESENTATION_CONTEXT('2D SPACE',''
  ) );
#3174 = ORIENTED_EDGE('',*,*,#3101,.F.);
#3175 = ADVANCED_FACE('',(#3176),#1703,.T.);
#3176 = FACE_BOUND('',#3177,.T.);
#3177 = EDGE_LOOP('',(#3178,#3179,#3180,#3181));
#3178 = ORIENTED_EDGE('',*,*,#1847,.T.);
#3179 = ORIENTED_EDGE('',*,*,#1686,.T.);
#3180 = ORIENTED_EDGE('',*,*,#1878,.T.);
#3181 = ORIENTED_EDGE('',*,*,#3182,.F.);
#3182 = EDGE_CURVE('',#1820,#1879,#3183,.T.);
#3183 = SURFACE_CURVE('',#3184,(#3189,#3196),.PCURVE_S1.);
#3184 = CIRCLE('',#3185,49.);
#3185 = AXIS2_PLACEMENT_3D('',#3186,#3187,#3188);
#3186 = CARTESIAN_POINT('',(0.,0.,8.));
#3187 = DIRECTION('',(0.,0.,1.));
#3188 = DIRECTION('',(1.,0.,-0.));
#3189 = PCURVE('',#1703,#3190);
#3190 = DEFINITIONAL_REPRESENTATION('',(#3191),#3195);
#3191 = LINE('',#3192,#3193);
#3192 = CARTESIAN_POINT('',(-0.,-1.));
#3193 = VECTOR('',#3194,1.);
#3194 = DIRECTION('',(-1.,-0.));
#3195 = ( GEOMETRIC_REPRESENTATION_CONTEXT(2) 
PARAMETRIC_REPRESENTATION_CONTEXT() REPRESENTATION_CONTEXT('2D SPACE',''
  ) );
#3196 = PCURVE('',#1835,#3197);
#3197 = DEFINITIONAL_REPRESENTATION('',(#3198),#3202);
#3198 = CIRCLE('',#3199,49.);
#3199 = AXIS2_PLACEMENT_2D('',#3200,#3201);
#3200 = CARTESIAN_POINT('',(-44.5,0.));
#3201 = DIRECTION('',(1.,0.));
#3202 = ( GEOMETRIC_REPRESENTATION_CONTEXT(2) 
PARAMETRIC_REPRESENTATION_CONTEXT() REPRESENTATION_CONTEXT('2D SPACE',''
  ) );
#3203 = ADVANCED_FACE('',(#3204),#1779,.T.);
#3204 = FACE_BOUND('',#3205,.T.);
#3205 = EDGE_LOOP('',(#3206,#3230,#3251,#3252));
#3206 = ORIENTED_EDGE('',*,*,#3207,.T.);
#3207 = EDGE_CURVE('',#1764,#3208,#3210,.T.);
#3208 = VERTEX_POINT('',#3209);
#3209 = CARTESIAN_POINT('',(59.,27.,-19.05));
#3210 = SURFACE_CURVE('',#3211,(#3216,#3223),.PCURVE_S1.);
#3211 = CIRCLE('',#3212,6.);
#3212 = AXIS2_PLACEMENT_3D('',#3213,#3214,#3215);
#3213 = CARTESIAN_POINT('',(59.,27.,-13.05));
#3214 = DIRECTION('',(-1.,0.,0.));
#3215 = DIRECTION('',(0.,0.,-1.));
#3216 = PCURVE('',#1779,#3217);
#3217 = DEFINITIONAL_REPRESENTATION('',(#3218),#3222);
#3218 = LINE('',#3219,#3220);
#3219 = CARTESIAN_POINT('',(-4.712388980385,0.));
#3220 = VECTOR('',#3221,1.);
#3221 = DIRECTION('',(1.,0.));
#3222 = ( GEOMETRIC_REPRESENTATION_CONTEXT(2) 
PARAMETRIC_REPRESENTATION_CONTEXT() REPRESENTATION_CONTEXT('2D SPACE',''
  ) );
#3223 = PCURVE('',#1807,#3224);
#3224 = DEFINITIONAL_REPRESENTATION('',(#3225),#3229);
#3225 = CIRCLE('',#3226,6.);
#3226 = AXIS2_PLACEMENT_2D('',#3227,#3228);
#3227 = CARTESIAN_POINT('',(60.,-6.));
#3228 = DIRECTION('',(0.,1.));
#3229 = ( GEOMETRIC_REPRESENTATION_CONTEXT(2) 
PARAMETRIC_REPRESENTATION_CONTEXT() REPRESENTATION_CONTEXT('2D SPACE',''
  ) );
#3230 = ORIENTED_EDGE('',*,*,#3231,.T.);
#3231 = EDGE_CURVE('',#3208,#2004,#3232,.T.);
#3232 = SURFACE_CURVE('',#3233,(#3237,#3244),.PCURVE_S1.);
#3233 = LINE('',#3234,#3235);
#3234 = CARTESIAN_POINT('',(59.,27.,-19.05));
#3235 = VECTOR('',#3236,1.);
#3236 = DIRECTION('',(-1.,0.,0.));
#3237 = PCURVE('',#1779,#3238);
#3238 = DEFINITIONAL_REPRESENTATION('',(#3239),#3243);
#3239 = LINE('',#3240,#3241);
#3240 = CARTESIAN_POINT('',(1.570796326795,0.));
#3241 = VECTOR('',#3242,1.);
#3242 = DIRECTION('',(0.,1.));
#3243 = ( GEOMETRIC_REPRESENTATION_CONTEXT(2) 
PARAMETRIC_REPRESENTATION_CONTEXT() REPRESENTATION_CONTEXT('2D SPACE',''
  ) );
#3244 = PCURVE('',#2072,#3245);
#3245 = DEFINITIONAL_REPRESENTATION('',(#3246),#3250);
#3246 = LINE('',#3247,#3248);
#3247 = CARTESIAN_POINT('',(3.,27.));
#3248 = VECTOR('',#3249,1.);
#3249 = DIRECTION('',(-1.,0.));
#3250 = ( GEOMETRIC_REPRESENTATION_CONTEXT(2) 
PARAMETRIC_REPRESENTATION_CONTEXT() REPRESENTATION_CONTEXT('2D SPACE',''
  ) );
#3251 = ORIENTED_EDGE('',*,*,#2003,.F.);
#3252 = ORIENTED_EDGE('',*,*,#1763,.F.);
#3253 = ADVANCED_FACE('',(#3254,#3329,#3360,#3391),#1807,.F.);
#3254 = FACE_BOUND('',#3255,.F.);
#3255 = EDGE_LOOP('',(#3256,#3284,#3285,#3306,#3307,#3308));
#3256 = ORIENTED_EDGE('',*,*,#3257,.F.);
#3257 = EDGE_CURVE('',#1929,#3258,#3260,.T.);
#3258 = VERTEX_POINT('',#3259);
#3259 = CARTESIAN_POINT('',(59.,-27.,-19.05));
#3260 = SURFACE_CURVE('',#3261,(#3266,#3277),.PCURVE_S1.);
#3261 = CIRCLE('',#3262,6.);
#3262 = AXIS2_PLACEMENT_3D('',#3263,#3264,#3265);
#3263 = CARTESIAN_POINT('',(59.,-27.,-13.05));
#3264 = DIRECTION('',(1.,0.,0.));
#3265 = DIRECTION('',(-0.,0.,1.));
#3266 = PCURVE('',#1807,#3267);
#3267 = DEFINITIONAL_REPRESENTATION('',(#3268),#3276);
#3268 = ( BOUNDED_CURVE() B_SPLINE_CURVE(2,(#3269,#3270,#3271,#3272,
#3273,#3274,#3275),.UNSPECIFIED.,.T.,.F.) B_SPLINE_CURVE_WITH_KNOTS((1,2
    ,2,2,2,1),(-2.094395102393,0.,2.094395102393,4.188790204786,
6.28318530718,8.377580409573),.UNSPECIFIED.) CURVE() 
GEOMETRIC_REPRESENTATION_ITEM() RATIONAL_B_SPLINE_CURVE((1.,0.5,1.,0.5,
1.,0.5,1.)) REPRESENTATION_ITEM('') );
#3269 = CARTESIAN_POINT('',(6.,-12.));
#3270 = CARTESIAN_POINT('',(-4.392304845413,-12.));
#3271 = CARTESIAN_POINT('',(0.803847577293,-3.));
#3272 = CARTESIAN_POINT('',(6.,6.));
#3273 = CARTESIAN_POINT('',(11.196152422707,-3.));
#3274 = CARTESIAN_POINT('',(16.392304845413,-12.));
#3275 = CARTESIAN_POINT('',(6.,-12.));
#3276 = ( GEOMETRIC_REPRESENTATION_CONTEXT(2) 
PARAMETRIC_REPRESENTATION_CONTEXT() REPRESENTATION_CONTEXT('2D SPACE',''
  ) );
#3277 = PCURVE('',#1967,#3278);
#3278 = DEFINITIONAL_REPRESENTATION('',(#3279),#3283);
#3279 = LINE('',#3280,#3281);
#3280 = CARTESIAN_POINT('',(-1.570796326795,6.));
#3281 = VECTOR('',#3282,1.);
#3282 = DIRECTION('',(1.,0.));
#3283 = ( GEOMETRIC_REPRESENTATION_CONTEXT(2) 
PARAMETRIC_REPRESENTATION_CONTEXT() REPRESENTATION_CONTEXT('2D SPACE',''
  ) );
#3284 = ORIENTED_EDGE('',*,*,#1928,.T.);
#3285 = ORIENTED_EDGE('',*,*,#3286,.T.);
#3286 = EDGE_CURVE('',#1906,#1792,#3287,.T.);
#3287 = SURFACE_CURVE('',#3288,(#3292,#3299),.PCURVE_S1.);
#3288 = LINE('',#3289,#3290);
#3289 = CARTESIAN_POINT('',(59.,-33.,8.));
#3290 = VECTOR('',#3291,1.);
#3291 = DIRECTION('',(0.,1.,0.));
#3292 = PCURVE('',#1807,#3293);
#3293 = DEFINITIONAL_REPRESENTATION('',(#3294),#3298);
#3294 = LINE('',#3295,#3296);
#3295 = CARTESIAN_POINT('',(0.,-27.05));
#3296 = VECTOR('',#3297,1.);
#3297 = DIRECTION('',(1.,0.));
#3298 = ( GEOMETRIC_REPRESENTATION_CONTEXT(2) 
PARAMETRIC_REPRESENTATION_CONTEXT() REPRESENTATION_CONTEXT('2D SPACE',''
  ) );
#3299 = PCURVE('',#1835,#3300);
#3300 = DEFINITIONAL_REPRESENTATION('',(#3301),#3305);
#3301 = LINE('',#3302,#3303);
#3302 = CARTESIAN_POINT('',(14.5,-33.));
#3303 = VECTOR('',#3304,1.);
#3304 = DIRECTION('',(0.,1.));
#3305 = ( GEOMETRIC_REPRESENTATION_CONTEXT(2) 
PARAMETRIC_REPRESENTATION_CONTEXT() REPRESENTATION_CONTEXT('2D SPACE',''
  ) );
#3306 = ORIENTED_EDGE('',*,*,#1791,.F.);
#3307 = ORIENTED_EDGE('',*,*,#3207,.T.);
#3308 = ORIENTED_EDGE('',*,*,#3309,.F.);
#3309 = EDGE_CURVE('',#3258,#3208,#3310,.T.);
#3310 = SURFACE_CURVE('',#3311,(#3315,#3322),.PCURVE_S1.);
#3311 = LINE('',#3312,#3313);
#3312 = CARTESIAN_POINT('',(59.,-33.,-19.05));
#3313 = VECTOR('',#3314,1.);
#3314 = DIRECTION('',(0.,1.,0.));
#3315 = PCURVE('',#1807,#3316);
#3316 = DEFINITIONAL_REPRESENTATION('',(#3317),#3321);
#3317 = LINE('',#3318,#3319);
#3318 = CARTESIAN_POINT('',(0.,0.));
#3319 = VECTOR('',#3320,1.);
#3320 = DIRECTION('',(1.,0.));
#3321 = ( GEOMETRIC_REPRESENTATION_CONTEXT(2) 
PARAMETRIC_REPRESENTATION_CONTEXT() REPRESENTATION_CONTEXT('2D SPACE',''
  ) );
#3322 = PCURVE('',#2072,#3323);
#3323 = DEFINITIONAL_REPRESENTATION('',(#3324),#3328);
#3324 = LINE('',#3325,#3326);
#3325 = CARTESIAN_POINT('',(3.,-33.));
#3326 = VECTOR('',#3327,1.);
#3327 = DIRECTION('',(0.,1.));
#3328 = ( GEOMETRIC_REPRESENTATION_CONTEXT(2) 
PARAMETRIC_REPRESENTATION_CONTEXT() REPRESENTATION_CONTEXT('2D SPACE',''
  ) );
#3329 = FACE_BOUND('',#3330,.F.);
#3330 = EDGE_LOOP('',(#3331));
#3331 = ORIENTED_EDGE('',*,*,#3332,.F.);
#3332 = EDGE_CURVE('',#3333,#3333,#3335,.T.);
#3333 = VERTEX_POINT('',#3334);
#3334 = CARTESIAN_POINT('',(59.,-20.8,-6.2));
#3335 = SURFACE_CURVE('',#3336,(#3341,#3348),.PCURVE_S1.);
#3336 = CIRCLE('',#3337,1.7);
#3337 = AXIS2_PLACEMENT_3D('',#3338,#3339,#3340);
#3338 = CARTESIAN_POINT('',(59.,-22.5,-6.2));
#3339 = DIRECTION('',(-1.,0.,0.));
#3340 = DIRECTION('',(0.,1.,0.));
#3341 = PCURVE('',#1807,#3342);
#3342 = DEFINITIONAL_REPRESENTATION('',(#3343),#3347);
#3343 = CIRCLE('',#3344,1.7);
#3344 = AXIS2_PLACEMENT_2D('',#3345,#3346);
#3345 = CARTESIAN_POINT('',(10.5,-12.85));
#3346 = DIRECTION('',(1.,0.));
#3347 = ( GEOMETRIC_REPRESENTATION_CONTEXT(2) 
PARAMETRIC_REPRESENTATION_CONTEXT() REPRESENTATION_CONTEXT('2D SPACE',''
  ) );
#3348 = PCURVE('',#3349,#3354);
#3349 = CYLINDRICAL_SURFACE('',#3350,1.7);
#3350 = AXIS2_PLACEMENT_3D('',#3351,#3352,#3353);
#3351 = CARTESIAN_POINT('',(52.,-22.5,-6.2));
#3352 = DIRECTION('',(-1.,-0.,-0.));
#3353 = DIRECTION('',(0.,1.,0.));
#3354 = DEFINITIONAL_REPRESENTATION('',(#3355),#3359);
#3355 = LINE('',#3356,#3357);
#3356 = CARTESIAN_POINT('',(-6.28318530718,-7.));
#3357 = VECTOR('',#3358,1.);
#3358 = DIRECTION('',(1.,-0.));
#3359 = ( GEOMETRIC_REPRESENTATION_CONTEXT(2) 
PARAMETRIC_REPRESENTATION_CONTEXT() REPRESENTATION_CONTEXT('2D SPACE',''
  ) );
#3360 = FACE_BOUND('',#3361,.F.);
#3361 = EDGE_LOOP('',(#3362));
#3362 = ORIENTED_EDGE('',*,*,#3363,.F.);
#3363 = EDGE_CURVE('',#3364,#3364,#3366,.T.);
#3364 = VERTEX_POINT('',#3365);
#3365 = CARTESIAN_POINT('',(59.,24.2,-6.2));
#3366 = SURFACE_CURVE('',#3367,(#3372,#3379),.PCURVE_S1.);
#3367 = CIRCLE('',#3368,1.7);
#3368 = AXIS2_PLACEMENT_3D('',#3369,#3370,#3371);
#3369 = CARTESIAN_POINT('',(59.,22.5,-6.2));
#3370 = DIRECTION('',(-1.,0.,0.));
#3371 = DIRECTION('',(0.,1.,0.));
#3372 = PCURVE('',#1807,#3373);
#3373 = DEFINITIONAL_REPRESENTATION('',(#3374),#3378);
#3374 = CIRCLE('',#3375,1.7);
#3375 = AXIS2_PLACEMENT_2D('',#3376,#3377);
#3376 = CARTESIAN_POINT('',(55.5,-12.85));
#3377 = DIRECTION('',(1.,0.));
#3378 = ( GEOMETRIC_REPRESENTATION_CONTEXT(2) 
PARAMETRIC_REPRESENTATION_CONTEXT() REPRESENTATION_CONTEXT('2D SPACE',''
  ) );
#3379 = PCURVE('',#3380,#3385);
#3380 = CYLINDRICAL_SURFACE('',#3381,1.7);
#3381 = AXIS2_PLACEMENT_3D('',#3382,#3383,#3384);
#3382 = CARTESIAN_POINT('',(52.,22.5,-6.2));
#3383 = DIRECTION('',(-1.,-0.,-0.));
#3384 = DIRECTION('',(0.,1.,0.));
#3385 = DEFINITIONAL_REPRESENTATION('',(#3386),#3390);
#3386 = LINE('',#3387,#3388);
#3387 = CARTESIAN_POINT('',(-6.28318530718,-7.));
#3388 = VECTOR('',#3389,1.);
#3389 = DIRECTION('',(1.,-0.));
#3390 = ( GEOMETRIC_REPRESENTATION_CONTEXT(2) 
PARAMETRIC_REPRESENTATION_CONTEXT() REPRESENTATION_CONTEXT('2D SPACE',''
  ) );
#3391 = FACE_BOUND('',#3392,.F.);
#3392 = EDGE_LOOP('',(#3393));
#3393 = ORIENTED_EDGE('',*,*,#3394,.F.);
#3394 = EDGE_CURVE('',#3395,#3395,#3397,.T.);
#3395 = VERTEX_POINT('',#3396);
#3396 = CARTESIAN_POINT('',(59.,3.3,-6.9));
#3397 = SURFACE_CURVE('',#3398,(#3403,#3410),.PCURVE_S1.);
#3398 = CIRCLE('',#3399,3.3);
#3399 = AXIS2_PLACEMENT_3D('',#3400,#3401,#3402);
#3400 = CARTESIAN_POINT('',(59.,0.,-6.9));
#3401 = DIRECTION('',(-1.,0.,0.));
#3402 = DIRECTION('',(0.,1.,0.));
#3403 = PCURVE('',#1807,#3404);
#3404 = DEFINITIONAL_REPRESENTATION('',(#3405),#3409);
#3405 = CIRCLE('',#3406,3.3);
#3406 = AXIS2_PLACEMENT_2D('',#3407,#3408);
#3407 = CARTESIAN_POINT('',(33.,-12.15));
#3408 = DIRECTION('',(1.,0.));
#3409 = ( GEOMETRIC_REPRESENTATION_CONTEXT(2) 
PARAMETRIC_REPRESENTATION_CONTEXT() REPRESENTATION_CONTEXT('2D SPACE',''
  ) );
#3410 = PCURVE('',#3411,#3416);
#3411 = CYLINDRICAL_SURFACE('',#3412,3.3);
#3412 = AXIS2_PLACEMENT_3D('',#3413,#3414,#3415);
#3413 = CARTESIAN_POINT('',(52.,0.,-6.9));
#3414 = DIRECTION('',(-1.,-0.,-0.));
#3415 = DIRECTION('',(0.,1.,0.));
#3416 = DEFINITIONAL_REPRESENTATION('',(#3417),#3421);
#3417 = LINE('',#3418,#3419);
#3418 = CARTESIAN_POINT('',(-6.28318530718,-7.));
#3419 = VECTOR('',#3420,1.);
#3420 = DIRECTION('',(1.,-0.));
#3421 = ( GEOMETRIC_REPRESENTATION_CONTEXT(2) 
PARAMETRIC_REPRESENTATION_CONTEXT() REPRESENTATION_CONTEXT('2D SPACE',''
  ) );
#3422 = ADVANCED_FACE('',(#3423,#3429,#3432,#3435,#3438,#3441,#3444,
    #3479,#3482,#3485,#3488,#3491,#3497,#3500),#1835,.T.);
#3423 = FACE_BOUND('',#3424,.T.);
#3424 = EDGE_LOOP('',(#3425,#3426,#3427,#3428));
#3425 = ORIENTED_EDGE('',*,*,#1905,.F.);
#3426 = ORIENTED_EDGE('',*,*,#3286,.T.);
#3427 = ORIENTED_EDGE('',*,*,#1819,.F.);
#3428 = ORIENTED_EDGE('',*,*,#3182,.T.);
#3429 = FACE_BOUND('',#3430,.T.);
#3430 = EDGE_LOOP('',(#3431));
#3431 = ORIENTED_EDGE('',*,*,#2204,.T.);
#3432 = FACE_BOUND('',#3433,.T.);
#3433 = EDGE_LOOP('',(#3434));
#3434 = ORIENTED_EDGE('',*,*,#2258,.T.);
#3435 = FACE_BOUND('',#3436,.T.);
#3436 = EDGE_LOOP('',(#3437));
#3437 = ORIENTED_EDGE('',*,*,#2312,.T.);
#3438 = FACE_BOUND('',#3439,.T.);
#3439 = EDGE_LOOP('',(#3440));
#3440 = ORIENTED_EDGE('',*,*,#2366,.T.);
#3441 = FACE_BOUND('',#3442,.T.);
#3442 = EDGE_LOOP('',(#3443));
#3443 = ORIENTED_EDGE('',*,*,#2420,.T.);
#3444 = FACE_BOUND('',#3445,.T.);
#3445 = EDGE_LOOP('',(#3446));
#3446 = ORIENTED_EDGE('',*,*,#3447,.T.);
#3447 = EDGE_CURVE('',#3448,#3448,#3450,.T.);
#3448 = VERTEX_POINT('',#3449);
#3449 = CARTESIAN_POINT('',(15.85,0.,8.));
#3450 = SURFACE_CURVE('',#3451,(#3456,#3467),.PCURVE_S1.);
#3451 = CIRCLE('',#3452,15.85);
#3452 = AXIS2_PLACEMENT_3D('',#3453,#3454,#3455);
#3453 = CARTESIAN_POINT('',(0.,0.,8.));
#3454 = DIRECTION('',(0.,0.,-1.));
#3455 = DIRECTION('',(1.,0.,0.));
#3456 = PCURVE('',#1835,#3457);
#3457 = DEFINITIONAL_REPRESENTATION('',(#3458),#3466);
#3458 = ( BOUNDED_CURVE() B_SPLINE_CURVE(2,(#3459,#3460,#3461,#3462,
#3463,#3464,#3465),.UNSPECIFIED.,.T.,.F.) B_SPLINE_CURVE_WITH_KNOTS((1,2
    ,2,2,2,1),(-2.094395102393,0.,2.094395102393,4.188790204786,
6.28318530718,8.377580409573),.UNSPECIFIED.) CURVE() 
GEOMETRIC_REPRESENTATION_ITEM() RATIONAL_B_SPLINE_CURVE((1.,0.5,1.,0.5,
1.,0.5,1.)) REPRESENTATION_ITEM('') );
#3459 = CARTESIAN_POINT('',(-28.65,0.));
#3460 = CARTESIAN_POINT('',(-28.65,-27.45300529996));
#3461 = CARTESIAN_POINT('',(-52.425,-13.72650264998));
#3462 = CARTESIAN_POINT('',(-76.2,-3.882130353297E-15));
#3463 = CARTESIAN_POINT('',(-52.425,13.726502649983));
#3464 = CARTESIAN_POINT('',(-28.65,27.453005299967));
#3465 = CARTESIAN_POINT('',(-28.65,0.));
#3466 = ( GEOMETRIC_REPRESENTATION_CONTEXT(2) 
PARAMETRIC_REPRESENTATION_CONTEXT() REPRESENTATION_CONTEXT('2D SPACE',''
  ) );
#3467 = PCURVE('',#3468,#3473);
#3468 = CYLINDRICAL_SURFACE('',#3469,15.85);
#3469 = AXIS2_PLACEMENT_3D('',#3470,#3471,#3472);
#3470 = CARTESIAN_POINT('',(0.,0.,3.));
#3471 = DIRECTION('',(-0.,-0.,-1.));
#3472 = DIRECTION('',(1.,0.,0.));
#3473 = DEFINITIONAL_REPRESENTATION('',(#3474),#3478);
#3474 = LINE('',#3475,#3476);
#3475 = CARTESIAN_POINT('',(-6.28318530718,-5.));
#3476 = VECTOR('',#3477,1.);
#3477 = DIRECTION('',(1.,-0.));
#3478 = ( GEOMETRIC_REPRESENTATION_CONTEXT(2) 
PARAMETRIC_REPRESENTATION_CONTEXT() REPRESENTATION_CONTEXT('2D SPACE',''
  ) );
#3479 = FACE_BOUND('',#3480,.T.);
#3480 = EDGE_LOOP('',(#3481));
#3481 = ORIENTED_EDGE('',*,*,#2529,.T.);
#3482 = FACE_BOUND('',#3483,.T.);
#3483 = EDGE_LOOP('',(#3484));
#3484 = ORIENTED_EDGE('',*,*,#2583,.T.);
#3485 = FACE_BOUND('',#3486,.T.);
#3486 = EDGE_LOOP('',(#3487));
#3487 = ORIENTED_EDGE('',*,*,#2637,.T.);
#3488 = FACE_BOUND('',#3489,.T.);
#3489 = EDGE_LOOP('',(#3490));
#3490 = ORIENTED_EDGE('',*,*,#2691,.T.);
#3491 = FACE_BOUND('',#3492,.T.);
#3492 = EDGE_LOOP('',(#3493,#3494,#3495,#3496));
#3493 = ORIENTED_EDGE('',*,*,#2745,.F.);
#3494 = ORIENTED_EDGE('',*,*,#2792,.T.);
#3495 = ORIENTED_EDGE('',*,*,#2900,.F.);
#3496 = ORIENTED_EDGE('',*,*,#2868,.T.);
#3497 = FACE_BOUND('',#3498,.T.);
#3498 = EDGE_LOOP('',(#3499));
#3499 = ORIENTED_EDGE('',*,*,#2947,.T.);
#3500 = FACE_BOUND('',#3501,.T.);
#3501 = EDGE_LOOP('',(#3502,#3503,#3504,#3505));
#3502 = ORIENTED_EDGE('',*,*,#3001,.F.);
#3503 = ORIENTED_EDGE('',*,*,#3149,.T.);
#3504 = ORIENTED_EDGE('',*,*,#3124,.F.);
#3505 = ORIENTED_EDGE('',*,*,#3070,.T.);
#3506 = ADVANCED_FACE('',(#3507),#1967,.T.);
#3507 = FACE_BOUND('',#3508,.T.);
#3508 = EDGE_LOOP('',(#3509,#3510,#3531,#3532));
#3509 = ORIENTED_EDGE('',*,*,#2034,.T.);
#3510 = ORIENTED_EDGE('',*,*,#3511,.T.);
#3511 = EDGE_CURVE('',#2035,#3258,#3512,.T.);
#3512 = SURFACE_CURVE('',#3513,(#3517,#3524),.PCURVE_S1.);
#3513 = LINE('',#3514,#3515);
#3514 = CARTESIAN_POINT('',(53.,-27.,-19.05));
#3515 = VECTOR('',#3516,1.);
#3516 = DIRECTION('',(1.,0.,0.));
#3517 = PCURVE('',#1967,#3518);
#3518 = DEFINITIONAL_REPRESENTATION('',(#3519),#3523);
#3519 = LINE('',#3520,#3521);
#3520 = CARTESIAN_POINT('',(1.570796326795,0.));
#3521 = VECTOR('',#3522,1.);
#3522 = DIRECTION('',(0.,1.));
#3523 = ( GEOMETRIC_REPRESENTATION_CONTEXT(2) 
PARAMETRIC_REPRESENTATION_CONTEXT() REPRESENTATION_CONTEXT('2D SPACE',''
  ) );
#3524 = PCURVE('',#2072,#3525);
#3525 = DEFINITIONAL_REPRESENTATION('',(#3526),#3530);
#3526 = LINE('',#3527,#3528);
#3527 = CARTESIAN_POINT('',(-3.,-27.));
#3528 = VECTOR('',#3529,1.);
#3529 = DIRECTION('',(1.,0.));
#3530 = ( GEOMETRIC_REPRESENTATION_CONTEXT(2) 
PARAMETRIC_REPRESENTATION_CONTEXT() REPRESENTATION_CONTEXT('2D SPACE',''
  ) );
#3531 = ORIENTED_EDGE('',*,*,#3257,.F.);
#3532 = ORIENTED_EDGE('',*,*,#1951,.F.);
#3533 = ADVANCED_FACE('',(#3534),#2072,.F.);
#3534 = FACE_BOUND('',#3535,.F.);
#3535 = EDGE_LOOP('',(#3536,#3537,#3538,#3539));
#3536 = ORIENTED_EDGE('',*,*,#3309,.T.);
#3537 = ORIENTED_EDGE('',*,*,#3231,.T.);
#3538 = ORIENTED_EDGE('',*,*,#2058,.T.);
#3539 = ORIENTED_EDGE('',*,*,#3511,.T.);
#3540 = ADVANCED_FACE('',(#3541),#2103,.F.);
#3541 = FACE_BOUND('',#3542,.F.);
#3542 = EDGE_LOOP('',(#3543,#3544,#3567,#3591,#3613));
#3543 = ORIENTED_EDGE('',*,*,#2086,.T.);
#3544 = ORIENTED_EDGE('',*,*,#3545,.T.);
#3545 = EDGE_CURVE('',#2087,#3546,#3548,.T.);
#3546 = VERTEX_POINT('',#3547);
#3547 = CARTESIAN_POINT('',(54.6,22.5,-4.5));
#3548 = SEAM_CURVE('',#3549,(#3553,#3560),.PCURVE_S1.);
#3549 = LINE('',#3550,#3551);
#3550 = CARTESIAN_POINT('',(53.,22.5,-2.9));
#3551 = VECTOR('',#3552,1.);
#3552 = DIRECTION('',(0.707106781187,-1.731912112471E-16,-0.707106781187
    ));
#3553 = PCURVE('',#2103,#3554);
#3554 = DEFINITIONAL_REPRESENTATION('',(#3555),#3559);
#3555 = LINE('',#3556,#3557);
#3556 = CARTESIAN_POINT('',(0.,-0.));
#3557 = VECTOR('',#3558,1.);
#3558 = DIRECTION('',(-0.,-1.));
#3559 = ( GEOMETRIC_REPRESENTATION_CONTEXT(2) 
PARAMETRIC_REPRESENTATION_CONTEXT() REPRESENTATION_CONTEXT('2D SPACE',''
  ) );
#3560 = PCURVE('',#2103,#3561);
#3561 = DEFINITIONAL_REPRESENTATION('',(#3562),#3566);
#3562 = LINE('',#3563,#3564);
#3563 = CARTESIAN_POINT('',(-6.28318530718,0.));
#3564 = VECTOR('',#3565,1.);
#3565 = DIRECTION('',(-0.,-1.));
#3566 = ( GEOMETRIC_REPRESENTATION_CONTEXT(2) 
PARAMETRIC_REPRESENTATION_CONTEXT() REPRESENTATION_CONTEXT('2D SPACE',''
  ) );
#3567 = ORIENTED_EDGE('',*,*,#3568,.F.);
#3568 = EDGE_CURVE('',#3569,#3546,#3571,.T.);
#3569 = VERTEX_POINT('',#3570);
#3570 = CARTESIAN_POINT('',(54.6,24.2,-6.2));
#3571 = SURFACE_CURVE('',#3572,(#3577,#3584),.PCURVE_S1.);
#3572 = CIRCLE('',#3573,1.7);
#3573 = AXIS2_PLACEMENT_3D('',#3574,#3575,#3576);
#3574 = CARTESIAN_POINT('',(54.6,22.5,-6.2));
#3575 = DIRECTION('',(1.,0.,0.));
#3576 = DIRECTION('',(-0.,0.,1.));
#3577 = PCURVE('',#2103,#3578);
#3578 = DEFINITIONAL_REPRESENTATION('',(#3579),#3583);
#3579 = LINE('',#3580,#3581);
#3580 = CARTESIAN_POINT('',(-0.,-1.6));
#3581 = VECTOR('',#3582,1.);
#3582 = DIRECTION('',(-1.,-0.));
#3583 = ( GEOMETRIC_REPRESENTATION_CONTEXT(2) 
PARAMETRIC_REPRESENTATION_CONTEXT() REPRESENTATION_CONTEXT('2D SPACE',''
  ) );
#3584 = PCURVE('',#3380,#3585);
#3585 = DEFINITIONAL_REPRESENTATION('',(#3586),#3590);
#3586 = LINE('',#3587,#3588);
#3587 = CARTESIAN_POINT('',(4.712388980385,-2.6));
#3588 = VECTOR('',#3589,1.);
#3589 = DIRECTION('',(-1.,0.));
#3590 = ( GEOMETRIC_REPRESENTATION_CONTEXT(2) 
PARAMETRIC_REPRESENTATION_CONTEXT() REPRESENTATION_CONTEXT('2D SPACE',''
  ) );
#3591 = ORIENTED_EDGE('',*,*,#3592,.F.);
#3592 = EDGE_CURVE('',#3546,#3569,#3593,.T.);
#3593 = SURFACE_CURVE('',#3594,(#3599,#3606),.PCURVE_S1.);
#3594 = CIRCLE('',#3595,1.7);
#3595 = AXIS2_PLACEMENT_3D('',#3596,#3597,#3598);
#3596 = CARTESIAN_POINT('',(54.6,22.5,-6.2));
#3597 = DIRECTION('',(1.,0.,0.));
#3598 = DIRECTION('',(-0.,0.,1.));
#3599 = PCURVE('',#2103,#3600);
#3600 = DEFINITIONAL_REPRESENTATION('',(#3601),#3605);
#3601 = LINE('',#3602,#3603);
#3602 = CARTESIAN_POINT('',(-0.,-1.6));
#3603 = VECTOR('',#3604,1.);
#3604 = DIRECTION('',(-1.,-0.));
#3605 = ( GEOMETRIC_REPRESENTATION_CONTEXT(2) 
PARAMETRIC_REPRESENTATION_CONTEXT() REPRESENTATION_CONTEXT('2D SPACE',''
  ) );
#3606 = PCURVE('',#3380,#3607);
#3607 = DEFINITIONAL_REPRESENTATION('',(#3608),#3612);
#3608 = LINE('',#3609,#3610);
#3609 = CARTESIAN_POINT('',(-1.570796326795,-2.6));
#3610 = VECTOR('',#3611,1.);
#3611 = DIRECTION('',(-1.,0.));
#3612 = ( GEOMETRIC_REPRESENTATION_CONTEXT(2) 
PARAMETRIC_REPRESENTATION_CONTEXT() REPRESENTATION_CONTEXT('2D SPACE',''
  ) );
#3613 = ORIENTED_EDGE('',*,*,#3545,.F.);
#3614 = ADVANCED_FACE('',(#3615),#2134,.F.);
#3615 = FACE_BOUND('',#3616,.F.);
#3616 = EDGE_LOOP('',(#3617,#3618,#3641,#3665,#3687));
#3617 = ORIENTED_EDGE('',*,*,#2117,.T.);
#3618 = ORIENTED_EDGE('',*,*,#3619,.T.);
#3619 = EDGE_CURVE('',#2118,#3620,#3622,.T.);
#3620 = VERTEX_POINT('',#3621);
#3621 = CARTESIAN_POINT('',(56.508623642024,8.082668874373E-16,-3.6));
#3622 = SEAM_CURVE('',#3623,(#3627,#3634),.PCURVE_S1.);
#3623 = LINE('',#3624,#3625);
#3624 = CARTESIAN_POINT('',(53.,1.555301434917E-15,-0.55));
#3625 = VECTOR('',#3626,1.);
#3626 = DIRECTION('',(0.754709580223,-1.60688117981E-16,-0.656059028991)
  );
#3627 = PCURVE('',#2134,#3628);
#3628 = DEFINITIONAL_REPRESENTATION('',(#3629),#3633);
#3629 = LINE('',#3630,#3631);
#3630 = CARTESIAN_POINT('',(0.,-0.));
#3631 = VECTOR('',#3632,1.);
#3632 = DIRECTION('',(-0.,-1.));
#3633 = ( GEOMETRIC_REPRESENTATION_CONTEXT(2) 
PARAMETRIC_REPRESENTATION_CONTEXT() REPRESENTATION_CONTEXT('2D SPACE',''
  ) );
#3634 = PCURVE('',#2134,#3635);
#3635 = DEFINITIONAL_REPRESENTATION('',(#3636),#3640);
#3636 = LINE('',#3637,#3638);
#3637 = CARTESIAN_POINT('',(-6.28318530718,0.));
#3638 = VECTOR('',#3639,1.);
#3639 = DIRECTION('',(-0.,-1.));
#3640 = ( GEOMETRIC_REPRESENTATION_CONTEXT(2) 
PARAMETRIC_REPRESENTATION_CONTEXT() REPRESENTATION_CONTEXT('2D SPACE',''
  ) );
#3641 = ORIENTED_EDGE('',*,*,#3642,.F.);
#3642 = EDGE_CURVE('',#3643,#3620,#3645,.T.);
#3643 = VERTEX_POINT('',#3644);
#3644 = CARTESIAN_POINT('',(56.508623642024,3.3,-6.9));
#3645 = SURFACE_CURVE('',#3646,(#3651,#3658),.PCURVE_S1.);
#3646 = CIRCLE('',#3647,3.3);
#3647 = AXIS2_PLACEMENT_3D('',#3648,#3649,#3650);
#3648 = CARTESIAN_POINT('',(56.508623642024,0.,-6.9));
#3649 = DIRECTION('',(1.,0.,0.));
#3650 = DIRECTION('',(-0.,0.,1.));
#3651 = PCURVE('',#2134,#3652);
#3652 = DEFINITIONAL_REPRESENTATION('',(#3653),#3657);
#3653 = LINE('',#3654,#3655);
#3654 = CARTESIAN_POINT('',(-0.,-3.508623642024));
#3655 = VECTOR('',#3656,1.);
#3656 = DIRECTION('',(-1.,-0.));
#3657 = ( GEOMETRIC_REPRESENTATION_CONTEXT(2) 
PARAMETRIC_REPRESENTATION_CONTEXT() REPRESENTATION_CONTEXT('2D SPACE',''
  ) );
#3658 = PCURVE('',#3411,#3659);
#3659 = DEFINITIONAL_REPRESENTATION('',(#3660),#3664);
#3660 = LINE('',#3661,#3662);
#3661 = CARTESIAN_POINT('',(4.712388980385,-4.508623642024));
#3662 = VECTOR('',#3663,1.);
#3663 = DIRECTION('',(-1.,0.));
#3664 = ( GEOMETRIC_REPRESENTATION_CONTEXT(2) 
PARAMETRIC_REPRESENTATION_CONTEXT() REPRESENTATION_CONTEXT('2D SPACE',''
  ) );
#3665 = ORIENTED_EDGE('',*,*,#3666,.F.);
#3666 = EDGE_CURVE('',#3620,#3643,#3667,.T.);
#3667 = SURFACE_CURVE('',#3668,(#3673,#3680),.PCURVE_S1.);
#3668 = CIRCLE('',#3669,3.3);
#3669 = AXIS2_PLACEMENT_3D('',#3670,#3671,#3672);
#3670 = CARTESIAN_POINT('',(56.508623642024,0.,-6.9));
#3671 = DIRECTION('',(1.,0.,0.));
#3672 = DIRECTION('',(-0.,0.,1.));
#3673 = PCURVE('',#2134,#3674);
#3674 = DEFINITIONAL_REPRESENTATION('',(#3675),#3679);
#3675 = LINE('',#3676,#3677);
#3676 = CARTESIAN_POINT('',(-0.,-3.508623642024));
#3677 = VECTOR('',#3678,1.);
#3678 = DIRECTION('',(-1.,-0.));
#3679 = ( GEOMETRIC_REPRESENTATION_CONTEXT(2) 
PARAMETRIC_REPRESENTATION_CONTEXT() REPRESENTATION_CONTEXT('2D SPACE',''
  ) );
#3680 = PCURVE('',#3411,#3681);
#3681 = DEFINITIONAL_REPRESENTATION('',(#3682),#3686);
#3682 = LINE('',#3683,#3684);
#3683 = CARTESIAN_POINT('',(-1.570796326795,-4.508623642024));
#3684 = VECTOR('',#3685,1.);
#3685 = DIRECTION('',(-1.,0.));
#3686 = ( GEOMETRIC_REPRESENTATION_CONTEXT(2) 
PARAMETRIC_REPRESENTATION_CONTEXT() REPRESENTATION_CONTEXT('2D SPACE',''
  ) );
#3687 = ORIENTED_EDGE('',*,*,#3619,.F.);
#3688 = ADVANCED_FACE('',(#3689),#2165,.F.);
#3689 = FACE_BOUND('',#3690,.F.);
#3690 = EDGE_LOOP('',(#3691,#3692,#3715,#3739,#3761));
#3691 = ORIENTED_EDGE('',*,*,#2148,.T.);
#3692 = ORIENTED_EDGE('',*,*,#3693,.T.);
#3693 = EDGE_CURVE('',#2149,#3694,#3696,.T.);
#3694 = VERTEX_POINT('',#3695);
#3695 = CARTESIAN_POINT('',(54.6,-22.5,-4.5));
#3696 = SEAM_CURVE('',#3697,(#3701,#3708),.PCURVE_S1.);
#3697 = LINE('',#3698,#3699);
#3698 = CARTESIAN_POINT('',(53.,-22.5,-2.9));
#3699 = VECTOR('',#3700,1.);
#3700 = DIRECTION('',(0.707106781187,-1.731912112471E-16,-0.707106781187
    ));
#3701 = PCURVE('',#2165,#3702);
#3702 = DEFINITIONAL_REPRESENTATION('',(#3703),#3707);
#3703 = LINE('',#3704,#3705);
#3704 = CARTESIAN_POINT('',(0.,-0.));
#3705 = VECTOR('',#3706,1.);
#3706 = DIRECTION('',(-0.,-1.));
#3707 = ( GEOMETRIC_REPRESENTATION_CONTEXT(2) 
PARAMETRIC_REPRESENTATION_CONTEXT() REPRESENTATION_CONTEXT('2D SPACE',''
  ) );
#3708 = PCURVE('',#2165,#3709);
#3709 = DEFINITIONAL_REPRESENTATION('',(#3710),#3714);
#3710 = LINE('',#3711,#3712);
#3711 = CARTESIAN_POINT('',(-6.28318530718,0.));
#3712 = VECTOR('',#3713,1.);
#3713 = DIRECTION('',(-0.,-1.));
#3714 = ( GEOMETRIC_REPRESENTATION_CONTEXT(2) 
PARAMETRIC_REPRESENTATION_CONTEXT() REPRESENTATION_CONTEXT('2D SPACE',''
  ) );
#3715 = ORIENTED_EDGE('',*,*,#3716,.F.);
#3716 = EDGE_CURVE('',#3717,#3694,#3719,.T.);
#3717 = VERTEX_POINT('',#3718);
#3718 = CARTESIAN_POINT('',(54.6,-20.8,-6.2));
#3719 = SURFACE_CURVE('',#3720,(#3725,#3732),.PCURVE_S1.);
#3720 = CIRCLE('',#3721,1.7);
#3721 = AXIS2_PLACEMENT_3D('',#3722,#3723,#3724);
#3722 = CARTESIAN_POINT('',(54.6,-22.5,-6.2));
#3723 = DIRECTION('',(1.,0.,0.));
#3724 = DIRECTION('',(-0.,0.,1.));
#3725 = PCURVE('',#2165,#3726);
#3726 = DEFINITIONAL_REPRESENTATION('',(#3727),#3731);
#3727 = LINE('',#3728,#3729);
#3728 = CARTESIAN_POINT('',(-0.,-1.6));
#3729 = VECTOR('',#3730,1.);
#3730 = DIRECTION('',(-1.,-0.));
#3731 = ( GEOMETRIC_REPRESENTATION_CONTEXT(2) 
PARAMETRIC_REPRESENTATION_CONTEXT() REPRESENTATION_CONTEXT('2D SPACE',''
  ) );
#3732 = PCURVE('',#3349,#3733);
#3733 = DEFINITIONAL_REPRESENTATION('',(#3734),#3738);
#3734 = LINE('',#3735,#3736);
#3735 = CARTESIAN_POINT('',(4.712388980385,-2.6));
#3736 = VECTOR('',#3737,1.);
#3737 = DIRECTION('',(-1.,0.));
#3738 = ( GEOMETRIC_REPRESENTATION_CONTEXT(2) 
PARAMETRIC_REPRESENTATION_CONTEXT() REPRESENTATION_CONTEXT('2D SPACE',''
  ) );
#3739 = ORIENTED_EDGE('',*,*,#3740,.F.);
#3740 = EDGE_CURVE('',#3694,#3717,#3741,.T.);
#3741 = SURFACE_CURVE('',#3742,(#3747,#3754),.PCURVE_S1.);
#3742 = CIRCLE('',#3743,1.7);
#3743 = AXIS2_PLACEMENT_3D('',#3744,#3745,#3746);
#3744 = CARTESIAN_POINT('',(54.6,-22.5,-6.2));
#3745 = DIRECTION('',(1.,0.,0.));
#3746 = DIRECTION('',(-0.,0.,1.));
#3747 = PCURVE('',#2165,#3748);
#3748 = DEFINITIONAL_REPRESENTATION('',(#3749),#3753);
#3749 = LINE('',#3750,#3751);
#3750 = CARTESIAN_POINT('',(-0.,-1.6));
#3751 = VECTOR('',#3752,1.);
#3752 = DIRECTION('',(-1.,-0.));
#3753 = ( GEOMETRIC_REPRESENTATION_CONTEXT(2) 
PARAMETRIC_REPRESENTATION_CONTEXT() REPRESENTATION_CONTEXT('2D SPACE',''
  ) );
#3754 = PCURVE('',#3349,#3755);
#3755 = DEFINITIONAL_REPRESENTATION('',(#3756),#3760);
#3756 = LINE('',#3757,#3758);
#3757 = CARTESIAN_POINT('',(-1.570796326795,-2.6));
#3758 = VECTOR('',#3759,1.);
#3759 = DIRECTION('',(-1.,0.));
#3760 = ( GEOMETRIC_REPRESENTATION_CONTEXT(2) 
PARAMETRIC_REPRESENTATION_CONTEXT() REPRESENTATION_CONTEXT('2D SPACE',''
  ) );
#3761 = ORIENTED_EDGE('',*,*,#3693,.F.);
#3762 = ADVANCED_FACE('',(#3763),#2490,.T.);
#3763 = FACE_BOUND('',#3764,.F.);
#3764 = EDGE_LOOP('',(#3765,#3786,#3787,#3788));
#3765 = ORIENTED_EDGE('',*,*,#3766,.F.);
#3766 = EDGE_CURVE('',#2451,#3767,#3769,.T.);
#3767 = VERTEX_POINT('',#3768);
#3768 = CARTESIAN_POINT('',(14.85,0.,-4.));
#3769 = SEAM_CURVE('',#3770,(#3774,#3780),.PCURVE_S1.);
#3770 = LINE('',#3771,#3772);
#3771 = CARTESIAN_POINT('',(15.65,0.,-3.2));
#3772 = VECTOR('',#3773,1.);
#3773 = DIRECTION('',(-0.707106781187,-0.,-0.707106781187));
#3774 = PCURVE('',#2490,#3775);
#3775 = DEFINITIONAL_REPRESENTATION('',(#3776),#3779);
#3776 = B_SPLINE_CURVE_WITH_KNOTS('',1,(#3777,#3778),.UNSPECIFIED.,.F.,
  .F.,(2,2),(0.,1.131370849898),.PIECEWISE_BEZIER_KNOTS.);
#3777 = CARTESIAN_POINT('',(0.,0.));
#3778 = CARTESIAN_POINT('',(0.,-0.8));
#3779 = ( GEOMETRIC_REPRESENTATION_CONTEXT(2) 
PARAMETRIC_REPRESENTATION_CONTEXT() REPRESENTATION_CONTEXT('2D SPACE',''
  ) );
#3780 = PCURVE('',#2490,#3781);
#3781 = DEFINITIONAL_REPRESENTATION('',(#3782),#3785);
#3782 = B_SPLINE_CURVE_WITH_KNOTS('',1,(#3783,#3784),.UNSPECIFIED.,.F.,
  .F.,(2,2),(0.,1.131370849898),.PIECEWISE_BEZIER_KNOTS.);
#3783 = CARTESIAN_POINT('',(6.28318530718,0.));
#3784 = CARTESIAN_POINT('',(6.28318530718,-0.8));
#3785 = ( GEOMETRIC_REPRESENTATION_CONTEXT(2) 
PARAMETRIC_REPRESENTATION_CONTEXT() REPRESENTATION_CONTEXT('2D SPACE',''
  ) );
#3786 = ORIENTED_EDGE('',*,*,#2475,.T.);
#3787 = ORIENTED_EDGE('',*,*,#3766,.T.);
#3788 = ORIENTED_EDGE('',*,*,#3789,.F.);
#3789 = EDGE_CURVE('',#3767,#3767,#3790,.T.);
#3790 = SURFACE_CURVE('',#3791,(#3796,#3803),.PCURVE_S1.);
#3791 = CIRCLE('',#3792,14.85);
#3792 = AXIS2_PLACEMENT_3D('',#3793,#3794,#3795);
#3793 = CARTESIAN_POINT('',(0.,0.,-4.));
#3794 = DIRECTION('',(0.,0.,1.));
#3795 = DIRECTION('',(1.,0.,-0.));
#3796 = PCURVE('',#2490,#3797);
#3797 = DEFINITIONAL_REPRESENTATION('',(#3798),#3802);
#3798 = LINE('',#3799,#3800);
#3799 = CARTESIAN_POINT('',(0.,-0.8));
#3800 = VECTOR('',#3801,1.);
#3801 = DIRECTION('',(1.,-0.));
#3802 = ( GEOMETRIC_REPRESENTATION_CONTEXT(2) 
PARAMETRIC_REPRESENTATION_CONTEXT() REPRESENTATION_CONTEXT('2D SPACE',''
  ) );
#3803 = PCURVE('',#3804,#3809);
#3804 = PLANE('',#3805);
#3805 = AXIS2_PLACEMENT_3D('',#3806,#3807,#3808);
#3806 = CARTESIAN_POINT('',(-6.990109303716E-16,7.59164447188E-16,-4.));
#3807 = DIRECTION('',(0.,0.,1.));
#3808 = DIRECTION('',(1.,0.,-0.));
#3809 = DEFINITIONAL_REPRESENTATION('',(#3810),#3814);
#3810 = CIRCLE('',#3811,14.85);
#3811 = AXIS2_PLACEMENT_2D('',#3812,#3813);
#3812 = CARTESIAN_POINT('',(6.990109303716E-16,-7.59164447188E-16));
#3813 = DIRECTION('',(1.,0.));
#3814 = ( GEOMETRIC_REPRESENTATION_CONTEXT(2) 
PARAMETRIC_REPRESENTATION_CONTEXT() REPRESENTATION_CONTEXT('2D SPACE',''
  ) );
#3815 = ADVANCED_FACE('',(#3816),#3349,.F.);
#3816 = FACE_BOUND('',#3817,.T.);
#3817 = EDGE_LOOP('',(#3818,#3839,#3840,#3841,#3842));
#3818 = ORIENTED_EDGE('',*,*,#3819,.F.);
#3819 = EDGE_CURVE('',#3717,#3333,#3820,.T.);
#3820 = SEAM_CURVE('',#3821,(#3825,#3832),.PCURVE_S1.);
#3821 = LINE('',#3822,#3823);
#3822 = CARTESIAN_POINT('',(52.,-20.8,-6.2));
#3823 = VECTOR('',#3824,1.);
#3824 = DIRECTION('',(1.,0.,0.));
#3825 = PCURVE('',#3349,#3826);
#3826 = DEFINITIONAL_REPRESENTATION('',(#3827),#3831);
#3827 = LINE('',#3828,#3829);
#3828 = CARTESIAN_POINT('',(-6.28318530718,0.));
#3829 = VECTOR('',#3830,1.);
#3830 = DIRECTION('',(-0.,-1.));
#3831 = ( GEOMETRIC_REPRESENTATION_CONTEXT(2) 
PARAMETRIC_REPRESENTATION_CONTEXT() REPRESENTATION_CONTEXT('2D SPACE',''
  ) );
#3832 = PCURVE('',#3349,#3833);
#3833 = DEFINITIONAL_REPRESENTATION('',(#3834),#3838);
#3834 = LINE('',#3835,#3836);
#3835 = CARTESIAN_POINT('',(-0.,0.));
#3836 = VECTOR('',#3837,1.);
#3837 = DIRECTION('',(-0.,-1.));
#3838 = ( GEOMETRIC_REPRESENTATION_CONTEXT(2) 
PARAMETRIC_REPRESENTATION_CONTEXT() REPRESENTATION_CONTEXT('2D SPACE',''
  ) );
#3839 = ORIENTED_EDGE('',*,*,#3740,.F.);
#3840 = ORIENTED_EDGE('',*,*,#3716,.F.);
#3841 = ORIENTED_EDGE('',*,*,#3819,.T.);
#3842 = ORIENTED_EDGE('',*,*,#3332,.F.);
#3843 = ADVANCED_FACE('',(#3844),#3380,.F.);
#3844 = FACE_BOUND('',#3845,.T.);
#3845 = EDGE_LOOP('',(#3846,#3867,#3868,#3869,#3870));
#3846 = ORIENTED_EDGE('',*,*,#3847,.F.);
#3847 = EDGE_CURVE('',#3569,#3364,#3848,.T.);
#3848 = SEAM_CURVE('',#3849,(#3853,#3860),.PCURVE_S1.);
#3849 = LINE('',#3850,#3851);
#3850 = CARTESIAN_POINT('',(52.,24.2,-6.2));
#3851 = VECTOR('',#3852,1.);
#3852 = DIRECTION('',(1.,0.,0.));
#3853 = PCURVE('',#3380,#3854);
#3854 = DEFINITIONAL_REPRESENTATION('',(#3855),#3859);
#3855 = LINE('',#3856,#3857);
#3856 = CARTESIAN_POINT('',(-6.28318530718,0.));
#3857 = VECTOR('',#3858,1.);
#3858 = DIRECTION('',(-0.,-1.));
#3859 = ( GEOMETRIC_REPRESENTATION_CONTEXT(2) 
PARAMETRIC_REPRESENTATION_CONTEXT() REPRESENTATION_CONTEXT('2D SPACE',''
  ) );
#3860 = PCURVE('',#3380,#3861);
#3861 = DEFINITIONAL_REPRESENTATION('',(#3862),#3866);
#3862 = LINE('',#3863,#3864);
#3863 = CARTESIAN_POINT('',(-0.,0.));
#3864 = VECTOR('',#3865,1.);
#3865 = DIRECTION('',(-0.,-1.));
#3866 = ( GEOMETRIC_REPRESENTATION_CONTEXT(2) 
PARAMETRIC_REPRESENTATION_CONTEXT() REPRESENTATION_CONTEXT('2D SPACE',''
  ) );
#3867 = ORIENTED_EDGE('',*,*,#3592,.F.);
#3868 = ORIENTED_EDGE('',*,*,#3568,.F.);
#3869 = ORIENTED_EDGE('',*,*,#3847,.T.);
#3870 = ORIENTED_EDGE('',*,*,#3363,.F.);
#3871 = ADVANCED_FACE('',(#3872),#3411,.F.);
#3872 = FACE_BOUND('',#3873,.T.);
#3873 = EDGE_LOOP('',(#3874,#3895,#3896,#3897,#3898));
#3874 = ORIENTED_EDGE('',*,*,#3875,.F.);
#3875 = EDGE_CURVE('',#3643,#3395,#3876,.T.);
#3876 = SEAM_CURVE('',#3877,(#3881,#3888),.PCURVE_S1.);
#3877 = LINE('',#3878,#3879);
#3878 = CARTESIAN_POINT('',(52.,3.3,-6.9));
#3879 = VECTOR('',#3880,1.);
#3880 = DIRECTION('',(1.,0.,0.));
#3881 = PCURVE('',#3411,#3882);
#3882 = DEFINITIONAL_REPRESENTATION('',(#3883),#3887);
#3883 = LINE('',#3884,#3885);
#3884 = CARTESIAN_POINT('',(-6.28318530718,0.));
#3885 = VECTOR('',#3886,1.);
#3886 = DIRECTION('',(-0.,-1.));
#3887 = ( GEOMETRIC_REPRESENTATION_CONTEXT(2) 
PARAMETRIC_REPRESENTATION_CONTEXT() REPRESENTATION_CONTEXT('2D SPACE',''
  ) );
#3888 = PCURVE('',#3411,#3889);
#3889 = DEFINITIONAL_REPRESENTATION('',(#3890),#3894);
#3890 = LINE('',#3891,#3892);
#3891 = CARTESIAN_POINT('',(-0.,0.));
#3892 = VECTOR('',#3893,1.);
#3893 = DIRECTION('',(-0.,-1.));
#3894 = ( GEOMETRIC_REPRESENTATION_CONTEXT(2) 
PARAMETRIC_REPRESENTATION_CONTEXT() REPRESENTATION_CONTEXT('2D SPACE',''
  ) );
#3895 = ORIENTED_EDGE('',*,*,#3666,.F.);
#3896 = ORIENTED_EDGE('',*,*,#3642,.F.);
#3897 = ORIENTED_EDGE('',*,*,#3875,.T.);
#3898 = ORIENTED_EDGE('',*,*,#3394,.F.);
#3899 = ADVANCED_FACE('',(#3900),#3468,.F.);
#3900 = FACE_BOUND('',#3901,.T.);
#3901 = EDGE_LOOP('',(#3902,#3931,#3952,#3953));
#3902 = ORIENTED_EDGE('',*,*,#3903,.F.);
#3903 = EDGE_CURVE('',#3904,#3904,#3906,.T.);
#3904 = VERTEX_POINT('',#3905);
#3905 = CARTESIAN_POINT('',(15.85,0.,3.));
#3906 = SURFACE_CURVE('',#3907,(#3912,#3919),.PCURVE_S1.);
#3907 = CIRCLE('',#3908,15.85);
#3908 = AXIS2_PLACEMENT_3D('',#3909,#3910,#3911);
#3909 = CARTESIAN_POINT('',(0.,0.,3.));
#3910 = DIRECTION('',(0.,0.,1.));
#3911 = DIRECTION('',(1.,0.,0.));
#3912 = PCURVE('',#3468,#3913);
#3913 = DEFINITIONAL_REPRESENTATION('',(#3914),#3918);
#3914 = LINE('',#3915,#3916);
#3915 = CARTESIAN_POINT('',(-0.,0.));
#3916 = VECTOR('',#3917,1.);
#3917 = DIRECTION('',(-1.,0.));
#3918 = ( GEOMETRIC_REPRESENTATION_CONTEXT(2) 
PARAMETRIC_REPRESENTATION_CONTEXT() REPRESENTATION_CONTEXT('2D SPACE',''
  ) );
#3919 = PCURVE('',#3920,#3925);
#3920 = PLANE('',#3921);
#3921 = AXIS2_PLACEMENT_3D('',#3922,#3923,#3924);
#3922 = CARTESIAN_POINT('',(-6.901906031745E-16,1.423550083974E-15,3.));
#3923 = DIRECTION('',(0.,0.,1.));
#3924 = DIRECTION('',(1.,0.,-0.));
#3925 = DEFINITIONAL_REPRESENTATION('',(#3926),#3930);
#3926 = CIRCLE('',#3927,15.85);
#3927 = AXIS2_PLACEMENT_2D('',#3928,#3929);
#3928 = CARTESIAN_POINT('',(6.901906031745E-16,-1.423550083974E-15));
#3929 = DIRECTION('',(1.,0.));
#3930 = ( GEOMETRIC_REPRESENTATION_CONTEXT(2) 
PARAMETRIC_REPRESENTATION_CONTEXT() REPRESENTATION_CONTEXT('2D SPACE',''
  ) );
#3931 = ORIENTED_EDGE('',*,*,#3932,.T.);
#3932 = EDGE_CURVE('',#3904,#3448,#3933,.T.);
#3933 = SEAM_CURVE('',#3934,(#3938,#3945),.PCURVE_S1.);
#3934 = LINE('',#3935,#3936);
#3935 = CARTESIAN_POINT('',(15.85,0.,3.));
#3936 = VECTOR('',#3937,1.);
#3937 = DIRECTION('',(0.,0.,1.));
#3938 = PCURVE('',#3468,#3939);
#3939 = DEFINITIONAL_REPRESENTATION('',(#3940),#3944);
#3940 = LINE('',#3941,#3942);
#3941 = CARTESIAN_POINT('',(-6.28318530718,0.));
#3942 = VECTOR('',#3943,1.);
#3943 = DIRECTION('',(-0.,-1.));
#3944 = ( GEOMETRIC_REPRESENTATION_CONTEXT(2) 
PARAMETRIC_REPRESENTATION_CONTEXT() REPRESENTATION_CONTEXT('2D SPACE',''
  ) );
#3945 = PCURVE('',#3468,#3946);
#3946 = DEFINITIONAL_REPRESENTATION('',(#3947),#3951);
#3947 = LINE('',#3948,#3949);
#3948 = CARTESIAN_POINT('',(-0.,0.));
#3949 = VECTOR('',#3950,1.);
#3950 = DIRECTION('',(-0.,-1.));
#3951 = ( GEOMETRIC_REPRESENTATION_CONTEXT(2) 
PARAMETRIC_REPRESENTATION_CONTEXT() REPRESENTATION_CONTEXT('2D SPACE',''
  ) );
#3952 = ORIENTED_EDGE('',*,*,#3447,.F.);
#3953 = ORIENTED_EDGE('',*,*,#3932,.F.);
#3954 = ADVANCED_FACE('',(#3955,#3958),#3804,.F.);
#3955 = FACE_BOUND('',#3956,.F.);
#3956 = EDGE_LOOP('',(#3957));
#3957 = ORIENTED_EDGE('',*,*,#3789,.T.);
#3958 = FACE_BOUND('',#3959,.F.);
#3959 = EDGE_LOOP('',(#3960));
#3960 = ORIENTED_EDGE('',*,*,#3961,.F.);
#3961 = EDGE_CURVE('',#3962,#3962,#3964,.T.);
#3962 = VERTEX_POINT('',#3963);
#3963 = CARTESIAN_POINT('',(12.,2.124508185672E-16,-4.));
#3964 = SURFACE_CURVE('',#3965,(#3970,#3977),.PCURVE_S1.);
#3965 = CIRCLE('',#3966,12.);
#3966 = AXIS2_PLACEMENT_3D('',#3967,#3968,#3969);
#3967 = CARTESIAN_POINT('',(7.555092137322E-14,2.124508185672E-16,-4.));
#3968 = DIRECTION('',(0.,0.,1.));
#3969 = DIRECTION('',(1.,0.,0.));
#3970 = PCURVE('',#3804,#3971);
#3971 = DEFINITIONAL_REPRESENTATION('',(#3972),#3976);
#3972 = CIRCLE('',#3973,12.);
#3973 = AXIS2_PLACEMENT_2D('',#3974,#3975);
#3974 = CARTESIAN_POINT('',(7.62499323036E-14,-5.467136286208E-16));
#3975 = DIRECTION('',(1.,0.));
#3976 = ( GEOMETRIC_REPRESENTATION_CONTEXT(2) 
PARAMETRIC_REPRESENTATION_CONTEXT() REPRESENTATION_CONTEXT('2D SPACE',''
  ) );
#3977 = PCURVE('',#3978,#3983);
#3978 = CYLINDRICAL_SURFACE('',#3979,12.);
#3979 = AXIS2_PLACEMENT_3D('',#3980,#3981,#3982);
#3980 = CARTESIAN_POINT('',(0.,0.,-20.));
#3981 = DIRECTION('',(-0.,-0.,-1.));
#3982 = DIRECTION('',(1.,0.,0.));
#3983 = DEFINITIONAL_REPRESENTATION('',(#3984),#3988);
#3984 = LINE('',#3985,#3986);
#3985 = CARTESIAN_POINT('',(-0.,-16.));
#3986 = VECTOR('',#3987,1.);
#3987 = DIRECTION('',(-1.,0.));
#3988 = ( GEOMETRIC_REPRESENTATION_CONTEXT(2) 
PARAMETRIC_REPRESENTATION_CONTEXT() REPRESENTATION_CONTEXT('2D SPACE',''
  ) );
#3989 = ADVANCED_FACE('',(#3990,#3993),#3920,.T.);
#3990 = FACE_BOUND('',#3991,.T.);
#3991 = EDGE_LOOP('',(#3992));
#3992 = ORIENTED_EDGE('',*,*,#3903,.T.);
#3993 = FACE_BOUND('',#3994,.T.);
#3994 = EDGE_LOOP('',(#3995));
#3995 = ORIENTED_EDGE('',*,*,#3996,.T.);
#3996 = EDGE_CURVE('',#3997,#3997,#3999,.T.);
#3997 = VERTEX_POINT('',#3998);
#3998 = CARTESIAN_POINT('',(12.,8.8521174403E-17,3.));
#3999 = SURFACE_CURVE('',#4000,(#4005,#4016),.PCURVE_S1.);
#4000 = CIRCLE('',#4001,12.);
#4001 = AXIS2_PLACEMENT_3D('',#4002,#4003,#4004);
#4002 = CARTESIAN_POINT('',(0.,0.,3.));
#4003 = DIRECTION('',(0.,0.,-1.));
#4004 = DIRECTION('',(1.,0.,0.));
#4005 = PCURVE('',#3920,#4006);
#4006 = DEFINITIONAL_REPRESENTATION('',(#4007),#4015);
#4007 = ( BOUNDED_CURVE() B_SPLINE_CURVE(2,(#4008,#4009,#4010,#4011,
#4012,#4013,#4014),.UNSPECIFIED.,.T.,.F.) B_SPLINE_CURVE_WITH_KNOTS((1,2
    ,2,2,2,1),(-2.094395102393,0.,2.094395102393,4.188790204786,
6.28318530718,8.377580409573),.UNSPECIFIED.) CURVE() 
GEOMETRIC_REPRESENTATION_ITEM() RATIONAL_B_SPLINE_CURVE((1.,0.5,1.,0.5,
1.,0.5,1.)) REPRESENTATION_ITEM('') );
#4008 = CARTESIAN_POINT('',(12.,-1.423550083974E-15));
#4009 = CARTESIAN_POINT('',(12.,-20.78460969082));
#4010 = CARTESIAN_POINT('',(-6.,-10.39230484541));
#4011 = CARTESIAN_POINT('',(-24.,-4.362702401928E-15));
#4012 = CARTESIAN_POINT('',(-6.,10.392304845413));
#4013 = CARTESIAN_POINT('',(12.,20.784609690827));
#4014 = CARTESIAN_POINT('',(12.,-1.423550083974E-15));
#4015 = ( GEOMETRIC_REPRESENTATION_CONTEXT(2) 
PARAMETRIC_REPRESENTATION_CONTEXT() REPRESENTATION_CONTEXT('2D SPACE',''
  ) );
#4016 = PCURVE('',#3978,#4017);
#4017 = DEFINITIONAL_REPRESENTATION('',(#4018),#4022);
#4018 = LINE('',#4019,#4020);
#4019 = CARTESIAN_POINT('',(-6.28318530718,-23.));
#4020 = VECTOR('',#4021,1.);
#4021 = DIRECTION('',(1.,-0.));
#4022 = ( GEOMETRIC_REPRESENTATION_CONTEXT(2) 
PARAMETRIC_REPRESENTATION_CONTEXT() REPRESENTATION_CONTEXT('2D SPACE',''
  ) );
#4023 = ADVANCED_FACE('',(#4024),#3978,.F.);
#4024 = FACE_BOUND('',#4025,.T.);
#4025 = EDGE_LOOP('',(#4026,#4027,#4048,#4049));
#4026 = ORIENTED_EDGE('',*,*,#3996,.F.);
#4027 = ORIENTED_EDGE('',*,*,#4028,.T.);
#4028 = EDGE_CURVE('',#3997,#3962,#4029,.T.);
#4029 = SEAM_CURVE('',#4030,(#4034,#4041),.PCURVE_S1.);
#4030 = LINE('',#4031,#4032);
#4031 = CARTESIAN_POINT('',(12.,0.,8.));
#4032 = VECTOR('',#4033,1.);
#4033 = DIRECTION('',(6.365278674518E-15,1.77042348806E-17,-1.));
#4034 = PCURVE('',#3978,#4035);
#4035 = DEFINITIONAL_REPRESENTATION('',(#4036),#4040);
#4036 = LINE('',#4037,#4038);
#4037 = CARTESIAN_POINT('',(-0.,-28.));
#4038 = VECTOR('',#4039,1.);
#4039 = DIRECTION('',(0.,1.));
#4040 = ( GEOMETRIC_REPRESENTATION_CONTEXT(2) 
PARAMETRIC_REPRESENTATION_CONTEXT() REPRESENTATION_CONTEXT('2D SPACE',''
  ) );
#4041 = PCURVE('',#3978,#4042);
#4042 = DEFINITIONAL_REPRESENTATION('',(#4043),#4047);
#4043 = LINE('',#4044,#4045);
#4044 = CARTESIAN_POINT('',(-6.28318530718,-28.));
#4045 = VECTOR('',#4046,1.);
#4046 = DIRECTION('',(0.,1.));
#4047 = ( GEOMETRIC_REPRESENTATION_CONTEXT(2) 
PARAMETRIC_REPRESENTATION_CONTEXT() REPRESENTATION_CONTEXT('2D SPACE',''
  ) );
#4048 = ORIENTED_EDGE('',*,*,#3961,.F.);
#4049 = ORIENTED_EDGE('',*,*,#4028,.F.);
#4050 = ( GEOMETRIC_REPRESENTATION_CONTEXT(3) 
GLOBAL_UNCERTAINTY_ASSIGNED_CONTEXT((#4054)) 
GLOBAL_UNIT_ASSIGNED_CONTEXT((#4051,#4052,#4053)) REPRESENTATION_CONTEXT
('Context #1','3D Context with UNIT and UNCERTAINTY') );
#4051 = ( LENGTH_UNIT() NAMED_UNIT(*) SI_UNIT(.MILLI.,.METRE.) );
#4052 = ( NAMED_UNIT(*) PLANE_ANGLE_UNIT() SI_UNIT($,.RADIAN.) );
#4053 = ( NAMED_UNIT(*) SI_UNIT($,.STERADIAN.) SOLID_ANGLE_UNIT() );
#4054 = UNCERTAINTY_MEASURE_WITH_UNIT(LENGTH_MEASURE(1.E-07),#4051,
  'distance_accuracy_value','confusion accuracy');
#4055 = CONTEXT_DEPENDENT_SHAPE_REPRESENTATION(#4056,#4058);
#4056 = ( REPRESENTATION_RELATIONSHIP('','',#917,#10) 
REPRESENTATION_RELATIONSHIP_WITH_TRANSFORMATION(#4057) 
SHAPE_REPRESENTATION_RELATIONSHIP() );
#4057 = ITEM_DEFINED_TRANSFORMATION('','',#11,#19);
#4058 = PRODUCT_DEFINITION_SHAPE('Placement','Placement of an item',
  #4059);
#4059 = NEXT_ASSEMBLY_USAGE_OCCURRENCE('13','bracket','',#5,#912,$);
#4060 = PRODUCT_RELATED_PRODUCT_CATEGORY('part',$,(#914));
#4061 = SHAPE_DEFINITION_REPRESENTATION(#4062,#4068);
#4062 = PRODUCT_DEFINITION_SHAPE('','',#4063);
#4063 = PRODUCT_DEFINITION('design','',#4064,#4067);
#4064 = PRODUCT_DEFINITION_FORMATION('','',#4065);
#4065 = PRODUCT('d435_envelope','d435_envelope','',(#4066));
#4066 = PRODUCT_CONTEXT('',#2,'mechanical');
#4067 = PRODUCT_DEFINITION_CONTEXT('part definition',#2,'design');
#4068 = ADVANCED_BREP_SHAPE_REPRESENTATION('',(#11,#4069),#6820);
#4069 = MANIFOLD_SOLID_BREP('',#4070);
#4070 = CLOSED_SHELL('',(#4071,#4249,#4328,#4518,#4572,#4646,#4699,#4732
    ,#4764,#4840,#4988,#5037,#5086,#5113,#5140,#5489,#5565,#5654,#5966,
    #5999,#6073,#6145,#6173,#6180,#6264,#6296,#6380,#6412,#6496,#6528,
    #6581,#6648,#6703,#6756,#6762,#6791,#6797,#6801,#6805,#6809,#6816));
#4071 = ADVANCED_FACE('',(#4072),#4086,.F.);
#4072 = FACE_BOUND('',#4073,.F.);
#4073 = EDGE_LOOP('',(#4074,#4109,#4138,#4166,#4195,#4223));
#4074 = ORIENTED_EDGE('',*,*,#4075,.T.);
#4075 = EDGE_CURVE('',#4076,#4078,#4080,.T.);
#4076 = VERTEX_POINT('',#4077);
#4077 = CARTESIAN_POINT('',(63.,-45.,-13.05));
#4078 = VERTEX_POINT('',#4079);
#4079 = CARTESIAN_POINT('',(63.,-45.,0.));
#4080 = SURFACE_CURVE('',#4081,(#4085,#4097),.PCURVE_S1.);
#4081 = LINE('',#4082,#4083);
#4082 = CARTESIAN_POINT('',(63.,-45.,-13.05));
#4083 = VECTOR('',#4084,1.);
#4084 = DIRECTION('',(0.,0.,1.));
#4085 = PCURVE('',#4086,#4091);
#4086 = PLANE('',#4087);
#4087 = AXIS2_PLACEMENT_3D('',#4088,#4089,#4090);
#4088 = CARTESIAN_POINT('',(59.,-45.,-17.05));
#4089 = DIRECTION('',(0.,1.,0.));
#4090 = DIRECTION('',(1.,0.,0.));
#4091 = DEFINITIONAL_REPRESENTATION('',(#4092),#4096);
#4092 = LINE('',#4093,#4094);
#4093 = CARTESIAN_POINT('',(4.,-4.));
#4094 = VECTOR('',#4095,1.);
#4095 = DIRECTION('',(0.,-1.));
#4096 = ( GEOMETRIC_REPRESENTATION_CONTEXT(2) 
PARAMETRIC_REPRESENTATION_CONTEXT() REPRESENTATION_CONTEXT('2D SPACE',''
  ) );
#4097 = PCURVE('',#4098,#4103);
#4098 = CYLINDRICAL_SURFACE('',#4099,4.);
#4099 = AXIS2_PLACEMENT_3D('',#4100,#4101,#4102);
#4100 = CARTESIAN_POINT('',(63.,-41.,-13.05));
#4101 = DIRECTION('',(0.,0.,1.));
#4102 = DIRECTION('',(0.,-1.,0.));
#4103 = DEFINITIONAL_REPRESENTATION('',(#4104),#4108);
#4104 = LINE('',#4105,#4106);
#4105 = CARTESIAN_POINT('',(-0.,0.));
#4106 = VECTOR('',#4107,1.);
#4107 = DIRECTION('',(-0.,1.));
#4108 = ( GEOMETRIC_REPRESENTATION_CONTEXT(2) 
PARAMETRIC_REPRESENTATION_CONTEXT() REPRESENTATION_CONTEXT('2D SPACE',''
  ) );
#4109 = ORIENTED_EDGE('',*,*,#4110,.T.);
#4110 = EDGE_CURVE('',#4078,#4111,#4113,.T.);
#4111 = VERTEX_POINT('',#4112);
#4112 = CARTESIAN_POINT('',(67.,-45.,4.));
#4113 = SURFACE_CURVE('',#4114,(#4119,#4126),.PCURVE_S1.);
#4114 = CIRCLE('',#4115,4.);
#4115 = AXIS2_PLACEMENT_3D('',#4116,#4117,#4118);
#4116 = CARTESIAN_POINT('',(67.,-45.,0.));
#4117 = DIRECTION('',(-0.,1.,0.));
#4118 = DIRECTION('',(-1.,-0.,1.160699786261E-16));
#4119 = PCURVE('',#4086,#4120);
#4120 = DEFINITIONAL_REPRESENTATION('',(#4121),#4125);
#4121 = CIRCLE('',#4122,4.);
#4122 = AXIS2_PLACEMENT_2D('',#4123,#4124);
#4123 = CARTESIAN_POINT('',(8.,-17.05));
#4124 = DIRECTION('',(-1.,0.));
#4125 = ( GEOMETRIC_REPRESENTATION_CONTEXT(2) 
PARAMETRIC_REPRESENTATION_CONTEXT() REPRESENTATION_CONTEXT('2D SPACE',''
  ) );
#4126 = PCURVE('',#4127,#4132);
#4127 = TOROIDAL_SURFACE('',#4128,4.,4.);
#4128 = AXIS2_PLACEMENT_3D('',#4129,#4130,#4131);
#4129 = CARTESIAN_POINT('',(67.,-41.,0.));
#4130 = DIRECTION('',(-0.,1.,0.));
#4131 = DIRECTION('',(-1.,-0.,1.160699786261E-16));
#4132 = DEFINITIONAL_REPRESENTATION('',(#4133),#4137);
#4133 = LINE('',#4134,#4135);
#4134 = CARTESIAN_POINT('',(0.,4.712388980385));
#4135 = VECTOR('',#4136,1.);
#4136 = DIRECTION('',(1.,0.));
#4137 = ( GEOMETRIC_REPRESENTATION_CONTEXT(2) 
PARAMETRIC_REPRESENTATION_CONTEXT() REPRESENTATION_CONTEXT('2D SPACE',''
  ) );
#4138 = ORIENTED_EDGE('',*,*,#4139,.T.);
#4139 = EDGE_CURVE('',#4111,#4140,#4142,.T.);
#4140 = VERTEX_POINT('',#4141);
#4141 = CARTESIAN_POINT('',(76.,-45.,4.));
#4142 = SURFACE_CURVE('',#4143,(#4147,#4154),.PCURVE_S1.);
#4143 = LINE('',#4144,#4145);
#4144 = CARTESIAN_POINT('',(67.,-45.,4.));
#4145 = VECTOR('',#4146,1.);
#4146 = DIRECTION('',(1.,0.,0.));
#4147 = PCURVE('',#4086,#4148);
#4148 = DEFINITIONAL_REPRESENTATION('',(#4149),#4153);
#4149 = LINE('',#4150,#4151);
#4150 = CARTESIAN_POINT('',(8.,-21.05));
#4151 = VECTOR('',#4152,1.);
#4152 = DIRECTION('',(1.,0.));
#4153 = ( GEOMETRIC_REPRESENTATION_CONTEXT(2) 
PARAMETRIC_REPRESENTATION_CONTEXT() REPRESENTATION_CONTEXT('2D SPACE',''
  ) );
#4154 = PCURVE('',#4155,#4160);
#4155 = CYLINDRICAL_SURFACE('',#4156,4.);
#4156 = AXIS2_PLACEMENT_3D('',#4157,#4158,#4159);
#4157 = CARTESIAN_POINT('',(67.,-41.,4.));
#4158 = DIRECTION('',(1.,0.,0.));
#4159 = DIRECTION('',(0.,-1.,-0.));
#4160 = DEFINITIONAL_REPRESENTATION('',(#4161),#4165);
#4161 = LINE('',#4162,#4163);
#4162 = CARTESIAN_POINT('',(-0.,0.));
#4163 = VECTOR('',#4164,1.);
#4164 = DIRECTION('',(-0.,1.));
#4165 = ( GEOMETRIC_REPRESENTATION_CONTEXT(2) 
PARAMETRIC_REPRESENTATION_CONTEXT() REPRESENTATION_CONTEXT('2D SPACE',''
  ) );
#4166 = ORIENTED_EDGE('',*,*,#4167,.T.);
#4167 = EDGE_CURVE('',#4140,#4168,#4170,.T.);
#4168 = VERTEX_POINT('',#4169);
#4169 = CARTESIAN_POINT('',(80.,-45.,0.));
#4170 = SURFACE_CURVE('',#4171,(#4176,#4183),.PCURVE_S1.);
#4171 = CIRCLE('',#4172,4.);
#4172 = AXIS2_PLACEMENT_3D('',#4173,#4174,#4175);
#4173 = CARTESIAN_POINT('',(76.,-45.,0.));
#4174 = DIRECTION('',(-0.,1.,0.));
#4175 = DIRECTION('',(0.,0.,1.));
#4176 = PCURVE('',#4086,#4177);
#4177 = DEFINITIONAL_REPRESENTATION('',(#4178),#4182);
#4178 = CIRCLE('',#4179,4.);
#4179 = AXIS2_PLACEMENT_2D('',#4180,#4181);
#4180 = CARTESIAN_POINT('',(17.,-17.05));
#4181 = DIRECTION('',(0.,-1.));
#4182 = ( GEOMETRIC_REPRESENTATION_CONTEXT(2) 
PARAMETRIC_REPRESENTATION_CONTEXT() REPRESENTATION_CONTEXT('2D SPACE',''
  ) );
#4183 = PCURVE('',#4184,#4189);
#4184 = TOROIDAL_SURFACE('',#4185,4.,4.);
#4185 = AXIS2_PLACEMENT_3D('',#4186,#4187,#4188);
#4186 = CARTESIAN_POINT('',(76.,-41.,0.));
#4187 = DIRECTION('',(-0.,1.,0.));
#4188 = DIRECTION('',(0.,0.,1.));
#4189 = DEFINITIONAL_REPRESENTATION('',(#4190),#4194);
#4190 = LINE('',#4191,#4192);
#4191 = CARTESIAN_POINT('',(0.,4.712388980385));
#4192 = VECTOR('',#4193,1.);
#4193 = DIRECTION('',(1.,0.));
#4194 = ( GEOMETRIC_REPRESENTATION_CONTEXT(2) 
PARAMETRIC_REPRESENTATION_CONTEXT() REPRESENTATION_CONTEXT('2D SPACE',''
  ) );
#4195 = ORIENTED_EDGE('',*,*,#4196,.T.);
#4196 = EDGE_CURVE('',#4168,#4197,#4199,.T.);
#4197 = VERTEX_POINT('',#4198);
#4198 = CARTESIAN_POINT('',(80.,-45.,-13.05));
#4199 = SURFACE_CURVE('',#4200,(#4204,#4211),.PCURVE_S1.);
#4200 = LINE('',#4201,#4202);
#4201 = CARTESIAN_POINT('',(80.,-45.,0.));
#4202 = VECTOR('',#4203,1.);
#4203 = DIRECTION('',(-0.,-0.,-1.));
#4204 = PCURVE('',#4086,#4205);
#4205 = DEFINITIONAL_REPRESENTATION('',(#4206),#4210);
#4206 = LINE('',#4207,#4208);
#4207 = CARTESIAN_POINT('',(21.,-17.05));
#4208 = VECTOR('',#4209,1.);
#4209 = DIRECTION('',(-0.,1.));
#4210 = ( GEOMETRIC_REPRESENTATION_CONTEXT(2) 
PARAMETRIC_REPRESENTATION_CONTEXT() REPRESENTATION_CONTEXT('2D SPACE',''
  ) );
#4211 = PCURVE('',#4212,#4217);
#4212 = CYLINDRICAL_SURFACE('',#4213,4.);
#4213 = AXIS2_PLACEMENT_3D('',#4214,#4215,#4216);
#4214 = CARTESIAN_POINT('',(80.,-41.,0.));
#4215 = DIRECTION('',(-0.,-0.,-1.));
#4216 = DIRECTION('',(0.,-1.,0.));
#4217 = DEFINITIONAL_REPRESENTATION('',(#4218),#4222);
#4218 = LINE('',#4219,#4220);
#4219 = CARTESIAN_POINT('',(-0.,0.));
#4220 = VECTOR('',#4221,1.);
#4221 = DIRECTION('',(-0.,1.));
#4222 = ( GEOMETRIC_REPRESENTATION_CONTEXT(2) 
PARAMETRIC_REPRESENTATION_CONTEXT() REPRESENTATION_CONTEXT('2D SPACE',''
  ) );
#4223 = ORIENTED_EDGE('',*,*,#4224,.T.);
#4224 = EDGE_CURVE('',#4197,#4076,#4225,.T.);
#4225 = SURFACE_CURVE('',#4226,(#4230,#4237),.PCURVE_S1.);
#4226 = LINE('',#4227,#4228);
#4227 = CARTESIAN_POINT('',(80.,-45.,-13.05));
#4228 = VECTOR('',#4229,1.);
#4229 = DIRECTION('',(-1.,-0.,-0.));
#4230 = PCURVE('',#4086,#4231);
#4231 = DEFINITIONAL_REPRESENTATION('',(#4232),#4236);
#4232 = LINE('',#4233,#4234);
#4233 = CARTESIAN_POINT('',(21.,-4.));
#4234 = VECTOR('',#4235,1.);
#4235 = DIRECTION('',(-1.,0.));
#4236 = ( GEOMETRIC_REPRESENTATION_CONTEXT(2) 
PARAMETRIC_REPRESENTATION_CONTEXT() REPRESENTATION_CONTEXT('2D SPACE',''
  ) );
#4237 = PCURVE('',#4238,#4243);
#4238 = CYLINDRICAL_SURFACE('',#4239,4.);
#4239 = AXIS2_PLACEMENT_3D('',#4240,#4241,#4242);
#4240 = CARTESIAN_POINT('',(80.,-41.,-13.05));
#4241 = DIRECTION('',(-1.,-0.,-0.));
#4242 = DIRECTION('',(0.,-1.,0.));
#4243 = DEFINITIONAL_REPRESENTATION('',(#4244),#4248);
#4244 = LINE('',#4245,#4246);
#4245 = CARTESIAN_POINT('',(-0.,0.));
#4246 = VECTOR('',#4247,1.);
#4247 = DIRECTION('',(-0.,1.));
#4248 = ( GEOMETRIC_REPRESENTATION_CONTEXT(2) 
PARAMETRIC_REPRESENTATION_CONTEXT() REPRESENTATION_CONTEXT('2D SPACE',''
  ) );
#4249 = ADVANCED_FACE('',(#4250),#4098,.T.);
#4250 = FACE_BOUND('',#4251,.F.);
#4251 = EDGE_LOOP('',(#4252,#4279,#4307,#4327));
#4252 = ORIENTED_EDGE('',*,*,#4253,.T.);
#4253 = EDGE_CURVE('',#4076,#4254,#4256,.T.);
#4254 = VERTEX_POINT('',#4255);
#4255 = CARTESIAN_POINT('',(59.,-41.,-13.05));
#4256 = SURFACE_CURVE('',#4257,(#4262,#4268),.PCURVE_S1.);
#4257 = CIRCLE('',#4258,4.);
#4258 = AXIS2_PLACEMENT_3D('',#4259,#4260,#4261);
#4259 = CARTESIAN_POINT('',(63.,-41.,-13.05));
#4260 = DIRECTION('',(-0.,-0.,-1.));
#4261 = DIRECTION('',(0.,-1.,0.));
#4262 = PCURVE('',#4098,#4263);
#4263 = DEFINITIONAL_REPRESENTATION('',(#4264),#4267);
#4264 = B_SPLINE_CURVE_WITH_KNOTS('',1,(#4265,#4266),.UNSPECIFIED.,.F.,
  .F.,(2,2),(0.,1.570796326795),.PIECEWISE_BEZIER_KNOTS.);
#4265 = CARTESIAN_POINT('',(0.,0.));
#4266 = CARTESIAN_POINT('',(-1.570796326795,0.));
#4267 = ( GEOMETRIC_REPRESENTATION_CONTEXT(2) 
PARAMETRIC_REPRESENTATION_CONTEXT() REPRESENTATION_CONTEXT('2D SPACE',''
  ) );
#4268 = PCURVE('',#4269,#4274);
#4269 = SPHERICAL_SURFACE('',#4270,4.);
#4270 = AXIS2_PLACEMENT_3D('',#4271,#4272,#4273);
#4271 = CARTESIAN_POINT('',(63.,-41.,-13.05));
#4272 = DIRECTION('',(-0.,1.,0.));
#4273 = DIRECTION('',(0.,0.,-1.));
#4274 = DEFINITIONAL_REPRESENTATION('',(#4275),#4278);
#4275 = B_SPLINE_CURVE_WITH_KNOTS('',1,(#4276,#4277),.UNSPECIFIED.,.F.,
  .F.,(2,2),(0.,1.570796326795),.PIECEWISE_BEZIER_KNOTS.);
#4276 = CARTESIAN_POINT('',(1.570796326795,-1.570796326795));
#4277 = CARTESIAN_POINT('',(1.570796326795,0.));
#4278 = ( GEOMETRIC_REPRESENTATION_CONTEXT(2) 
PARAMETRIC_REPRESENTATION_CONTEXT() REPRESENTATION_CONTEXT('2D SPACE',''
  ) );
#4279 = ORIENTED_EDGE('',*,*,#4280,.T.);
#4280 = EDGE_CURVE('',#4254,#4281,#4283,.T.);
#4281 = VERTEX_POINT('',#4282);
#4282 = CARTESIAN_POINT('',(59.,-41.,0.));
#4283 = SURFACE_CURVE('',#4284,(#4288,#4295),.PCURVE_S1.);
#4284 = LINE('',#4285,#4286);
#4285 = CARTESIAN_POINT('',(59.,-41.,-13.05));
#4286 = VECTOR('',#4287,1.);
#4287 = DIRECTION('',(0.,0.,1.));
#4288 = PCURVE('',#4098,#4289);
#4289 = DEFINITIONAL_REPRESENTATION('',(#4290),#4294);
#4290 = LINE('',#4291,#4292);
#4291 = CARTESIAN_POINT('',(-1.570796326795,0.));
#4292 = VECTOR('',#4293,1.);
#4293 = DIRECTION('',(-0.,1.));
#4294 = ( GEOMETRIC_REPRESENTATION_CONTEXT(2) 
PARAMETRIC_REPRESENTATION_CONTEXT() REPRESENTATION_CONTEXT('2D SPACE',''
  ) );
#4295 = PCURVE('',#4296,#4301);
#4296 = PLANE('',#4297);
#4297 = AXIS2_PLACEMENT_3D('',#4298,#4299,#4300);
#4298 = CARTESIAN_POINT('',(59.,45.,-17.05));
#4299 = DIRECTION('',(1.,0.,-0.));
#4300 = DIRECTION('',(0.,-1.,0.));
#4301 = DEFINITIONAL_REPRESENTATION('',(#4302),#4306);
#4302 = LINE('',#4303,#4304);
#4303 = CARTESIAN_POINT('',(86.,-4.));
#4304 = VECTOR('',#4305,1.);
#4305 = DIRECTION('',(0.,-1.));
#4306 = ( GEOMETRIC_REPRESENTATION_CONTEXT(2) 
PARAMETRIC_REPRESENTATION_CONTEXT() REPRESENTATION_CONTEXT('2D SPACE',''
  ) );
#4307 = ORIENTED_EDGE('',*,*,#4308,.F.);
#4308 = EDGE_CURVE('',#4078,#4281,#4309,.T.);
#4309 = SURFACE_CURVE('',#4310,(#4315,#4321),.PCURVE_S1.);
#4310 = CIRCLE('',#4311,4.);
#4311 = AXIS2_PLACEMENT_3D('',#4312,#4313,#4314);
#4312 = CARTESIAN_POINT('',(63.,-41.,0.));
#4313 = DIRECTION('',(-0.,-0.,-1.));
#4314 = DIRECTION('',(0.,-1.,0.));
#4315 = PCURVE('',#4098,#4316);
#4316 = DEFINITIONAL_REPRESENTATION('',(#4317),#4320);
#4317 = B_SPLINE_CURVE_WITH_KNOTS('',1,(#4318,#4319),.UNSPECIFIED.,.F.,
  .F.,(2,2),(0.,1.570796326795),.PIECEWISE_BEZIER_KNOTS.);
#4318 = CARTESIAN_POINT('',(0.,13.05));
#4319 = CARTESIAN_POINT('',(-1.570796326795,13.05));
#4320 = ( GEOMETRIC_REPRESENTATION_CONTEXT(2) 
PARAMETRIC_REPRESENTATION_CONTEXT() REPRESENTATION_CONTEXT('2D SPACE',''
  ) );
#4321 = PCURVE('',#4127,#4322);
#4322 = DEFINITIONAL_REPRESENTATION('',(#4323),#4326);
#4323 = B_SPLINE_CURVE_WITH_KNOTS('',1,(#4324,#4325),.UNSPECIFIED.,.F.,
  .F.,(2,2),(0.,1.570796326795),.PIECEWISE_BEZIER_KNOTS.);
#4324 = CARTESIAN_POINT('',(0.,4.712388980385));
#4325 = CARTESIAN_POINT('',(0.,6.28318530718));
#4326 = ( GEOMETRIC_REPRESENTATION_CONTEXT(2) 
PARAMETRIC_REPRESENTATION_CONTEXT() REPRESENTATION_CONTEXT('2D SPACE',''
  ) );
#4327 = ORIENTED_EDGE('',*,*,#4075,.F.);
#4328 = ADVANCED_FACE('',(#4329),#4238,.T.);
#4329 = FACE_BOUND('',#4330,.F.);
#4330 = EDGE_LOOP('',(#4331,#4332,#4359,#4387,#4416,#4442,#4475,#4498));
#4331 = ORIENTED_EDGE('',*,*,#4224,.F.);
#4332 = ORIENTED_EDGE('',*,*,#4333,.T.);
#4333 = EDGE_CURVE('',#4197,#4334,#4336,.T.);
#4334 = VERTEX_POINT('',#4335);
#4335 = CARTESIAN_POINT('',(80.,-41.,-17.05));
#4336 = SURFACE_CURVE('',#4337,(#4342,#4348),.PCURVE_S1.);
#4337 = CIRCLE('',#4338,4.);
#4338 = AXIS2_PLACEMENT_3D('',#4339,#4340,#4341);
#4339 = CARTESIAN_POINT('',(80.,-41.,-13.05));
#4340 = DIRECTION('',(1.,0.,6.123233995737E-17));
#4341 = DIRECTION('',(6.123233995737E-17,0.,-1.));
#4342 = PCURVE('',#4238,#4343);
#4343 = DEFINITIONAL_REPRESENTATION('',(#4344),#4347);
#4344 = B_SPLINE_CURVE_WITH_KNOTS('',1,(#4345,#4346),.UNSPECIFIED.,.F.,
  .F.,(2,2),(4.712388980385,6.28318530718),.PIECEWISE_BEZIER_KNOTS.);
#4345 = CARTESIAN_POINT('',(0.,0.));
#4346 = CARTESIAN_POINT('',(-1.570796326795,0.));
#4347 = ( GEOMETRIC_REPRESENTATION_CONTEXT(2) 
PARAMETRIC_REPRESENTATION_CONTEXT() REPRESENTATION_CONTEXT('2D SPACE',''
  ) );
#4348 = PCURVE('',#4349,#4354);
#4349 = SPHERICAL_SURFACE('',#4350,4.);
#4350 = AXIS2_PLACEMENT_3D('',#4351,#4352,#4353);
#4351 = CARTESIAN_POINT('',(80.,-41.,-13.05));
#4352 = DIRECTION('',(-0.,1.,0.));
#4353 = DIRECTION('',(1.,0.,0.));
#4354 = DEFINITIONAL_REPRESENTATION('',(#4355),#4358);
#4355 = B_SPLINE_CURVE_WITH_KNOTS('',1,(#4356,#4357),.UNSPECIFIED.,.F.,
  .F.,(2,2),(4.712388980385,6.28318530718),.PIECEWISE_BEZIER_KNOTS.);
#4356 = CARTESIAN_POINT('',(1.570796326795,-1.570796326795));
#4357 = CARTESIAN_POINT('',(1.570796326795,0.));
#4358 = ( GEOMETRIC_REPRESENTATION_CONTEXT(2) 
PARAMETRIC_REPRESENTATION_CONTEXT() REPRESENTATION_CONTEXT('2D SPACE',''
  ) );
#4359 = ORIENTED_EDGE('',*,*,#4360,.T.);
#4360 = EDGE_CURVE('',#4334,#4361,#4363,.T.);
#4361 = VERTEX_POINT('',#4362);
#4362 = CARTESIAN_POINT('',(73.1,-41.,-17.05));
#4363 = SURFACE_CURVE('',#4364,(#4368,#4375),.PCURVE_S1.);
#4364 = LINE('',#4365,#4366);
#4365 = CARTESIAN_POINT('',(80.,-41.,-17.05));
#4366 = VECTOR('',#4367,1.);
#4367 = DIRECTION('',(-1.,-0.,-0.));
#4368 = PCURVE('',#4238,#4369);
#4369 = DEFINITIONAL_REPRESENTATION('',(#4370),#4374);
#4370 = LINE('',#4371,#4372);
#4371 = CARTESIAN_POINT('',(-1.570796326795,0.));
#4372 = VECTOR('',#4373,1.);
#4373 = DIRECTION('',(-0.,1.));
#4374 = ( GEOMETRIC_REPRESENTATION_CONTEXT(2) 
PARAMETRIC_REPRESENTATION_CONTEXT() REPRESENTATION_CONTEXT('2D SPACE',''
  ) );
#4375 = PCURVE('',#4376,#4381);
#4376 = PLANE('',#4377);
#4377 = AXIS2_PLACEMENT_3D('',#4378,#4379,#4380);
#4378 = CARTESIAN_POINT('',(71.5,0.,-17.05));
#4379 = DIRECTION('',(0.,0.,1.));
#4380 = DIRECTION('',(1.,0.,-0.));
#4381 = DEFINITIONAL_REPRESENTATION('',(#4382),#4386);
#4382 = LINE('',#4383,#4384);
#4383 = CARTESIAN_POINT('',(8.5,-41.));
#4384 = VECTOR('',#4385,1.);
#4385 = DIRECTION('',(-1.,0.));
#4386 = ( GEOMETRIC_REPRESENTATION_CONTEXT(2) 
PARAMETRIC_REPRESENTATION_CONTEXT() REPRESENTATION_CONTEXT('2D SPACE',''
  ) );
#4387 = ORIENTED_EDGE('',*,*,#4388,.T.);
#4388 = EDGE_CURVE('',#4361,#4389,#4391,.T.);
#4389 = VERTEX_POINT('',#4390);
#4390 = CARTESIAN_POINT('',(73.1,-43.64575131106,-16.05));
#4391 = SURFACE_CURVE('',#4392,(#4397,#4404),.PCURVE_S1.);
#4392 = CIRCLE('',#4393,4.);
#4393 = AXIS2_PLACEMENT_3D('',#4394,#4395,#4396);
#4394 = CARTESIAN_POINT('',(73.1,-41.,-13.05));
#4395 = DIRECTION('',(-1.,-0.,0.));
#4396 = DIRECTION('',(0.,-1.,0.));
#4397 = PCURVE('',#4238,#4398);
#4398 = DEFINITIONAL_REPRESENTATION('',(#4399),#4403);
#4399 = LINE('',#4400,#4401);
#4400 = CARTESIAN_POINT('',(-6.28318530718,6.9));
#4401 = VECTOR('',#4402,1.);
#4402 = DIRECTION('',(1.,-0.));
#4403 = ( GEOMETRIC_REPRESENTATION_CONTEXT(2) 
PARAMETRIC_REPRESENTATION_CONTEXT() REPRESENTATION_CONTEXT('2D SPACE',''
  ) );
#4404 = PCURVE('',#4405,#4410);
#4405 = PLANE('',#4406);
#4406 = AXIS2_PLACEMENT_3D('',#4407,#4408,#4409);
#4407 = CARTESIAN_POINT('',(73.1,-45.,-17.55));
#4408 = DIRECTION('',(-1.,0.,0.));
#4409 = DIRECTION('',(0.,1.,0.));
#4410 = DEFINITIONAL_REPRESENTATION('',(#4411),#4415);
#4411 = CIRCLE('',#4412,4.);
#4412 = AXIS2_PLACEMENT_2D('',#4413,#4414);
#4413 = CARTESIAN_POINT('',(4.,-4.5));
#4414 = DIRECTION('',(-1.,0.));
#4415 = ( GEOMETRIC_REPRESENTATION_CONTEXT(2) 
PARAMETRIC_REPRESENTATION_CONTEXT() REPRESENTATION_CONTEXT('2D SPACE',''
  ) );
#4416 = ORIENTED_EDGE('',*,*,#4417,.T.);
#4417 = EDGE_CURVE('',#4389,#4418,#4420,.T.);
#4418 = VERTEX_POINT('',#4419);
#4419 = CARTESIAN_POINT('',(69.9,-43.64575131106,-16.05));
#4420 = SURFACE_CURVE('',#4421,(#4425,#4431),.PCURVE_S1.);
#4421 = LINE('',#4422,#4423);
#4422 = CARTESIAN_POINT('',(80.,-43.64575131106,-16.05));
#4423 = VECTOR('',#4424,1.);
#4424 = DIRECTION('',(-1.,-0.,-0.));
#4425 = PCURVE('',#4238,#4426);
#4426 = DEFINITIONAL_REPRESENTATION('',(#4427),#4430);
#4427 = B_SPLINE_CURVE_WITH_KNOTS('',1,(#4428,#4429),.UNSPECIFIED.,.F.,
  .F.,(2,2),(6.58,10.42),.PIECEWISE_BEZIER_KNOTS.);
#4428 = CARTESIAN_POINT('',(-0.848062078981,6.58));
#4429 = CARTESIAN_POINT('',(-0.848062078981,10.42));
#4430 = ( GEOMETRIC_REPRESENTATION_CONTEXT(2) 
PARAMETRIC_REPRESENTATION_CONTEXT() REPRESENTATION_CONTEXT('2D SPACE',''
  ) );
#4431 = PCURVE('',#4432,#4437);
#4432 = PLANE('',#4433);
#4433 = AXIS2_PLACEMENT_3D('',#4434,#4435,#4436);
#4434 = CARTESIAN_POINT('',(71.5,-40.5,-16.05));
#4435 = DIRECTION('',(0.,0.,1.));
#4436 = DIRECTION('',(1.,0.,-0.));
#4437 = DEFINITIONAL_REPRESENTATION('',(#4438),#4441);
#4438 = B_SPLINE_CURVE_WITH_KNOTS('',1,(#4439,#4440),.UNSPECIFIED.,.F.,
  .F.,(2,2),(6.58,10.42),.PIECEWISE_BEZIER_KNOTS.);
#4439 = CARTESIAN_POINT('',(1.92,-3.145751311065));
#4440 = CARTESIAN_POINT('',(-1.92,-3.145751311065));
#4441 = ( GEOMETRIC_REPRESENTATION_CONTEXT(2) 
PARAMETRIC_REPRESENTATION_CONTEXT() REPRESENTATION_CONTEXT('2D SPACE',''
  ) );
#4442 = ORIENTED_EDGE('',*,*,#4443,.F.);
#4443 = EDGE_CURVE('',#4444,#4418,#4446,.T.);
#4444 = VERTEX_POINT('',#4445);
#4445 = CARTESIAN_POINT('',(69.9,-41.,-17.05));
#4446 = SURFACE_CURVE('',#4447,(#4452,#4459),.PCURVE_S1.);
#4447 = CIRCLE('',#4448,4.);
#4448 = AXIS2_PLACEMENT_3D('',#4449,#4450,#4451);
#4449 = CARTESIAN_POINT('',(69.9,-41.,-13.05));
#4450 = DIRECTION('',(-1.,-0.,0.));
#4451 = DIRECTION('',(0.,-1.,0.));
#4452 = PCURVE('',#4238,#4453);
#4453 = DEFINITIONAL_REPRESENTATION('',(#4454),#4458);
#4454 = LINE('',#4455,#4456);
#4455 = CARTESIAN_POINT('',(-6.28318530718,10.1));
#4456 = VECTOR('',#4457,1.);
#4457 = DIRECTION('',(1.,-0.));
#4458 = ( GEOMETRIC_REPRESENTATION_CONTEXT(2) 
PARAMETRIC_REPRESENTATION_CONTEXT() REPRESENTATION_CONTEXT('2D SPACE',''
  ) );
#4459 = PCURVE('',#4460,#4465);
#4460 = PLANE('',#4461);
#4461 = AXIS2_PLACEMENT_3D('',#4462,#4463,#4464);
#4462 = CARTESIAN_POINT('',(69.9,-36.,-17.55));
#4463 = DIRECTION('',(1.,0.,-0.));
#4464 = DIRECTION('',(0.,-1.,0.));
#4465 = DEFINITIONAL_REPRESENTATION('',(#4466),#4474);
#4466 = ( BOUNDED_CURVE() B_SPLINE_CURVE(2,(#4467,#4468,#4469,#4470,
#4471,#4472,#4473),.UNSPECIFIED.,.T.,.F.) B_SPLINE_CURVE_WITH_KNOTS((1,2
    ,2,2,2,1),(-2.094395102393,0.,2.094395102393,4.188790204786,
6.28318530718,8.377580409573),.UNSPECIFIED.) CURVE() 
GEOMETRIC_REPRESENTATION_ITEM() RATIONAL_B_SPLINE_CURVE((1.,0.5,1.,0.5,
1.,0.5,1.)) REPRESENTATION_ITEM('') );
#4467 = CARTESIAN_POINT('',(9.,-4.5));
#4468 = CARTESIAN_POINT('',(9.,-11.42820323027));
#4469 = CARTESIAN_POINT('',(3.,-7.964101615138));
#4470 = CARTESIAN_POINT('',(-3.,-4.5));
#4471 = CARTESIAN_POINT('',(3.,-1.035898384862));
#4472 = CARTESIAN_POINT('',(9.,2.428203230276));
#4473 = CARTESIAN_POINT('',(9.,-4.5));
#4474 = ( GEOMETRIC_REPRESENTATION_CONTEXT(2) 
PARAMETRIC_REPRESENTATION_CONTEXT() REPRESENTATION_CONTEXT('2D SPACE',''
  ) );
#4475 = ORIENTED_EDGE('',*,*,#4476,.T.);
#4476 = EDGE_CURVE('',#4444,#4477,#4479,.T.);
#4477 = VERTEX_POINT('',#4478);
#4478 = CARTESIAN_POINT('',(63.,-41.,-17.05));
#4479 = SURFACE_CURVE('',#4480,(#4484,#4491),.PCURVE_S1.);
#4480 = LINE('',#4481,#4482);
#4481 = CARTESIAN_POINT('',(80.,-41.,-17.05));
#4482 = VECTOR('',#4483,1.);
#4483 = DIRECTION('',(-1.,-0.,-0.));
#4484 = PCURVE('',#4238,#4485);
#4485 = DEFINITIONAL_REPRESENTATION('',(#4486),#4490);
#4486 = LINE('',#4487,#4488);
#4487 = CARTESIAN_POINT('',(-1.570796326795,0.));
#4488 = VECTOR('',#4489,1.);
#4489 = DIRECTION('',(-0.,1.));
#4490 = ( GEOMETRIC_REPRESENTATION_CONTEXT(2) 
PARAMETRIC_REPRESENTATION_CONTEXT() REPRESENTATION_CONTEXT('2D SPACE',''
  ) );
#4491 = PCURVE('',#4376,#4492);
#4492 = DEFINITIONAL_REPRESENTATION('',(#4493),#4497);
#4493 = LINE('',#4494,#4495);
#4494 = CARTESIAN_POINT('',(8.5,-41.));
#4495 = VECTOR('',#4496,1.);
#4496 = DIRECTION('',(-1.,0.));
#4497 = ( GEOMETRIC_REPRESENTATION_CONTEXT(2) 
PARAMETRIC_REPRESENTATION_CONTEXT() REPRESENTATION_CONTEXT('2D SPACE',''
  ) );
#4498 = ORIENTED_EDGE('',*,*,#4499,.F.);
#4499 = EDGE_CURVE('',#4076,#4477,#4500,.T.);
#4500 = SURFACE_CURVE('',#4501,(#4506,#4512),.PCURVE_S1.);
#4501 = CIRCLE('',#4502,4.);
#4502 = AXIS2_PLACEMENT_3D('',#4503,#4504,#4505);
#4503 = CARTESIAN_POINT('',(63.,-41.,-13.05));
#4504 = DIRECTION('',(1.,0.,0.));
#4505 = DIRECTION('',(0.,-1.,0.));
#4506 = PCURVE('',#4238,#4507);
#4507 = DEFINITIONAL_REPRESENTATION('',(#4508),#4511);
#4508 = B_SPLINE_CURVE_WITH_KNOTS('',1,(#4509,#4510),.UNSPECIFIED.,.F.,
  .F.,(2,2),(0.,1.570796326795),.PIECEWISE_BEZIER_KNOTS.);
#4509 = CARTESIAN_POINT('',(0.,17.));
#4510 = CARTESIAN_POINT('',(-1.570796326795,17.));
#4511 = ( GEOMETRIC_REPRESENTATION_CONTEXT(2) 
PARAMETRIC_REPRESENTATION_CONTEXT() REPRESENTATION_CONTEXT('2D SPACE',''
  ) );
#4512 = PCURVE('',#4269,#4513);
#4513 = DEFINITIONAL_REPRESENTATION('',(#4514),#4517);
#4514 = B_SPLINE_CURVE_WITH_KNOTS('',1,(#4515,#4516),.UNSPECIFIED.,.F.,
  .F.,(2,2),(0.,1.570796326795),.PIECEWISE_BEZIER_KNOTS.);
#4515 = CARTESIAN_POINT('',(0.,-1.570796326795));
#4516 = CARTESIAN_POINT('',(0.,0.));
#4517 = ( GEOMETRIC_REPRESENTATION_CONTEXT(2) 
PARAMETRIC_REPRESENTATION_CONTEXT() REPRESENTATION_CONTEXT('2D SPACE',''
  ) );
#4518 = ADVANCED_FACE('',(#4519),#4127,.T.);
#4519 = FACE_BOUND('',#4520,.T.);
#4520 = EDGE_LOOP('',(#4521,#4522,#4523,#4545));
#4521 = ORIENTED_EDGE('',*,*,#4308,.F.);
#4522 = ORIENTED_EDGE('',*,*,#4110,.T.);
#4523 = ORIENTED_EDGE('',*,*,#4524,.T.);
#4524 = EDGE_CURVE('',#4111,#4525,#4527,.T.);
#4525 = VERTEX_POINT('',#4526);
#4526 = CARTESIAN_POINT('',(67.,-41.,8.));
#4527 = SURFACE_CURVE('',#4528,(#4533,#4539),.PCURVE_S1.);
#4528 = CIRCLE('',#4529,4.);
#4529 = AXIS2_PLACEMENT_3D('',#4530,#4531,#4532);
#4530 = CARTESIAN_POINT('',(67.,-41.,4.));
#4531 = DIRECTION('',(-1.,-0.,5.483763866878E-17));
#4532 = DIRECTION('',(5.483763866878E-17,0.,1.));
#4533 = PCURVE('',#4127,#4534);
#4534 = DEFINITIONAL_REPRESENTATION('',(#4535),#4538);
#4535 = B_SPLINE_CURVE_WITH_KNOTS('',1,(#4536,#4537),.UNSPECIFIED.,.F.,
  .F.,(2,2),(4.712388980385,6.28318530718),.PIECEWISE_BEZIER_KNOTS.);
#4536 = CARTESIAN_POINT('',(1.570796326795,4.712388980385));
#4537 = CARTESIAN_POINT('',(1.570796326795,6.28318530718));
#4538 = ( GEOMETRIC_REPRESENTATION_CONTEXT(2) 
PARAMETRIC_REPRESENTATION_CONTEXT() REPRESENTATION_CONTEXT('2D SPACE',''
  ) );
#4539 = PCURVE('',#4155,#4540);
#4540 = DEFINITIONAL_REPRESENTATION('',(#4541),#4544);
#4541 = B_SPLINE_CURVE_WITH_KNOTS('',1,(#4542,#4543),.UNSPECIFIED.,.F.,
  .F.,(2,2),(4.712388980385,6.28318530718),.PIECEWISE_BEZIER_KNOTS.);
#4542 = CARTESIAN_POINT('',(0.,0.));
#4543 = CARTESIAN_POINT('',(-1.570796326795,0.));
#4544 = ( GEOMETRIC_REPRESENTATION_CONTEXT(2) 
PARAMETRIC_REPRESENTATION_CONTEXT() REPRESENTATION_CONTEXT('2D SPACE',''
  ) );
#4545 = ORIENTED_EDGE('',*,*,#4546,.F.);
#4546 = EDGE_CURVE('',#4281,#4525,#4547,.T.);
#4547 = SURFACE_CURVE('',#4548,(#4553,#4560),.PCURVE_S1.);
#4548 = CIRCLE('',#4549,8.);
#4549 = AXIS2_PLACEMENT_3D('',#4550,#4551,#4552);
#4550 = CARTESIAN_POINT('',(67.,-41.,0.));
#4551 = DIRECTION('',(-0.,1.,0.));
#4552 = DIRECTION('',(-1.,-0.,1.160699786261E-16));
#4553 = PCURVE('',#4127,#4554);
#4554 = DEFINITIONAL_REPRESENTATION('',(#4555),#4559);
#4555 = LINE('',#4556,#4557);
#4556 = CARTESIAN_POINT('',(0.,6.28318530718));
#4557 = VECTOR('',#4558,1.);
#4558 = DIRECTION('',(1.,0.));
#4559 = ( GEOMETRIC_REPRESENTATION_CONTEXT(2) 
PARAMETRIC_REPRESENTATION_CONTEXT() REPRESENTATION_CONTEXT('2D SPACE',''
  ) );
#4560 = PCURVE('',#4561,#4566);
#4561 = CYLINDRICAL_SURFACE('',#4562,8.);
#4562 = AXIS2_PLACEMENT_3D('',#4563,#4564,#4565);
#4563 = CARTESIAN_POINT('',(67.,45.,1.418418548668E-15));
#4564 = DIRECTION('',(0.,-1.,0.));
#4565 = DIRECTION('',(-1.,-0.,0.));
#4566 = DEFINITIONAL_REPRESENTATION('',(#4567),#4571);
#4567 = LINE('',#4568,#4569);
#4568 = CARTESIAN_POINT('',(-0.,86.));
#4569 = VECTOR('',#4570,1.);
#4570 = DIRECTION('',(-1.,0.));
#4571 = ( GEOMETRIC_REPRESENTATION_CONTEXT(2) 
PARAMETRIC_REPRESENTATION_CONTEXT() REPRESENTATION_CONTEXT('2D SPACE',''
  ) );
#4572 = ADVANCED_FACE('',(#4573),#4212,.T.);
#4573 = FACE_BOUND('',#4574,.F.);
#4574 = EDGE_LOOP('',(#4575,#4597,#4625,#4645));
#4575 = ORIENTED_EDGE('',*,*,#4576,.T.);
#4576 = EDGE_CURVE('',#4168,#4577,#4579,.T.);
#4577 = VERTEX_POINT('',#4578);
#4578 = CARTESIAN_POINT('',(84.,-41.,0.));
#4579 = SURFACE_CURVE('',#4580,(#4585,#4591),.PCURVE_S1.);
#4580 = CIRCLE('',#4581,4.);
#4581 = AXIS2_PLACEMENT_3D('',#4582,#4583,#4584);
#4582 = CARTESIAN_POINT('',(80.,-41.,2.449293598295E-16));
#4583 = DIRECTION('',(-6.123233995737E-17,-0.,1.));
#4584 = DIRECTION('',(1.,0.,6.123233995737E-17));
#4585 = PCURVE('',#4212,#4586);
#4586 = DEFINITIONAL_REPRESENTATION('',(#4587),#4590);
#4587 = B_SPLINE_CURVE_WITH_KNOTS('',1,(#4588,#4589),.UNSPECIFIED.,.F.,
  .F.,(2,2),(4.712388980385,6.28318530718),.PIECEWISE_BEZIER_KNOTS.);
#4588 = CARTESIAN_POINT('',(0.,0.));
#4589 = CARTESIAN_POINT('',(-1.570796326795,0.));
#4590 = ( GEOMETRIC_REPRESENTATION_CONTEXT(2) 
PARAMETRIC_REPRESENTATION_CONTEXT() REPRESENTATION_CONTEXT('2D SPACE',''
  ) );
#4591 = PCURVE('',#4184,#4592);
#4592 = DEFINITIONAL_REPRESENTATION('',(#4593),#4596);
#4593 = B_SPLINE_CURVE_WITH_KNOTS('',1,(#4594,#4595),.UNSPECIFIED.,.F.,
  .F.,(2,2),(4.712388980385,6.28318530718),.PIECEWISE_BEZIER_KNOTS.);
#4594 = CARTESIAN_POINT('',(1.570796326795,4.712388980385));
#4595 = CARTESIAN_POINT('',(1.570796326795,6.28318530718));
#4596 = ( GEOMETRIC_REPRESENTATION_CONTEXT(2) 
PARAMETRIC_REPRESENTATION_CONTEXT() REPRESENTATION_CONTEXT('2D SPACE',''
  ) );
#4597 = ORIENTED_EDGE('',*,*,#4598,.T.);
#4598 = EDGE_CURVE('',#4577,#4599,#4601,.T.);
#4599 = VERTEX_POINT('',#4600);
#4600 = CARTESIAN_POINT('',(84.,-41.,-13.05));
#4601 = SURFACE_CURVE('',#4602,(#4606,#4613),.PCURVE_S1.);
#4602 = LINE('',#4603,#4604);
#4603 = CARTESIAN_POINT('',(84.,-41.,0.));
#4604 = VECTOR('',#4605,1.);
#4605 = DIRECTION('',(-0.,-0.,-1.));
#4606 = PCURVE('',#4212,#4607);
#4607 = DEFINITIONAL_REPRESENTATION('',(#4608),#4612);
#4608 = LINE('',#4609,#4610);
#4609 = CARTESIAN_POINT('',(-1.570796326795,0.));
#4610 = VECTOR('',#4611,1.);
#4611 = DIRECTION('',(-0.,1.));
#4612 = ( GEOMETRIC_REPRESENTATION_CONTEXT(2) 
PARAMETRIC_REPRESENTATION_CONTEXT() REPRESENTATION_CONTEXT('2D SPACE',''
  ) );
#4613 = PCURVE('',#4614,#4619);
#4614 = PLANE('',#4615);
#4615 = AXIS2_PLACEMENT_3D('',#4616,#4617,#4618);
#4616 = CARTESIAN_POINT('',(84.,-45.,-17.05));
#4617 = DIRECTION('',(-1.,0.,0.));
#4618 = DIRECTION('',(0.,1.,0.));
#4619 = DEFINITIONAL_REPRESENTATION('',(#4620),#4624);
#4620 = LINE('',#4621,#4622);
#4621 = CARTESIAN_POINT('',(4.,-17.05));
#4622 = VECTOR('',#4623,1.);
#4623 = DIRECTION('',(-0.,1.));
#4624 = ( GEOMETRIC_REPRESENTATION_CONTEXT(2) 
PARAMETRIC_REPRESENTATION_CONTEXT() REPRESENTATION_CONTEXT('2D SPACE',''
  ) );
#4625 = ORIENTED_EDGE('',*,*,#4626,.F.);
#4626 = EDGE_CURVE('',#4197,#4599,#4627,.T.);
#4627 = SURFACE_CURVE('',#4628,(#4633,#4639),.PCURVE_S1.);
#4628 = CIRCLE('',#4629,4.);
#4629 = AXIS2_PLACEMENT_3D('',#4630,#4631,#4632);
#4630 = CARTESIAN_POINT('',(80.,-41.,-13.05));
#4631 = DIRECTION('',(0.,0.,1.));
#4632 = DIRECTION('',(0.,-1.,0.));
#4633 = PCURVE('',#4212,#4634);
#4634 = DEFINITIONAL_REPRESENTATION('',(#4635),#4638);
#4635 = B_SPLINE_CURVE_WITH_KNOTS('',1,(#4636,#4637),.UNSPECIFIED.,.F.,
  .F.,(2,2),(0.,1.570796326795),.PIECEWISE_BEZIER_KNOTS.);
#4636 = CARTESIAN_POINT('',(0.,13.05));
#4637 = CARTESIAN_POINT('',(-1.570796326795,13.05));
#4638 = ( GEOMETRIC_REPRESENTATION_CONTEXT(2) 
PARAMETRIC_REPRESENTATION_CONTEXT() REPRESENTATION_CONTEXT('2D SPACE',''
  ) );
#4639 = PCURVE('',#4349,#4640);
#4640 = DEFINITIONAL_REPRESENTATION('',(#4641),#4644);
#4641 = B_SPLINE_CURVE_WITH_KNOTS('',1,(#4642,#4643),.UNSPECIFIED.,.F.,
  .F.,(2,2),(0.,1.570796326795),.PIECEWISE_BEZIER_KNOTS.);
#4642 = CARTESIAN_POINT('',(0.,-1.570796326795));
#4643 = CARTESIAN_POINT('',(0.,0.));
#4644 = ( GEOMETRIC_REPRESENTATION_CONTEXT(2) 
PARAMETRIC_REPRESENTATION_CONTEXT() REPRESENTATION_CONTEXT('2D SPACE',''
  ) );
#4645 = ORIENTED_EDGE('',*,*,#4196,.F.);
#4646 = ADVANCED_FACE('',(#4647),#4155,.T.);
#4647 = FACE_BOUND('',#4648,.F.);
#4648 = EDGE_LOOP('',(#4649,#4650,#4678,#4698));
#4649 = ORIENTED_EDGE('',*,*,#4524,.T.);
#4650 = ORIENTED_EDGE('',*,*,#4651,.T.);
#4651 = EDGE_CURVE('',#4525,#4652,#4654,.T.);
#4652 = VERTEX_POINT('',#4653);
#4653 = CARTESIAN_POINT('',(76.,-41.,8.));
#4654 = SURFACE_CURVE('',#4655,(#4659,#4666),.PCURVE_S1.);
#4655 = LINE('',#4656,#4657);
#4656 = CARTESIAN_POINT('',(67.,-41.,8.));
#4657 = VECTOR('',#4658,1.);
#4658 = DIRECTION('',(1.,0.,0.));
#4659 = PCURVE('',#4155,#4660);
#4660 = DEFINITIONAL_REPRESENTATION('',(#4661),#4665);
#4661 = LINE('',#4662,#4663);
#4662 = CARTESIAN_POINT('',(-1.570796326795,0.));
#4663 = VECTOR('',#4664,1.);
#4664 = DIRECTION('',(-0.,1.));
#4665 = ( GEOMETRIC_REPRESENTATION_CONTEXT(2) 
PARAMETRIC_REPRESENTATION_CONTEXT() REPRESENTATION_CONTEXT('2D SPACE',''
  ) );
#4666 = PCURVE('',#4667,#4672);
#4667 = PLANE('',#4668);
#4668 = AXIS2_PLACEMENT_3D('',#4669,#4670,#4671);
#4669 = CARTESIAN_POINT('',(71.5,0.,8.));
#4670 = DIRECTION('',(0.,0.,1.));
#4671 = DIRECTION('',(1.,0.,-0.));
#4672 = DEFINITIONAL_REPRESENTATION('',(#4673),#4677);
#4673 = LINE('',#4674,#4675);
#4674 = CARTESIAN_POINT('',(-4.5,-41.));
#4675 = VECTOR('',#4676,1.);
#4676 = DIRECTION('',(1.,0.));
#4677 = ( GEOMETRIC_REPRESENTATION_CONTEXT(2) 
PARAMETRIC_REPRESENTATION_CONTEXT() REPRESENTATION_CONTEXT('2D SPACE',''
  ) );
#4678 = ORIENTED_EDGE('',*,*,#4679,.F.);
#4679 = EDGE_CURVE('',#4140,#4652,#4680,.T.);
#4680 = SURFACE_CURVE('',#4681,(#4686,#4692),.PCURVE_S1.);
#4681 = CIRCLE('',#4682,4.);
#4682 = AXIS2_PLACEMENT_3D('',#4683,#4684,#4685);
#4683 = CARTESIAN_POINT('',(76.,-41.,4.));
#4684 = DIRECTION('',(-1.,-0.,0.));
#4685 = DIRECTION('',(0.,-1.,0.));
#4686 = PCURVE('',#4155,#4687);
#4687 = DEFINITIONAL_REPRESENTATION('',(#4688),#4691);
#4688 = B_SPLINE_CURVE_WITH_KNOTS('',1,(#4689,#4690),.UNSPECIFIED.,.F.,
  .F.,(2,2),(0.,1.570796326795),.PIECEWISE_BEZIER_KNOTS.);
#4689 = CARTESIAN_POINT('',(0.,9.));
#4690 = CARTESIAN_POINT('',(-1.570796326795,9.));
#4691 = ( GEOMETRIC_REPRESENTATION_CONTEXT(2) 
PARAMETRIC_REPRESENTATION_CONTEXT() REPRESENTATION_CONTEXT('2D SPACE',''
  ) );
#4692 = PCURVE('',#4184,#4693);
#4693 = DEFINITIONAL_REPRESENTATION('',(#4694),#4697);
#4694 = B_SPLINE_CURVE_WITH_KNOTS('',1,(#4695,#4696),.UNSPECIFIED.,.F.,
  .F.,(2,2),(0.,1.570796326795),.PIECEWISE_BEZIER_KNOTS.);
#4695 = CARTESIAN_POINT('',(0.,4.712388980385));
#4696 = CARTESIAN_POINT('',(0.,6.28318530718));
#4697 = ( GEOMETRIC_REPRESENTATION_CONTEXT(2) 
PARAMETRIC_REPRESENTATION_CONTEXT() REPRESENTATION_CONTEXT('2D SPACE',''
  ) );
#4698 = ORIENTED_EDGE('',*,*,#4139,.F.);
#4699 = ADVANCED_FACE('',(#4700),#4184,.T.);
#4700 = FACE_BOUND('',#4701,.T.);
#4701 = EDGE_LOOP('',(#4702,#4703,#4704,#4705));
#4702 = ORIENTED_EDGE('',*,*,#4679,.F.);
#4703 = ORIENTED_EDGE('',*,*,#4167,.T.);
#4704 = ORIENTED_EDGE('',*,*,#4576,.T.);
#4705 = ORIENTED_EDGE('',*,*,#4706,.F.);
#4706 = EDGE_CURVE('',#4652,#4577,#4707,.T.);
#4707 = SURFACE_CURVE('',#4708,(#4713,#4720),.PCURVE_S1.);
#4708 = CIRCLE('',#4709,8.);
#4709 = AXIS2_PLACEMENT_3D('',#4710,#4711,#4712);
#4710 = CARTESIAN_POINT('',(76.,-41.,0.));
#4711 = DIRECTION('',(-0.,1.,0.));
#4712 = DIRECTION('',(0.,0.,1.));
#4713 = PCURVE('',#4184,#4714);
#4714 = DEFINITIONAL_REPRESENTATION('',(#4715),#4719);
#4715 = LINE('',#4716,#4717);
#4716 = CARTESIAN_POINT('',(0.,6.28318530718));
#4717 = VECTOR('',#4718,1.);
#4718 = DIRECTION('',(1.,0.));
#4719 = ( GEOMETRIC_REPRESENTATION_CONTEXT(2) 
PARAMETRIC_REPRESENTATION_CONTEXT() REPRESENTATION_CONTEXT('2D SPACE',''
  ) );
#4720 = PCURVE('',#4721,#4726);
#4721 = CYLINDRICAL_SURFACE('',#4722,8.);
#4722 = AXIS2_PLACEMENT_3D('',#4723,#4724,#4725);
#4723 = CARTESIAN_POINT('',(76.,-45.,1.418418548668E-15));
#4724 = DIRECTION('',(0.,1.,0.));
#4725 = DIRECTION('',(1.,0.,-0.));
#4726 = DEFINITIONAL_REPRESENTATION('',(#4727),#4731);
#4727 = LINE('',#4728,#4729);
#4728 = CARTESIAN_POINT('',(-1.570796326795,4.));
#4729 = VECTOR('',#4730,1.);
#4730 = DIRECTION('',(1.,-0.));
#4731 = ( GEOMETRIC_REPRESENTATION_CONTEXT(2) 
PARAMETRIC_REPRESENTATION_CONTEXT() REPRESENTATION_CONTEXT('2D SPACE',''
  ) );
#4732 = ADVANCED_FACE('',(#4733),#4269,.T.);
#4733 = FACE_BOUND('',#4734,.T.);
#4734 = EDGE_LOOP('',(#4735,#4736,#4737));
#4735 = ORIENTED_EDGE('',*,*,#4499,.F.);
#4736 = ORIENTED_EDGE('',*,*,#4253,.T.);
#4737 = ORIENTED_EDGE('',*,*,#4738,.F.);
#4738 = EDGE_CURVE('',#4477,#4254,#4739,.T.);
#4739 = SURFACE_CURVE('',#4740,(#4745,#4752),.PCURVE_S1.);
#4740 = CIRCLE('',#4741,4.);
#4741 = AXIS2_PLACEMENT_3D('',#4742,#4743,#4744);
#4742 = CARTESIAN_POINT('',(63.,-41.,-13.05));
#4743 = DIRECTION('',(0.,1.,0.));
#4744 = DIRECTION('',(0.,0.,-1.));
#4745 = PCURVE('',#4269,#4746);
#4746 = DEFINITIONAL_REPRESENTATION('',(#4747),#4751);
#4747 = LINE('',#4748,#4749);
#4748 = CARTESIAN_POINT('',(0.,0.));
#4749 = VECTOR('',#4750,1.);
#4750 = DIRECTION('',(1.,0.));
#4751 = ( GEOMETRIC_REPRESENTATION_CONTEXT(2) 
PARAMETRIC_REPRESENTATION_CONTEXT() REPRESENTATION_CONTEXT('2D SPACE',''
  ) );
#4752 = PCURVE('',#4753,#4758);
#4753 = CYLINDRICAL_SURFACE('',#4754,4.);
#4754 = AXIS2_PLACEMENT_3D('',#4755,#4756,#4757);
#4755 = CARTESIAN_POINT('',(63.,45.,-13.05));
#4756 = DIRECTION('',(0.,-1.,0.));
#4757 = DIRECTION('',(-1.,-0.,0.));
#4758 = DEFINITIONAL_REPRESENTATION('',(#4759),#4763);
#4759 = LINE('',#4760,#4761);
#4760 = CARTESIAN_POINT('',(1.570796326795,86.));
#4761 = VECTOR('',#4762,1.);
#4762 = DIRECTION('',(-1.,-0.));
#4763 = ( GEOMETRIC_REPRESENTATION_CONTEXT(2) 
PARAMETRIC_REPRESENTATION_CONTEXT() REPRESENTATION_CONTEXT('2D SPACE',''
  ) );
#4764 = ADVANCED_FACE('',(#4765),#4296,.F.);
#4765 = FACE_BOUND('',#4766,.F.);
#4766 = EDGE_LOOP('',(#4767,#4790,#4818,#4839));
#4767 = ORIENTED_EDGE('',*,*,#4768,.F.);
#4768 = EDGE_CURVE('',#4769,#4254,#4771,.T.);
#4769 = VERTEX_POINT('',#4770);
#4770 = CARTESIAN_POINT('',(59.,41.,-13.05));
#4771 = SURFACE_CURVE('',#4772,(#4776,#4783),.PCURVE_S1.);
#4772 = LINE('',#4773,#4774);
#4773 = CARTESIAN_POINT('',(59.,45.,-13.05));
#4774 = VECTOR('',#4775,1.);
#4775 = DIRECTION('',(0.,-1.,0.));
#4776 = PCURVE('',#4296,#4777);
#4777 = DEFINITIONAL_REPRESENTATION('',(#4778),#4782);
#4778 = LINE('',#4779,#4780);
#4779 = CARTESIAN_POINT('',(0.,-4.));
#4780 = VECTOR('',#4781,1.);
#4781 = DIRECTION('',(1.,0.));
#4782 = ( GEOMETRIC_REPRESENTATION_CONTEXT(2) 
PARAMETRIC_REPRESENTATION_CONTEXT() REPRESENTATION_CONTEXT('2D SPACE',''
  ) );
#4783 = PCURVE('',#4753,#4784);
#4784 = DEFINITIONAL_REPRESENTATION('',(#4785),#4789);
#4785 = LINE('',#4786,#4787);
#4786 = CARTESIAN_POINT('',(0.,0.));
#4787 = VECTOR('',#4788,1.);
#4788 = DIRECTION('',(0.,1.));
#4789 = ( GEOMETRIC_REPRESENTATION_CONTEXT(2) 
PARAMETRIC_REPRESENTATION_CONTEXT() REPRESENTATION_CONTEXT('2D SPACE',''
  ) );
#4790 = ORIENTED_EDGE('',*,*,#4791,.T.);
#4791 = EDGE_CURVE('',#4769,#4792,#4794,.T.);
#4792 = VERTEX_POINT('',#4793);
#4793 = CARTESIAN_POINT('',(59.,41.,0.));
#4794 = SURFACE_CURVE('',#4795,(#4799,#4806),.PCURVE_S1.);
#4795 = LINE('',#4796,#4797);
#4796 = CARTESIAN_POINT('',(59.,41.,-13.05));
#4797 = VECTOR('',#4798,1.);
#4798 = DIRECTION('',(0.,0.,1.));
#4799 = PCURVE('',#4296,#4800);
#4800 = DEFINITIONAL_REPRESENTATION('',(#4801),#4805);
#4801 = LINE('',#4802,#4803);
#4802 = CARTESIAN_POINT('',(4.,-4.));
#4803 = VECTOR('',#4804,1.);
#4804 = DIRECTION('',(0.,-1.));
#4805 = ( GEOMETRIC_REPRESENTATION_CONTEXT(2) 
PARAMETRIC_REPRESENTATION_CONTEXT() REPRESENTATION_CONTEXT('2D SPACE',''
  ) );
#4806 = PCURVE('',#4807,#4812);
#4807 = CYLINDRICAL_SURFACE('',#4808,4.);
#4808 = AXIS2_PLACEMENT_3D('',#4809,#4810,#4811);
#4809 = CARTESIAN_POINT('',(63.,41.,-13.05));
#4810 = DIRECTION('',(0.,0.,1.));
#4811 = DIRECTION('',(-1.,0.,0.));
#4812 = DEFINITIONAL_REPRESENTATION('',(#4813),#4817);
#4813 = LINE('',#4814,#4815);
#4814 = CARTESIAN_POINT('',(-0.,0.));
#4815 = VECTOR('',#4816,1.);
#4816 = DIRECTION('',(-0.,1.));
#4817 = ( GEOMETRIC_REPRESENTATION_CONTEXT(2) 
PARAMETRIC_REPRESENTATION_CONTEXT() REPRESENTATION_CONTEXT('2D SPACE',''
  ) );
#4818 = ORIENTED_EDGE('',*,*,#4819,.T.);
#4819 = EDGE_CURVE('',#4792,#4281,#4820,.T.);
#4820 = SURFACE_CURVE('',#4821,(#4825,#4832),.PCURVE_S1.);
#4821 = LINE('',#4822,#4823);
#4822 = CARTESIAN_POINT('',(59.,45.,1.418418548668E-15));
#4823 = VECTOR('',#4824,1.);
#4824 = DIRECTION('',(0.,-1.,0.));
#4825 = PCURVE('',#4296,#4826);
#4826 = DEFINITIONAL_REPRESENTATION('',(#4827),#4831);
#4827 = LINE('',#4828,#4829);
#4828 = CARTESIAN_POINT('',(0.,-17.05));
#4829 = VECTOR('',#4830,1.);
#4830 = DIRECTION('',(1.,0.));
#4831 = ( GEOMETRIC_REPRESENTATION_CONTEXT(2) 
PARAMETRIC_REPRESENTATION_CONTEXT() REPRESENTATION_CONTEXT('2D SPACE',''
  ) );
#4832 = PCURVE('',#4561,#4833);
#4833 = DEFINITIONAL_REPRESENTATION('',(#4834),#4838);
#4834 = LINE('',#4835,#4836);
#4835 = CARTESIAN_POINT('',(-0.,0.));
#4836 = VECTOR('',#4837,1.);
#4837 = DIRECTION('',(-0.,1.));
#4838 = ( GEOMETRIC_REPRESENTATION_CONTEXT(2) 
PARAMETRIC_REPRESENTATION_CONTEXT() REPRESENTATION_CONTEXT('2D SPACE',''
  ) );
#4839 = ORIENTED_EDGE('',*,*,#4280,.F.);
#4840 = ADVANCED_FACE('',(#4841),#4376,.F.);
#4841 = FACE_BOUND('',#4842,.F.);
#4842 = EDGE_LOOP('',(#4843,#4873,#4894,#4895,#4916,#4942,#4961,#4962));
#4843 = ORIENTED_EDGE('',*,*,#4844,.T.);
#4844 = EDGE_CURVE('',#4845,#4847,#4849,.T.);
#4845 = VERTEX_POINT('',#4846);
#4846 = CARTESIAN_POINT('',(80.,41.,-17.05));
#4847 = VERTEX_POINT('',#4848);
#4848 = CARTESIAN_POINT('',(63.,41.,-17.05));
#4849 = SURFACE_CURVE('',#4850,(#4854,#4861),.PCURVE_S1.);
#4850 = LINE('',#4851,#4852);
#4851 = CARTESIAN_POINT('',(80.,41.,-17.05));
#4852 = VECTOR('',#4853,1.);
#4853 = DIRECTION('',(-1.,0.,0.));
#4854 = PCURVE('',#4376,#4855);
#4855 = DEFINITIONAL_REPRESENTATION('',(#4856),#4860);
#4856 = LINE('',#4857,#4858);
#4857 = CARTESIAN_POINT('',(8.5,41.));
#4858 = VECTOR('',#4859,1.);
#4859 = DIRECTION('',(-1.,0.));
#4860 = ( GEOMETRIC_REPRESENTATION_CONTEXT(2) 
PARAMETRIC_REPRESENTATION_CONTEXT() REPRESENTATION_CONTEXT('2D SPACE',''
  ) );
#4861 = PCURVE('',#4862,#4867);
#4862 = CYLINDRICAL_SURFACE('',#4863,4.);
#4863 = AXIS2_PLACEMENT_3D('',#4864,#4865,#4866);
#4864 = CARTESIAN_POINT('',(80.,41.,-13.05));
#4865 = DIRECTION('',(-1.,0.,0.));
#4866 = DIRECTION('',(-0.,0.,-1.));
#4867 = DEFINITIONAL_REPRESENTATION('',(#4868),#4872);
#4868 = LINE('',#4869,#4870);
#4869 = CARTESIAN_POINT('',(-0.,0.));
#4870 = VECTOR('',#4871,1.);
#4871 = DIRECTION('',(-0.,1.));
#4872 = ( GEOMETRIC_REPRESENTATION_CONTEXT(2) 
PARAMETRIC_REPRESENTATION_CONTEXT() REPRESENTATION_CONTEXT('2D SPACE',''
  ) );
#4873 = ORIENTED_EDGE('',*,*,#4874,.T.);
#4874 = EDGE_CURVE('',#4847,#4477,#4875,.T.);
#4875 = SURFACE_CURVE('',#4876,(#4880,#4887),.PCURVE_S1.);
#4876 = LINE('',#4877,#4878);
#4877 = CARTESIAN_POINT('',(63.,45.,-17.05));
#4878 = VECTOR('',#4879,1.);
#4879 = DIRECTION('',(0.,-1.,0.));
#4880 = PCURVE('',#4376,#4881);
#4881 = DEFINITIONAL_REPRESENTATION('',(#4882),#4886);
#4882 = LINE('',#4883,#4884);
#4883 = CARTESIAN_POINT('',(-8.5,45.));
#4884 = VECTOR('',#4885,1.);
#4885 = DIRECTION('',(0.,-1.));
#4886 = ( GEOMETRIC_REPRESENTATION_CONTEXT(2) 
PARAMETRIC_REPRESENTATION_CONTEXT() REPRESENTATION_CONTEXT('2D SPACE',''
  ) );
#4887 = PCURVE('',#4753,#4888);
#4888 = DEFINITIONAL_REPRESENTATION('',(#4889),#4893);
#4889 = LINE('',#4890,#4891);
#4890 = CARTESIAN_POINT('',(1.570796326795,0.));
#4891 = VECTOR('',#4892,1.);
#4892 = DIRECTION('',(0.,1.));
#4893 = ( GEOMETRIC_REPRESENTATION_CONTEXT(2) 
PARAMETRIC_REPRESENTATION_CONTEXT() REPRESENTATION_CONTEXT('2D SPACE',''
  ) );
#4894 = ORIENTED_EDGE('',*,*,#4476,.F.);
#4895 = ORIENTED_EDGE('',*,*,#4896,.T.);
#4896 = EDGE_CURVE('',#4444,#4897,#4899,.T.);
#4897 = VERTEX_POINT('',#4898);
#4898 = CARTESIAN_POINT('',(69.9,-36.,-17.05));
#4899 = SURFACE_CURVE('',#4900,(#4904,#4910),.PCURVE_S1.);
#4900 = LINE('',#4901,#4902);
#4901 = CARTESIAN_POINT('',(69.9,-18.,-17.05));
#4902 = VECTOR('',#4903,1.);
#4903 = DIRECTION('',(-0.,1.,0.));
#4904 = PCURVE('',#4376,#4905);
#4905 = DEFINITIONAL_REPRESENTATION('',(#4906),#4909);
#4906 = B_SPLINE_CURVE_WITH_KNOTS('',1,(#4907,#4908),.UNSPECIFIED.,.F.,
  .F.,(2,2),(-23.,-18.),.PIECEWISE_BEZIER_KNOTS.);
#4907 = CARTESIAN_POINT('',(-1.6,-41.));
#4908 = CARTESIAN_POINT('',(-1.6,-36.));
#4909 = ( GEOMETRIC_REPRESENTATION_CONTEXT(2) 
PARAMETRIC_REPRESENTATION_CONTEXT() REPRESENTATION_CONTEXT('2D SPACE',''
  ) );
#4910 = PCURVE('',#4460,#4911);
#4911 = DEFINITIONAL_REPRESENTATION('',(#4912),#4915);
#4912 = B_SPLINE_CURVE_WITH_KNOTS('',1,(#4913,#4914),.UNSPECIFIED.,.F.,
  .F.,(2,2),(-23.,-18.),.PIECEWISE_BEZIER_KNOTS.);
#4913 = CARTESIAN_POINT('',(5.,-0.5));
#4914 = CARTESIAN_POINT('',(0.,-0.5));
#4915 = ( GEOMETRIC_REPRESENTATION_CONTEXT(2) 
PARAMETRIC_REPRESENTATION_CONTEXT() REPRESENTATION_CONTEXT('2D SPACE',''
  ) );
#4916 = ORIENTED_EDGE('',*,*,#4917,.T.);
#4917 = EDGE_CURVE('',#4897,#4918,#4920,.T.);
#4918 = VERTEX_POINT('',#4919);
#4919 = CARTESIAN_POINT('',(73.1,-36.,-17.05));
#4920 = SURFACE_CURVE('',#4921,(#4925,#4931),.PCURVE_S1.);
#4921 = LINE('',#4922,#4923);
#4922 = CARTESIAN_POINT('',(72.3,-36.,-17.05));
#4923 = VECTOR('',#4924,1.);
#4924 = DIRECTION('',(1.,0.,-0.));
#4925 = PCURVE('',#4376,#4926);
#4926 = DEFINITIONAL_REPRESENTATION('',(#4927),#4930);
#4927 = B_SPLINE_CURVE_WITH_KNOTS('',1,(#4928,#4929),.UNSPECIFIED.,.F.,
  .F.,(2,2),(-2.4,0.8),.PIECEWISE_BEZIER_KNOTS.);
#4928 = CARTESIAN_POINT('',(-1.6,-36.));
#4929 = CARTESIAN_POINT('',(1.6,-36.));
#4930 = ( GEOMETRIC_REPRESENTATION_CONTEXT(2) 
PARAMETRIC_REPRESENTATION_CONTEXT() REPRESENTATION_CONTEXT('2D SPACE',''
  ) );
#4931 = PCURVE('',#4932,#4937);
#4932 = PLANE('',#4933);
#4933 = AXIS2_PLACEMENT_3D('',#4934,#4935,#4936);
#4934 = CARTESIAN_POINT('',(73.1,-36.,-17.55));
#4935 = DIRECTION('',(0.,-1.,0.));
#4936 = DIRECTION('',(-1.,0.,0.));
#4937 = DEFINITIONAL_REPRESENTATION('',(#4938),#4941);
#4938 = B_SPLINE_CURVE_WITH_KNOTS('',1,(#4939,#4940),.UNSPECIFIED.,.F.,
  .F.,(2,2),(-2.4,0.8),.PIECEWISE_BEZIER_KNOTS.);
#4939 = CARTESIAN_POINT('',(3.2,-0.5));
#4940 = CARTESIAN_POINT('',(0.,-0.5));
#4941 = ( GEOMETRIC_REPRESENTATION_CONTEXT(2) 
PARAMETRIC_REPRESENTATION_CONTEXT() REPRESENTATION_CONTEXT('2D SPACE',''
  ) );
#4942 = ORIENTED_EDGE('',*,*,#4943,.T.);
#4943 = EDGE_CURVE('',#4918,#4361,#4944,.T.);
#4944 = SURFACE_CURVE('',#4945,(#4949,#4955),.PCURVE_S1.);
#4945 = LINE('',#4946,#4947);
#4946 = CARTESIAN_POINT('',(73.1,-22.5,-17.05));
#4947 = VECTOR('',#4948,1.);
#4948 = DIRECTION('',(0.,-1.,0.));
#4949 = PCURVE('',#4376,#4950);
#4950 = DEFINITIONAL_REPRESENTATION('',(#4951),#4954);
#4951 = B_SPLINE_CURVE_WITH_KNOTS('',1,(#4952,#4953),.UNSPECIFIED.,.F.,
  .F.,(2,2),(13.5,18.5),.PIECEWISE_BEZIER_KNOTS.);
#4952 = CARTESIAN_POINT('',(1.6,-36.));
#4953 = CARTESIAN_POINT('',(1.6,-41.));
#4954 = ( GEOMETRIC_REPRESENTATION_CONTEXT(2) 
PARAMETRIC_REPRESENTATION_CONTEXT() REPRESENTATION_CONTEXT('2D SPACE',''
  ) );
#4955 = PCURVE('',#4405,#4956);
#4956 = DEFINITIONAL_REPRESENTATION('',(#4957),#4960);
#4957 = B_SPLINE_CURVE_WITH_KNOTS('',1,(#4958,#4959),.UNSPECIFIED.,.F.,
  .F.,(2,2),(13.5,18.5),.PIECEWISE_BEZIER_KNOTS.);
#4958 = CARTESIAN_POINT('',(9.,-0.5));
#4959 = CARTESIAN_POINT('',(4.,-0.5));
#4960 = ( GEOMETRIC_REPRESENTATION_CONTEXT(2) 
PARAMETRIC_REPRESENTATION_CONTEXT() REPRESENTATION_CONTEXT('2D SPACE',''
  ) );
#4961 = ORIENTED_EDGE('',*,*,#4360,.F.);
#4962 = ORIENTED_EDGE('',*,*,#4963,.T.);
#4963 = EDGE_CURVE('',#4334,#4845,#4964,.T.);
#4964 = SURFACE_CURVE('',#4965,(#4969,#4976),.PCURVE_S1.);
#4965 = LINE('',#4966,#4967);
#4966 = CARTESIAN_POINT('',(80.,-45.,-17.05));
#4967 = VECTOR('',#4968,1.);
#4968 = DIRECTION('',(0.,1.,0.));
#4969 = PCURVE('',#4376,#4970);
#4970 = DEFINITIONAL_REPRESENTATION('',(#4971),#4975);
#4971 = LINE('',#4972,#4973);
#4972 = CARTESIAN_POINT('',(8.5,-45.));
#4973 = VECTOR('',#4974,1.);
#4974 = DIRECTION('',(0.,1.));
#4975 = ( GEOMETRIC_REPRESENTATION_CONTEXT(2) 
PARAMETRIC_REPRESENTATION_CONTEXT() REPRESENTATION_CONTEXT('2D SPACE',''
  ) );
#4976 = PCURVE('',#4977,#4982);
#4977 = CYLINDRICAL_SURFACE('',#4978,4.);
#4978 = AXIS2_PLACEMENT_3D('',#4979,#4980,#4981);
#4979 = CARTESIAN_POINT('',(80.,-45.,-13.05));
#4980 = DIRECTION('',(0.,1.,0.));
#4981 = DIRECTION('',(0.,0.,-1.));
#4982 = DEFINITIONAL_REPRESENTATION('',(#4983),#4987);
#4983 = LINE('',#4984,#4985);
#4984 = CARTESIAN_POINT('',(-0.,0.));
#4985 = VECTOR('',#4986,1.);
#4986 = DIRECTION('',(-0.,1.));
#4987 = ( GEOMETRIC_REPRESENTATION_CONTEXT(2) 
PARAMETRIC_REPRESENTATION_CONTEXT() REPRESENTATION_CONTEXT('2D SPACE',''
  ) );
#4988 = ADVANCED_FACE('',(#4989),#4460,.T.);
#4989 = FACE_BOUND('',#4990,.T.);
#4990 = EDGE_LOOP('',(#4991,#4992,#5015,#5036));
#4991 = ORIENTED_EDGE('',*,*,#4896,.T.);
#4992 = ORIENTED_EDGE('',*,*,#4993,.T.);
#4993 = EDGE_CURVE('',#4897,#4994,#4996,.T.);
#4994 = VERTEX_POINT('',#4995);
#4995 = CARTESIAN_POINT('',(69.9,-36.,-16.05));
#4996 = SURFACE_CURVE('',#4997,(#5001,#5008),.PCURVE_S1.);
#4997 = LINE('',#4998,#4999);
#4998 = CARTESIAN_POINT('',(69.9,-36.,-17.55));
#4999 = VECTOR('',#5000,1.);
#5000 = DIRECTION('',(0.,0.,1.));
#5001 = PCURVE('',#4460,#5002);
#5002 = DEFINITIONAL_REPRESENTATION('',(#5003),#5007);
#5003 = LINE('',#5004,#5005);
#5004 = CARTESIAN_POINT('',(0.,0.));
#5005 = VECTOR('',#5006,1.);
#5006 = DIRECTION('',(0.,-1.));
#5007 = ( GEOMETRIC_REPRESENTATION_CONTEXT(2) 
PARAMETRIC_REPRESENTATION_CONTEXT() REPRESENTATION_CONTEXT('2D SPACE',''
  ) );
#5008 = PCURVE('',#4932,#5009);
#5009 = DEFINITIONAL_REPRESENTATION('',(#5010),#5014);
#5010 = LINE('',#5011,#5012);
#5011 = CARTESIAN_POINT('',(3.2,0.));
#5012 = VECTOR('',#5013,1.);
#5013 = DIRECTION('',(0.,-1.));
#5014 = ( GEOMETRIC_REPRESENTATION_CONTEXT(2) 
PARAMETRIC_REPRESENTATION_CONTEXT() REPRESENTATION_CONTEXT('2D SPACE',''
  ) );
#5015 = ORIENTED_EDGE('',*,*,#5016,.T.);
#5016 = EDGE_CURVE('',#4994,#4418,#5017,.T.);
#5017 = SURFACE_CURVE('',#5018,(#5022,#5029),.PCURVE_S1.);
#5018 = LINE('',#5019,#5020);
#5019 = CARTESIAN_POINT('',(69.9,-36.,-16.05));
#5020 = VECTOR('',#5021,1.);
#5021 = DIRECTION('',(0.,-1.,0.));
#5022 = PCURVE('',#4460,#5023);
#5023 = DEFINITIONAL_REPRESENTATION('',(#5024),#5028);
#5024 = LINE('',#5025,#5026);
#5025 = CARTESIAN_POINT('',(0.,-1.5));
#5026 = VECTOR('',#5027,1.);
#5027 = DIRECTION('',(1.,0.));
#5028 = ( GEOMETRIC_REPRESENTATION_CONTEXT(2) 
PARAMETRIC_REPRESENTATION_CONTEXT() REPRESENTATION_CONTEXT('2D SPACE',''
  ) );
#5029 = PCURVE('',#4432,#5030);
#5030 = DEFINITIONAL_REPRESENTATION('',(#5031),#5035);
#5031 = LINE('',#5032,#5033);
#5032 = CARTESIAN_POINT('',(-1.6,4.5));
#5033 = VECTOR('',#5034,1.);
#5034 = DIRECTION('',(0.,-1.));
#5035 = ( GEOMETRIC_REPRESENTATION_CONTEXT(2) 
PARAMETRIC_REPRESENTATION_CONTEXT() REPRESENTATION_CONTEXT('2D SPACE',''
  ) );
#5036 = ORIENTED_EDGE('',*,*,#4443,.F.);
#5037 = ADVANCED_FACE('',(#5038),#4432,.F.);
#5038 = FACE_BOUND('',#5039,.F.);
#5039 = EDGE_LOOP('',(#5040,#5041,#5042,#5065));
#5040 = ORIENTED_EDGE('',*,*,#5016,.T.);
#5041 = ORIENTED_EDGE('',*,*,#4417,.F.);
#5042 = ORIENTED_EDGE('',*,*,#5043,.T.);
#5043 = EDGE_CURVE('',#4389,#5044,#5046,.T.);
#5044 = VERTEX_POINT('',#5045);
#5045 = CARTESIAN_POINT('',(73.1,-36.,-16.05));
#5046 = SURFACE_CURVE('',#5047,(#5051,#5058),.PCURVE_S1.);
#5047 = LINE('',#5048,#5049);
#5048 = CARTESIAN_POINT('',(73.1,-45.,-16.05));
#5049 = VECTOR('',#5050,1.);
#5050 = DIRECTION('',(0.,1.,0.));
#5051 = PCURVE('',#4432,#5052);
#5052 = DEFINITIONAL_REPRESENTATION('',(#5053),#5057);
#5053 = LINE('',#5054,#5055);
#5054 = CARTESIAN_POINT('',(1.6,-4.5));
#5055 = VECTOR('',#5056,1.);
#5056 = DIRECTION('',(0.,1.));
#5057 = ( GEOMETRIC_REPRESENTATION_CONTEXT(2) 
PARAMETRIC_REPRESENTATION_CONTEXT() REPRESENTATION_CONTEXT('2D SPACE',''
  ) );
#5058 = PCURVE('',#4405,#5059);
#5059 = DEFINITIONAL_REPRESENTATION('',(#5060),#5064);
#5060 = LINE('',#5061,#5062);
#5061 = CARTESIAN_POINT('',(0.,-1.5));
#5062 = VECTOR('',#5063,1.);
#5063 = DIRECTION('',(1.,0.));
#5064 = ( GEOMETRIC_REPRESENTATION_CONTEXT(2) 
PARAMETRIC_REPRESENTATION_CONTEXT() REPRESENTATION_CONTEXT('2D SPACE',''
  ) );
#5065 = ORIENTED_EDGE('',*,*,#5066,.T.);
#5066 = EDGE_CURVE('',#5044,#4994,#5067,.T.);
#5067 = SURFACE_CURVE('',#5068,(#5072,#5079),.PCURVE_S1.);
#5068 = LINE('',#5069,#5070);
#5069 = CARTESIAN_POINT('',(73.1,-36.,-16.05));
#5070 = VECTOR('',#5071,1.);
#5071 = DIRECTION('',(-1.,0.,0.));
#5072 = PCURVE('',#4432,#5073);
#5073 = DEFINITIONAL_REPRESENTATION('',(#5074),#5078);
#5074 = LINE('',#5075,#5076);
#5075 = CARTESIAN_POINT('',(1.6,4.5));
#5076 = VECTOR('',#5077,1.);
#5077 = DIRECTION('',(-1.,0.));
#5078 = ( GEOMETRIC_REPRESENTATION_CONTEXT(2) 
PARAMETRIC_REPRESENTATION_CONTEXT() REPRESENTATION_CONTEXT('2D SPACE',''
  ) );
#5079 = PCURVE('',#4932,#5080);
#5080 = DEFINITIONAL_REPRESENTATION('',(#5081),#5085);
#5081 = LINE('',#5082,#5083);
#5082 = CARTESIAN_POINT('',(0.,-1.5));
#5083 = VECTOR('',#5084,1.);
#5084 = DIRECTION('',(1.,0.));
#5085 = ( GEOMETRIC_REPRESENTATION_CONTEXT(2) 
PARAMETRIC_REPRESENTATION_CONTEXT() REPRESENTATION_CONTEXT('2D SPACE',''
  ) );
#5086 = ADVANCED_FACE('',(#5087),#4405,.T.);
#5087 = FACE_BOUND('',#5088,.T.);
#5088 = EDGE_LOOP('',(#5089,#5090,#5091,#5112));
#5089 = ORIENTED_EDGE('',*,*,#4388,.T.);
#5090 = ORIENTED_EDGE('',*,*,#5043,.T.);
#5091 = ORIENTED_EDGE('',*,*,#5092,.F.);
#5092 = EDGE_CURVE('',#4918,#5044,#5093,.T.);
#5093 = SURFACE_CURVE('',#5094,(#5098,#5105),.PCURVE_S1.);
#5094 = LINE('',#5095,#5096);
#5095 = CARTESIAN_POINT('',(73.1,-36.,-17.55));
#5096 = VECTOR('',#5097,1.);
#5097 = DIRECTION('',(0.,0.,1.));
#5098 = PCURVE('',#4405,#5099);
#5099 = DEFINITIONAL_REPRESENTATION('',(#5100),#5104);
#5100 = LINE('',#5101,#5102);
#5101 = CARTESIAN_POINT('',(9.,0.));
#5102 = VECTOR('',#5103,1.);
#5103 = DIRECTION('',(0.,-1.));
#5104 = ( GEOMETRIC_REPRESENTATION_CONTEXT(2) 
PARAMETRIC_REPRESENTATION_CONTEXT() REPRESENTATION_CONTEXT('2D SPACE',''
  ) );
#5105 = PCURVE('',#4932,#5106);
#5106 = DEFINITIONAL_REPRESENTATION('',(#5107),#5111);
#5107 = LINE('',#5108,#5109);
#5108 = CARTESIAN_POINT('',(0.,-0.));
#5109 = VECTOR('',#5110,1.);
#5110 = DIRECTION('',(0.,-1.));
#5111 = ( GEOMETRIC_REPRESENTATION_CONTEXT(2) 
PARAMETRIC_REPRESENTATION_CONTEXT() REPRESENTATION_CONTEXT('2D SPACE',''
  ) );
#5112 = ORIENTED_EDGE('',*,*,#4943,.T.);
#5113 = ADVANCED_FACE('',(#5114),#4349,.T.);
#5114 = FACE_BOUND('',#5115,.T.);
#5115 = EDGE_LOOP('',(#5116,#5117,#5118));
#5116 = ORIENTED_EDGE('',*,*,#4626,.F.);
#5117 = ORIENTED_EDGE('',*,*,#4333,.T.);
#5118 = ORIENTED_EDGE('',*,*,#5119,.F.);
#5119 = EDGE_CURVE('',#4599,#4334,#5120,.T.);
#5120 = SURFACE_CURVE('',#5121,(#5126,#5133),.PCURVE_S1.);
#5121 = CIRCLE('',#5122,4.);
#5122 = AXIS2_PLACEMENT_3D('',#5123,#5124,#5125);
#5123 = CARTESIAN_POINT('',(80.,-41.,-13.05));
#5124 = DIRECTION('',(-0.,1.,0.));
#5125 = DIRECTION('',(1.,0.,0.));
#5126 = PCURVE('',#4349,#5127);
#5127 = DEFINITIONAL_REPRESENTATION('',(#5128),#5132);
#5128 = LINE('',#5129,#5130);
#5129 = CARTESIAN_POINT('',(0.,0.));
#5130 = VECTOR('',#5131,1.);
#5131 = DIRECTION('',(1.,0.));
#5132 = ( GEOMETRIC_REPRESENTATION_CONTEXT(2) 
PARAMETRIC_REPRESENTATION_CONTEXT() REPRESENTATION_CONTEXT('2D SPACE',''
  ) );
#5133 = PCURVE('',#4977,#5134);
#5134 = DEFINITIONAL_REPRESENTATION('',(#5135),#5139);
#5135 = LINE('',#5136,#5137);
#5136 = CARTESIAN_POINT('',(-1.570796326795,4.));
#5137 = VECTOR('',#5138,1.);
#5138 = DIRECTION('',(1.,-0.));
#5139 = ( GEOMETRIC_REPRESENTATION_CONTEXT(2) 
PARAMETRIC_REPRESENTATION_CONTEXT() REPRESENTATION_CONTEXT('2D SPACE',''
  ) );
#5140 = ADVANCED_FACE('',(#5141),#4561,.T.);
#5141 = FACE_BOUND('',#5142,.F.);
#5142 = EDGE_LOOP('',(#5143,#5144,#5173,#5201,#5271,#5299,#5369,#5397,
    #5467,#5488));
#5143 = ORIENTED_EDGE('',*,*,#4819,.F.);
#5144 = ORIENTED_EDGE('',*,*,#5145,.T.);
#5145 = EDGE_CURVE('',#4792,#5146,#5148,.T.);
#5146 = VERTEX_POINT('',#5147);
#5147 = CARTESIAN_POINT('',(67.,41.,8.));
#5148 = SURFACE_CURVE('',#5149,(#5154,#5161),.PCURVE_S1.);
#5149 = CIRCLE('',#5150,8.);
#5150 = AXIS2_PLACEMENT_3D('',#5151,#5152,#5153);
#5151 = CARTESIAN_POINT('',(67.,41.,0.));
#5152 = DIRECTION('',(0.,1.,-0.));
#5153 = DIRECTION('',(-1.,0.,1.160699786261E-16));
#5154 = PCURVE('',#4561,#5155);
#5155 = DEFINITIONAL_REPRESENTATION('',(#5156),#5160);
#5156 = LINE('',#5157,#5158);
#5157 = CARTESIAN_POINT('',(-0.,4.));
#5158 = VECTOR('',#5159,1.);
#5159 = DIRECTION('',(-1.,0.));
#5160 = ( GEOMETRIC_REPRESENTATION_CONTEXT(2) 
PARAMETRIC_REPRESENTATION_CONTEXT() REPRESENTATION_CONTEXT('2D SPACE',''
  ) );
#5161 = PCURVE('',#5162,#5167);
#5162 = TOROIDAL_SURFACE('',#5163,4.,4.);
#5163 = AXIS2_PLACEMENT_3D('',#5164,#5165,#5166);
#5164 = CARTESIAN_POINT('',(67.,41.,0.));
#5165 = DIRECTION('',(-0.,1.,-0.));
#5166 = DIRECTION('',(-1.,0.,1.160699786261E-16));
#5167 = DEFINITIONAL_REPRESENTATION('',(#5168),#5172);
#5168 = LINE('',#5169,#5170);
#5169 = CARTESIAN_POINT('',(0.,0.));
#5170 = VECTOR('',#5171,1.);
#5171 = DIRECTION('',(1.,0.));
#5172 = ( GEOMETRIC_REPRESENTATION_CONTEXT(2) 
PARAMETRIC_REPRESENTATION_CONTEXT() REPRESENTATION_CONTEXT('2D SPACE',''
  ) );
#5173 = ORIENTED_EDGE('',*,*,#5174,.T.);
#5174 = EDGE_CURVE('',#5146,#5175,#5177,.T.);
#5175 = VERTEX_POINT('',#5176);
#5176 = CARTESIAN_POINT('',(67.,34.67944947177,8.));
#5177 = SURFACE_CURVE('',#5178,(#5182,#5189),.PCURVE_S1.);
#5178 = LINE('',#5179,#5180);
#5179 = CARTESIAN_POINT('',(67.,45.,8.));
#5180 = VECTOR('',#5181,1.);
#5181 = DIRECTION('',(0.,-1.,0.));
#5182 = PCURVE('',#4561,#5183);
#5183 = DEFINITIONAL_REPRESENTATION('',(#5184),#5188);
#5184 = LINE('',#5185,#5186);
#5185 = CARTESIAN_POINT('',(-1.570796326795,0.));
#5186 = VECTOR('',#5187,1.);
#5187 = DIRECTION('',(-0.,1.));
#5188 = ( GEOMETRIC_REPRESENTATION_CONTEXT(2) 
PARAMETRIC_REPRESENTATION_CONTEXT() REPRESENTATION_CONTEXT('2D SPACE',''
  ) );
#5189 = PCURVE('',#5190,#5195);
#5190 = PLANE('',#5191);
#5191 = AXIS2_PLACEMENT_3D('',#5192,#5193,#5194);
#5192 = CARTESIAN_POINT('',(71.5,0.,8.));
#5193 = DIRECTION('',(0.,0.,1.));
#5194 = DIRECTION('',(1.,0.,-0.));
#5195 = DEFINITIONAL_REPRESENTATION('',(#5196),#5200);
#5196 = LINE('',#5197,#5198);
#5197 = CARTESIAN_POINT('',(-4.5,45.));
#5198 = VECTOR('',#5199,1.);
#5199 = DIRECTION('',(0.,-1.));
#5200 = ( GEOMETRIC_REPRESENTATION_CONTEXT(2) 
PARAMETRIC_REPRESENTATION_CONTEXT() REPRESENTATION_CONTEXT('2D SPACE',''
  ) );
#5201 = ORIENTED_EDGE('',*,*,#5202,.T.);
#5202 = EDGE_CURVE('',#5175,#5203,#5205,.T.);
#5203 = VERTEX_POINT('',#5204);
#5204 = CARTESIAN_POINT('',(67.,30.32055052823,8.));
#5205 = SURFACE_CURVE('',#5206,(#5224,#5245),.PCURVE_S1.);
#5206 = B_SPLINE_CURVE_WITH_KNOTS('',6,(#5207,#5208,#5209,#5210,#5211,
    #5212,#5213,#5214,#5215,#5216,#5217,#5218,#5219,#5220,#5221,#5222,
    #5223),.UNSPECIFIED.,.F.,.F.,(7,5,5,7),(0.,0.123776071742,
    0.499981922583,1.),.UNSPECIFIED.);
#5207 = CARTESIAN_POINT('',(67.,34.67944947177,8.));
#5208 = CARTESIAN_POINT('',(66.958122061687,34.59298235021,8.));
#5209 = CARTESIAN_POINT('',(66.918439235655,34.505965371417,
    7.999737020665));
#5210 = CARTESIAN_POINT('',(66.880929565076,34.418444821041,
    7.999262511216));
#5211 = CARTESIAN_POINT('',(66.845572615062,34.330463915388,
    7.998622869227));
#5212 = CARTESIAN_POINT('',(66.812349472668,34.242062801421,
    7.997859440628));
#5213 = CARTESIAN_POINT('',(66.686696748845,33.883427107825,
    7.994422224744));
#5214 = CARTESIAN_POINT('',(66.611695062467,33.610015803656,
    7.991028249263));
#5215 = CARTESIAN_POINT('',(66.555767991061,33.334117985846,
    7.987852115017));
#5216 = CARTESIAN_POINT('',(66.51859165058,33.056623949284,
    7.985523942754));
#5217 = CARTESIAN_POINT('',(66.5,32.778325523021,7.984359711336));
#5218 = CARTESIAN_POINT('',(66.5,32.130075415877,7.984359711336));
#5219 = CARTESIAN_POINT('',(66.532842820829,31.760261119265,
    7.986416216125));
#5220 = CARTESIAN_POINT('',(66.598490422908,31.392321124525,
    7.990528041234));
#5221 = CARTESIAN_POINT('',(66.697483590752,31.028081692628,
    7.995708539438));
#5222 = CARTESIAN_POINT('',(66.830849665619,30.669802261099,8.));
#5223 = CARTESIAN_POINT('',(67.,30.32055052823,8.));
#5224 = PCURVE('',#4561,#5225);
#5225 = DEFINITIONAL_REPRESENTATION('',(#5226),#5244);
#5226 = B_SPLINE_CURVE_WITH_KNOTS('',6,(#5227,#5228,#5229,#5230,#5231,
    #5232,#5233,#5234,#5235,#5236,#5237,#5238,#5239,#5240,#5241,#5242,
    #5243),.UNSPECIFIED.,.F.,.F.,(7,5,5,7),(0.,0.123776071742,
    0.499981922583,1.),.UNSPECIFIED.);
#5227 = CARTESIAN_POINT('',(-1.570796326795,10.32055052823));
#5228 = CARTESIAN_POINT('',(-1.565561584506,10.40701764979));
#5229 = CARTESIAN_POINT('',(-1.560601223059,10.494034628583));
#5230 = CARTESIAN_POINT('',(-1.555912264723,10.581555178959));
#5231 = CARTESIAN_POINT('',(-1.551492013779,10.669536084612));
#5232 = CARTESIAN_POINT('',(-1.547338056524,10.757937198579));
#5233 = CARTESIAN_POINT('',(-1.531625590605,11.116572892175));
#5234 = CARTESIAN_POINT('',(-1.522242279604,11.389984196344));
#5235 = CARTESIAN_POINT('',(-1.51524020499,11.665882014154));
#5236 = CARTESIAN_POINT('',(-1.51058407754,11.943376050715));
#5237 = CARTESIAN_POINT('',(-1.508255564998,12.221674476979));
#5238 = CARTESIAN_POINT('',(-1.508255564998,12.869924584123));
#5239 = CARTESIAN_POINT('',(-1.512369000344,13.239738880735));
#5240 = CARTESIAN_POINT('',(-1.520590836091,13.607678875475));
#5241 = CARTESIAN_POINT('',(-1.532981722865,13.971918307372));
#5242 = CARTESIAN_POINT('',(-1.549652534997,14.330197738901));
#5243 = CARTESIAN_POINT('',(-1.570796326795,14.67944947177));
#5244 = ( GEOMETRIC_REPRESENTATION_CONTEXT(2) 
PARAMETRIC_REPRESENTATION_CONTEXT() REPRESENTATION_CONTEXT('2D SPACE',''
  ) );
#5245 = PCURVE('',#5246,#5251);
#5246 = CYLINDRICAL_SURFACE('',#5247,5.);
#5247 = AXIS2_PLACEMENT_3D('',#5248,#5249,#5250);
#5248 = CARTESIAN_POINT('',(71.5,32.5,7.5));
#5249 = DIRECTION('',(-0.,-0.,-1.));
#5250 = DIRECTION('',(1.,0.,0.));
#5251 = DEFINITIONAL_REPRESENTATION('',(#5252),#5270);
#5252 = B_SPLINE_CURVE_WITH_KNOTS('',6,(#5253,#5254,#5255,#5256,#5257,
    #5258,#5259,#5260,#5261,#5262,#5263,#5264,#5265,#5266,#5267,#5268,
    #5269),.UNSPECIFIED.,.F.,.F.,(7,5,5,7),(0.,0.123776071742,
    0.499981922583,1.),.UNSPECIFIED.);
#5253 = CARTESIAN_POINT('',(-2.690565841794,-0.5));
#5254 = CARTESIAN_POINT('',(-2.709780757696,-0.5));
#5255 = CARTESIAN_POINT('',(-2.728903306888,-0.499737020665));
#5256 = CARTESIAN_POINT('',(-2.747939768292,-0.499262511216));
#5257 = CARTESIAN_POINT('',(-2.766896351198,-0.498622869227));
#5258 = CARTESIAN_POINT('',(-2.785779195262,-0.497859440628));
#5259 = CARTESIAN_POINT('',(-2.861781344633,-0.494422224744));
#5260 = CARTESIAN_POINT('',(-2.918347770181,-0.491028249263));
#5261 = CARTESIAN_POINT('',(-2.974458645718,-0.487852115017));
#5262 = CARTESIAN_POINT('',(-3.030267847753,-0.485523942754));
#5263 = CARTESIAN_POINT('',(-3.085927548986,-0.484359711336));
#5264 = CARTESIAN_POINT('',(-3.215577570414,-0.484359711336));
#5265 = CARTESIAN_POINT('',(-3.289540549115,-0.486416216125));
#5266 = CARTESIAN_POINT('',(-3.363856938792,-0.490528041234));
#5267 = CARTESIAN_POINT('',(-3.438890972822,-0.495708539438));
#5268 = CARTESIAN_POINT('',(-3.515007969193,-0.5));
#5269 = CARTESIAN_POINT('',(-3.592619465386,-0.5));
#5270 = ( GEOMETRIC_REPRESENTATION_CONTEXT(2) 
PARAMETRIC_REPRESENTATION_CONTEXT() REPRESENTATION_CONTEXT('2D SPACE',''
  ) );
#5271 = ORIENTED_EDGE('',*,*,#5272,.T.);
#5272 = EDGE_CURVE('',#5203,#5273,#5275,.T.);
#5273 = VERTEX_POINT('',#5274);
#5274 = CARTESIAN_POINT('',(67.,2.17944947177,8.));
#5275 = SURFACE_CURVE('',#5276,(#5280,#5287),.PCURVE_S1.);
#5276 = LINE('',#5277,#5278);
#5277 = CARTESIAN_POINT('',(67.,45.,8.));
#5278 = VECTOR('',#5279,1.);
#5279 = DIRECTION('',(0.,-1.,0.));
#5280 = PCURVE('',#4561,#5281);
#5281 = DEFINITIONAL_REPRESENTATION('',(#5282),#5286);
#5282 = LINE('',#5283,#5284);
#5283 = CARTESIAN_POINT('',(-1.570796326795,0.));
#5284 = VECTOR('',#5285,1.);
#5285 = DIRECTION('',(-0.,1.));
#5286 = ( GEOMETRIC_REPRESENTATION_CONTEXT(2) 
PARAMETRIC_REPRESENTATION_CONTEXT() REPRESENTATION_CONTEXT('2D SPACE',''
  ) );
#5287 = PCURVE('',#5288,#5293);
#5288 = PLANE('',#5289);
#5289 = AXIS2_PLACEMENT_3D('',#5290,#5291,#5292);
#5290 = CARTESIAN_POINT('',(71.5,0.,8.));
#5291 = DIRECTION('',(0.,0.,1.));
#5292 = DIRECTION('',(1.,0.,-0.));
#5293 = DEFINITIONAL_REPRESENTATION('',(#5294),#5298);
#5294 = LINE('',#5295,#5296);
#5295 = CARTESIAN_POINT('',(-4.5,45.));
#5296 = VECTOR('',#5297,1.);
#5297 = DIRECTION('',(0.,-1.));
#5298 = ( GEOMETRIC_REPRESENTATION_CONTEXT(2) 
PARAMETRIC_REPRESENTATION_CONTEXT() REPRESENTATION_CONTEXT('2D SPACE',''
  ) );
#5299 = ORIENTED_EDGE('',*,*,#5300,.T.);
#5300 = EDGE_CURVE('',#5273,#5301,#5303,.T.);
#5301 = VERTEX_POINT('',#5302);
#5302 = CARTESIAN_POINT('',(67.,-2.17944947177,8.));
#5303 = SURFACE_CURVE('',#5304,(#5322,#5343),.PCURVE_S1.);
#5304 = B_SPLINE_CURVE_WITH_KNOTS('',6,(#5305,#5306,#5307,#5308,#5309,
    #5310,#5311,#5312,#5313,#5314,#5315,#5316,#5317,#5318,#5319,#5320,
    #5321),.UNSPECIFIED.,.F.,.F.,(7,5,5,7),(0.,0.123776071742,
    0.499981922582,1.),.UNSPECIFIED.);
#5305 = CARTESIAN_POINT('',(67.,2.17944947177,8.));
#5306 = CARTESIAN_POINT('',(66.958122061687,2.09298235021,8.));
#5307 = CARTESIAN_POINT('',(66.918439235655,2.005965371417,
    7.999737020665));
#5308 = CARTESIAN_POINT('',(66.880929565076,1.918444821041,
    7.999262511216));
#5309 = CARTESIAN_POINT('',(66.845572615062,1.830463915388,
    7.998622869227));
#5310 = CARTESIAN_POINT('',(66.812349472668,1.742062801421,
    7.997859440628));
#5311 = CARTESIAN_POINT('',(66.686696748845,1.383427107825,
    7.994422224744));
#5312 = CARTESIAN_POINT('',(66.611695062467,1.110015803656,
    7.991028249263));
#5313 = CARTESIAN_POINT('',(66.555767991061,0.834117985846,
    7.987852115017));
#5314 = CARTESIAN_POINT('',(66.51859165058,0.556623949284,7.985523942754
    ));
#5315 = CARTESIAN_POINT('',(66.5,0.278325523021,7.984359711336));
#5316 = CARTESIAN_POINT('',(66.5,-0.369924584124,7.984359711336));
#5317 = CARTESIAN_POINT('',(66.532842820829,-0.739738880734,
    7.986416216125));
#5318 = CARTESIAN_POINT('',(66.598490422908,-1.107678875475,
    7.990528041234));
#5319 = CARTESIAN_POINT('',(66.697483590752,-1.471918307371,
    7.995708539438));
#5320 = CARTESIAN_POINT('',(66.830849665619,-1.830197738901,8.));
#5321 = CARTESIAN_POINT('',(67.,-2.17944947177,8.));
#5322 = PCURVE('',#4561,#5323);
#5323 = DEFINITIONAL_REPRESENTATION('',(#5324),#5342);
#5324 = B_SPLINE_CURVE_WITH_KNOTS('',6,(#5325,#5326,#5327,#5328,#5329,
    #5330,#5331,#5332,#5333,#5334,#5335,#5336,#5337,#5338,#5339,#5340,
    #5341),.UNSPECIFIED.,.F.,.F.,(7,5,5,7),(0.,0.123776071742,
    0.499981922582,1.),.UNSPECIFIED.);
#5325 = CARTESIAN_POINT('',(-1.570796326795,42.82055052823));
#5326 = CARTESIAN_POINT('',(-1.565561584506,42.90701764979));
#5327 = CARTESIAN_POINT('',(-1.560601223059,42.994034628583));
#5328 = CARTESIAN_POINT('',(-1.555912264723,43.081555178959));
#5329 = CARTESIAN_POINT('',(-1.551492013779,43.169536084612));
#5330 = CARTESIAN_POINT('',(-1.547338056524,43.257937198579));
#5331 = CARTESIAN_POINT('',(-1.531625590605,43.616572892175));
#5332 = CARTESIAN_POINT('',(-1.522242279604,43.889984196344));
#5333 = CARTESIAN_POINT('',(-1.51524020499,44.165882014154));
#5334 = CARTESIAN_POINT('',(-1.51058407754,44.443376050715));
#5335 = CARTESIAN_POINT('',(-1.508255564998,44.721674476979));
#5336 = CARTESIAN_POINT('',(-1.508255564998,45.369924584124));
#5337 = CARTESIAN_POINT('',(-1.512369000344,45.739738880734));
#5338 = CARTESIAN_POINT('',(-1.520590836091,46.107678875476));
#5339 = CARTESIAN_POINT('',(-1.532981722865,46.471918307371));
#5340 = CARTESIAN_POINT('',(-1.549652534997,46.830197738901));
#5341 = CARTESIAN_POINT('',(-1.570796326795,47.17944947177));
#5342 = ( GEOMETRIC_REPRESENTATION_CONTEXT(2) 
PARAMETRIC_REPRESENTATION_CONTEXT() REPRESENTATION_CONTEXT('2D SPACE',''
  ) );
#5343 = PCURVE('',#5344,#5349);
#5344 = CYLINDRICAL_SURFACE('',#5345,5.);
#5345 = AXIS2_PLACEMENT_3D('',#5346,#5347,#5348);
#5346 = CARTESIAN_POINT('',(71.5,0.,7.5));
#5347 = DIRECTION('',(-0.,-0.,-1.));
#5348 = DIRECTION('',(1.,0.,0.));
#5349 = DEFINITIONAL_REPRESENTATION('',(#5350),#5368);
#5350 = B_SPLINE_CURVE_WITH_KNOTS('',6,(#5351,#5352,#5353,#5354,#5355,
    #5356,#5357,#5358,#5359,#5360,#5361,#5362,#5363,#5364,#5365,#5366,
    #5367),.UNSPECIFIED.,.F.,.F.,(7,5,5,7),(0.,0.123776071742,
    0.499981922582,1.),.UNSPECIFIED.);
#5351 = CARTESIAN_POINT('',(-2.690565841794,-0.5));
#5352 = CARTESIAN_POINT('',(-2.709780757696,-0.5));
#5353 = CARTESIAN_POINT('',(-2.728903306888,-0.499737020665));
#5354 = CARTESIAN_POINT('',(-2.747939768292,-0.499262511216));
#5355 = CARTESIAN_POINT('',(-2.766896351198,-0.498622869227));
#5356 = CARTESIAN_POINT('',(-2.785779195262,-0.497859440628));
#5357 = CARTESIAN_POINT('',(-2.861781344633,-0.494422224744));
#5358 = CARTESIAN_POINT('',(-2.918347770181,-0.491028249263));
#5359 = CARTESIAN_POINT('',(-2.974458645718,-0.487852115017));
#5360 = CARTESIAN_POINT('',(-3.030267847753,-0.485523942754));
#5361 = CARTESIAN_POINT('',(-3.085927548986,-0.484359711336));
#5362 = CARTESIAN_POINT('',(-3.215577570415,-0.484359711336));
#5363 = CARTESIAN_POINT('',(-3.289540549115,-0.486416216125));
#5364 = CARTESIAN_POINT('',(-3.363856938792,-0.490528041234));
#5365 = CARTESIAN_POINT('',(-3.438890972822,-0.495708539438));
#5366 = CARTESIAN_POINT('',(-3.515007969193,-0.5));
#5367 = CARTESIAN_POINT('',(-3.592619465386,-0.5));
#5368 = ( GEOMETRIC_REPRESENTATION_CONTEXT(2) 
PARAMETRIC_REPRESENTATION_CONTEXT() REPRESENTATION_CONTEXT('2D SPACE',''
  ) );
#5369 = ORIENTED_EDGE('',*,*,#5370,.T.);
#5370 = EDGE_CURVE('',#5301,#5371,#5373,.T.);
#5371 = VERTEX_POINT('',#5372);
#5372 = CARTESIAN_POINT('',(67.,-15.32055052823,8.));
#5373 = SURFACE_CURVE('',#5374,(#5378,#5385),.PCURVE_S1.);
#5374 = LINE('',#5375,#5376);
#5375 = CARTESIAN_POINT('',(67.,45.,8.));
#5376 = VECTOR('',#5377,1.);
#5377 = DIRECTION('',(0.,-1.,0.));
#5378 = PCURVE('',#4561,#5379);
#5379 = DEFINITIONAL_REPRESENTATION('',(#5380),#5384);
#5380 = LINE('',#5381,#5382);
#5381 = CARTESIAN_POINT('',(-1.570796326795,0.));
#5382 = VECTOR('',#5383,1.);
#5383 = DIRECTION('',(-0.,1.));
#5384 = ( GEOMETRIC_REPRESENTATION_CONTEXT(2) 
PARAMETRIC_REPRESENTATION_CONTEXT() REPRESENTATION_CONTEXT('2D SPACE',''
  ) );
#5385 = PCURVE('',#5386,#5391);
#5386 = PLANE('',#5387);
#5387 = AXIS2_PLACEMENT_3D('',#5388,#5389,#5390);
#5388 = CARTESIAN_POINT('',(71.5,0.,8.));
#5389 = DIRECTION('',(0.,0.,1.));
#5390 = DIRECTION('',(1.,0.,-0.));
#5391 = DEFINITIONAL_REPRESENTATION('',(#5392),#5396);
#5392 = LINE('',#5393,#5394);
#5393 = CARTESIAN_POINT('',(-4.5,45.));
#5394 = VECTOR('',#5395,1.);
#5395 = DIRECTION('',(0.,-1.));
#5396 = ( GEOMETRIC_REPRESENTATION_CONTEXT(2) 
PARAMETRIC_REPRESENTATION_CONTEXT() REPRESENTATION_CONTEXT('2D SPACE',''
  ) );
#5397 = ORIENTED_EDGE('',*,*,#5398,.T.);
#5398 = EDGE_CURVE('',#5371,#5399,#5401,.T.);
#5399 = VERTEX_POINT('',#5400);
#5400 = CARTESIAN_POINT('',(67.,-19.67944947177,8.));
#5401 = SURFACE_CURVE('',#5402,(#5420,#5441),.PCURVE_S1.);
#5402 = B_SPLINE_CURVE_WITH_KNOTS('',6,(#5403,#5404,#5405,#5406,#5407,
    #5408,#5409,#5410,#5411,#5412,#5413,#5414,#5415,#5416,#5417,#5418,
    #5419),.UNSPECIFIED.,.F.,.F.,(7,5,5,7),(0.,0.123776071742,
    0.499981922583,1.),.UNSPECIFIED.);
#5403 = CARTESIAN_POINT('',(67.,-15.32055052823,8.));
#5404 = CARTESIAN_POINT('',(66.958122061687,-15.40701764979,8.));
#5405 = CARTESIAN_POINT('',(66.918439235655,-15.49403462858,
    7.999737020665));
#5406 = CARTESIAN_POINT('',(66.880929565076,-15.58155517895,
    7.999262511216));
#5407 = CARTESIAN_POINT('',(66.845572615062,-15.66953608461,
    7.998622869227));
#5408 = CARTESIAN_POINT('',(66.812349472668,-15.75793719857,
    7.997859440628));
#5409 = CARTESIAN_POINT('',(66.686696748845,-16.11657289217,
    7.994422224744));
#5410 = CARTESIAN_POINT('',(66.611695062467,-16.38998419634,
    7.991028249263));
#5411 = CARTESIAN_POINT('',(66.555767991061,-16.66588201415,
    7.987852115017));
#5412 = CARTESIAN_POINT('',(66.51859165058,-16.94337605071,
    7.985523942754));
#5413 = CARTESIAN_POINT('',(66.5,-17.22167447697,7.984359711336));
#5414 = CARTESIAN_POINT('',(66.5,-17.86992458412,7.984359711336));
#5415 = CARTESIAN_POINT('',(66.532842820829,-18.23973888073,
    7.986416216125));
#5416 = CARTESIAN_POINT('',(66.598490422908,-18.60767887547,
    7.990528041234));
#5417 = CARTESIAN_POINT('',(66.697483590752,-18.97191830737,
    7.995708539438));
#5418 = CARTESIAN_POINT('',(66.830849665619,-19.3301977389,8.));
#5419 = CARTESIAN_POINT('',(67.,-19.67944947177,8.));
#5420 = PCURVE('',#4561,#5421);
#5421 = DEFINITIONAL_REPRESENTATION('',(#5422),#5440);
#5422 = B_SPLINE_CURVE_WITH_KNOTS('',6,(#5423,#5424,#5425,#5426,#5427,
    #5428,#5429,#5430,#5431,#5432,#5433,#5434,#5435,#5436,#5437,#5438,
    #5439),.UNSPECIFIED.,.F.,.F.,(7,5,5,7),(0.,0.123776071742,
    0.499981922583,1.),.UNSPECIFIED.);
#5423 = CARTESIAN_POINT('',(-1.570796326795,60.32055052823));
#5424 = CARTESIAN_POINT('',(-1.565561584506,60.40701764979));
#5425 = CARTESIAN_POINT('',(-1.560601223059,60.494034628583));
#5426 = CARTESIAN_POINT('',(-1.555912264723,60.581555178959));
#5427 = CARTESIAN_POINT('',(-1.551492013779,60.669536084612));
#5428 = CARTESIAN_POINT('',(-1.547338056524,60.757937198579));
#5429 = CARTESIAN_POINT('',(-1.531625590605,61.116572892175));
#5430 = CARTESIAN_POINT('',(-1.522242279604,61.389984196344));
#5431 = CARTESIAN_POINT('',(-1.51524020499,61.665882014154));
#5432 = CARTESIAN_POINT('',(-1.51058407754,61.943376050716));
#5433 = CARTESIAN_POINT('',(-1.508255564998,62.221674476979));
#5434 = CARTESIAN_POINT('',(-1.508255564998,62.869924584124));
#5435 = CARTESIAN_POINT('',(-1.512369000344,63.239738880734));
#5436 = CARTESIAN_POINT('',(-1.520590836091,63.607678875475));
#5437 = CARTESIAN_POINT('',(-1.532981722865,63.971918307371));
#5438 = CARTESIAN_POINT('',(-1.549652534997,64.330197738901));
#5439 = CARTESIAN_POINT('',(-1.570796326795,64.67944947177));
#5440 = ( GEOMETRIC_REPRESENTATION_CONTEXT(2) 
PARAMETRIC_REPRESENTATION_CONTEXT() REPRESENTATION_CONTEXT('2D SPACE',''
  ) );
#5441 = PCURVE('',#5442,#5447);
#5442 = CYLINDRICAL_SURFACE('',#5443,5.);
#5443 = AXIS2_PLACEMENT_3D('',#5444,#5445,#5446);
#5444 = CARTESIAN_POINT('',(71.5,-17.5,7.5));
#5445 = DIRECTION('',(-0.,-0.,-1.));
#5446 = DIRECTION('',(1.,0.,0.));
#5447 = DEFINITIONAL_REPRESENTATION('',(#5448),#5466);
#5448 = B_SPLINE_CURVE_WITH_KNOTS('',6,(#5449,#5450,#5451,#5452,#5453,
    #5454,#5455,#5456,#5457,#5458,#5459,#5460,#5461,#5462,#5463,#5464,
    #5465),.UNSPECIFIED.,.F.,.F.,(7,5,5,7),(0.,0.123776071742,
    0.499981922583,1.),.UNSPECIFIED.);
#5449 = CARTESIAN_POINT('',(-2.690565841794,-0.5));
#5450 = CARTESIAN_POINT('',(-2.709780757696,-0.5));
#5451 = CARTESIAN_POINT('',(-2.728903306888,-0.499737020665));
#5452 = CARTESIAN_POINT('',(-2.747939768292,-0.499262511216));
#5453 = CARTESIAN_POINT('',(-2.766896351198,-0.498622869227));
#5454 = CARTESIAN_POINT('',(-2.785779195262,-0.497859440628));
#5455 = CARTESIAN_POINT('',(-2.861781344633,-0.494422224744));
#5456 = CARTESIAN_POINT('',(-2.918347770181,-0.491028249263));
#5457 = CARTESIAN_POINT('',(-2.974458645718,-0.487852115017));
#5458 = CARTESIAN_POINT('',(-3.030267847753,-0.485523942754));
#5459 = CARTESIAN_POINT('',(-3.085927548986,-0.484359711336));
#5460 = CARTESIAN_POINT('',(-3.215577570414,-0.484359711336));
#5461 = CARTESIAN_POINT('',(-3.289540549115,-0.486416216125));
#5462 = CARTESIAN_POINT('',(-3.363856938792,-0.490528041234));
#5463 = CARTESIAN_POINT('',(-3.438890972822,-0.495708539438));
#5464 = CARTESIAN_POINT('',(-3.515007969193,-0.5));
#5465 = CARTESIAN_POINT('',(-3.592619465386,-0.5));
#5466 = ( GEOMETRIC_REPRESENTATION_CONTEXT(2) 
PARAMETRIC_REPRESENTATION_CONTEXT() REPRESENTATION_CONTEXT('2D SPACE',''
  ) );
#5467 = ORIENTED_EDGE('',*,*,#5468,.T.);
#5468 = EDGE_CURVE('',#5399,#4525,#5469,.T.);
#5469 = SURFACE_CURVE('',#5470,(#5474,#5481),.PCURVE_S1.);
#5470 = LINE('',#5471,#5472);
#5471 = CARTESIAN_POINT('',(67.,45.,8.));
#5472 = VECTOR('',#5473,1.);
#5473 = DIRECTION('',(0.,-1.,0.));
#5474 = PCURVE('',#4561,#5475);
#5475 = DEFINITIONAL_REPRESENTATION('',(#5476),#5480);
#5476 = LINE('',#5477,#5478);
#5477 = CARTESIAN_POINT('',(-1.570796326795,0.));
#5478 = VECTOR('',#5479,1.);
#5479 = DIRECTION('',(-0.,1.));
#5480 = ( GEOMETRIC_REPRESENTATION_CONTEXT(2) 
PARAMETRIC_REPRESENTATION_CONTEXT() REPRESENTATION_CONTEXT('2D SPACE',''
  ) );
#5481 = PCURVE('',#4667,#5482);
#5482 = DEFINITIONAL_REPRESENTATION('',(#5483),#5487);
#5483 = LINE('',#5484,#5485);
#5484 = CARTESIAN_POINT('',(-4.5,45.));
#5485 = VECTOR('',#5486,1.);
#5486 = DIRECTION('',(0.,-1.));
#5487 = ( GEOMETRIC_REPRESENTATION_CONTEXT(2) 
PARAMETRIC_REPRESENTATION_CONTEXT() REPRESENTATION_CONTEXT('2D SPACE',''
  ) );
#5488 = ORIENTED_EDGE('',*,*,#4546,.F.);
#5489 = ADVANCED_FACE('',(#5490),#4614,.F.);
#5490 = FACE_BOUND('',#5491,.F.);
#5491 = EDGE_LOOP('',(#5492,#5515,#5516,#5539));
#5492 = ORIENTED_EDGE('',*,*,#5493,.F.);
#5493 = EDGE_CURVE('',#4599,#5494,#5496,.T.);
#5494 = VERTEX_POINT('',#5495);
#5495 = CARTESIAN_POINT('',(84.,41.,-13.05));
#5496 = SURFACE_CURVE('',#5497,(#5501,#5508),.PCURVE_S1.);
#5497 = LINE('',#5498,#5499);
#5498 = CARTESIAN_POINT('',(84.,-45.,-13.05));
#5499 = VECTOR('',#5500,1.);
#5500 = DIRECTION('',(0.,1.,0.));
#5501 = PCURVE('',#4614,#5502);
#5502 = DEFINITIONAL_REPRESENTATION('',(#5503),#5507);
#5503 = LINE('',#5504,#5505);
#5504 = CARTESIAN_POINT('',(0.,-4.));
#5505 = VECTOR('',#5506,1.);
#5506 = DIRECTION('',(1.,0.));
#5507 = ( GEOMETRIC_REPRESENTATION_CONTEXT(2) 
PARAMETRIC_REPRESENTATION_CONTEXT() REPRESENTATION_CONTEXT('2D SPACE',''
  ) );
#5508 = PCURVE('',#4977,#5509);
#5509 = DEFINITIONAL_REPRESENTATION('',(#5510),#5514);
#5510 = LINE('',#5511,#5512);
#5511 = CARTESIAN_POINT('',(-1.570796326795,0.));
#5512 = VECTOR('',#5513,1.);
#5513 = DIRECTION('',(-0.,1.));
#5514 = ( GEOMETRIC_REPRESENTATION_CONTEXT(2) 
PARAMETRIC_REPRESENTATION_CONTEXT() REPRESENTATION_CONTEXT('2D SPACE',''
  ) );
#5515 = ORIENTED_EDGE('',*,*,#4598,.F.);
#5516 = ORIENTED_EDGE('',*,*,#5517,.T.);
#5517 = EDGE_CURVE('',#4577,#5518,#5520,.T.);
#5518 = VERTEX_POINT('',#5519);
#5519 = CARTESIAN_POINT('',(84.,41.,0.));
#5520 = SURFACE_CURVE('',#5521,(#5525,#5532),.PCURVE_S1.);
#5521 = LINE('',#5522,#5523);
#5522 = CARTESIAN_POINT('',(84.,-45.,1.418418548668E-15));
#5523 = VECTOR('',#5524,1.);
#5524 = DIRECTION('',(0.,1.,0.));
#5525 = PCURVE('',#4614,#5526);
#5526 = DEFINITIONAL_REPRESENTATION('',(#5527),#5531);
#5527 = LINE('',#5528,#5529);
#5528 = CARTESIAN_POINT('',(0.,-17.05));
#5529 = VECTOR('',#5530,1.);
#5530 = DIRECTION('',(1.,0.));
#5531 = ( GEOMETRIC_REPRESENTATION_CONTEXT(2) 
PARAMETRIC_REPRESENTATION_CONTEXT() REPRESENTATION_CONTEXT('2D SPACE',''
  ) );
#5532 = PCURVE('',#4721,#5533);
#5533 = DEFINITIONAL_REPRESENTATION('',(#5534),#5538);
#5534 = LINE('',#5535,#5536);
#5535 = CARTESIAN_POINT('',(-0.,0.));
#5536 = VECTOR('',#5537,1.);
#5537 = DIRECTION('',(-0.,1.));
#5538 = ( GEOMETRIC_REPRESENTATION_CONTEXT(2) 
PARAMETRIC_REPRESENTATION_CONTEXT() REPRESENTATION_CONTEXT('2D SPACE',''
  ) );
#5539 = ORIENTED_EDGE('',*,*,#5540,.T.);
#5540 = EDGE_CURVE('',#5518,#5494,#5541,.T.);
#5541 = SURFACE_CURVE('',#5542,(#5546,#5553),.PCURVE_S1.);
#5542 = LINE('',#5543,#5544);
#5543 = CARTESIAN_POINT('',(84.,41.,0.));
#5544 = VECTOR('',#5545,1.);
#5545 = DIRECTION('',(-0.,-0.,-1.));
#5546 = PCURVE('',#4614,#5547);
#5547 = DEFINITIONAL_REPRESENTATION('',(#5548),#5552);
#5548 = LINE('',#5549,#5550);
#5549 = CARTESIAN_POINT('',(86.,-17.05));
#5550 = VECTOR('',#5551,1.);
#5551 = DIRECTION('',(-0.,1.));
#5552 = ( GEOMETRIC_REPRESENTATION_CONTEXT(2) 
PARAMETRIC_REPRESENTATION_CONTEXT() REPRESENTATION_CONTEXT('2D SPACE',''
  ) );
#5553 = PCURVE('',#5554,#5559);
#5554 = CYLINDRICAL_SURFACE('',#5555,4.);
#5555 = AXIS2_PLACEMENT_3D('',#5556,#5557,#5558);
#5556 = CARTESIAN_POINT('',(80.,41.,0.));
#5557 = DIRECTION('',(-0.,-0.,-1.));
#5558 = DIRECTION('',(1.,-0.,0.));
#5559 = DEFINITIONAL_REPRESENTATION('',(#5560),#5564);
#5560 = LINE('',#5561,#5562);
#5561 = CARTESIAN_POINT('',(-0.,0.));
#5562 = VECTOR('',#5563,1.);
#5563 = DIRECTION('',(-0.,1.));
#5564 = ( GEOMETRIC_REPRESENTATION_CONTEXT(2) 
PARAMETRIC_REPRESENTATION_CONTEXT() REPRESENTATION_CONTEXT('2D SPACE',''
  ) );
#5565 = ADVANCED_FACE('',(#5566,#5619),#4667,.T.);
#5566 = FACE_BOUND('',#5567,.T.);
#5567 = EDGE_LOOP('',(#5568,#5596,#5597,#5598));
#5568 = ORIENTED_EDGE('',*,*,#5569,.T.);
#5569 = EDGE_CURVE('',#5570,#5399,#5572,.T.);
#5570 = VERTEX_POINT('',#5571);
#5571 = CARTESIAN_POINT('',(76.,-19.67944947177,8.));
#5572 = SURFACE_CURVE('',#5573,(#5578,#5589),.PCURVE_S1.);
#5573 = CIRCLE('',#5574,5.);
#5574 = AXIS2_PLACEMENT_3D('',#5575,#5576,#5577);
#5575 = CARTESIAN_POINT('',(71.5,-17.5,8.));
#5576 = DIRECTION('',(0.,0.,-1.));
#5577 = DIRECTION('',(1.,0.,0.));
#5578 = PCURVE('',#4667,#5579);
#5579 = DEFINITIONAL_REPRESENTATION('',(#5580),#5588);
#5580 = ( BOUNDED_CURVE() B_SPLINE_CURVE(2,(#5581,#5582,#5583,#5584,
#5585,#5586,#5587),.UNSPECIFIED.,.T.,.F.) B_SPLINE_CURVE_WITH_KNOTS((1,2
    ,2,2,2,1),(-2.094395102393,0.,2.094395102393,4.188790204786,
6.28318530718,8.377580409573),.UNSPECIFIED.) CURVE() 
GEOMETRIC_REPRESENTATION_ITEM() RATIONAL_B_SPLINE_CURVE((1.,0.5,1.,0.5,
1.,0.5,1.)) REPRESENTATION_ITEM('') );
#5581 = CARTESIAN_POINT('',(5.,-17.5));
#5582 = CARTESIAN_POINT('',(5.,-26.16025403784));
#5583 = CARTESIAN_POINT('',(-2.5,-21.83012701892));
#5584 = CARTESIAN_POINT('',(-10.,-17.5));
#5585 = CARTESIAN_POINT('',(-2.5,-13.16987298107));
#5586 = CARTESIAN_POINT('',(5.,-8.839745962156));
#5587 = CARTESIAN_POINT('',(5.,-17.5));
#5588 = ( GEOMETRIC_REPRESENTATION_CONTEXT(2) 
PARAMETRIC_REPRESENTATION_CONTEXT() REPRESENTATION_CONTEXT('2D SPACE',''
  ) );
#5589 = PCURVE('',#5442,#5590);
#5590 = DEFINITIONAL_REPRESENTATION('',(#5591),#5595);
#5591 = LINE('',#5592,#5593);
#5592 = CARTESIAN_POINT('',(-6.28318530718,-0.5));
#5593 = VECTOR('',#5594,1.);
#5594 = DIRECTION('',(1.,-0.));
#5595 = ( GEOMETRIC_REPRESENTATION_CONTEXT(2) 
PARAMETRIC_REPRESENTATION_CONTEXT() REPRESENTATION_CONTEXT('2D SPACE',''
  ) );
#5596 = ORIENTED_EDGE('',*,*,#5468,.T.);
#5597 = ORIENTED_EDGE('',*,*,#4651,.T.);
#5598 = ORIENTED_EDGE('',*,*,#5599,.T.);
#5599 = EDGE_CURVE('',#4652,#5570,#5600,.T.);
#5600 = SURFACE_CURVE('',#5601,(#5605,#5612),.PCURVE_S1.);
#5601 = LINE('',#5602,#5603);
#5602 = CARTESIAN_POINT('',(76.,-45.,8.));
#5603 = VECTOR('',#5604,1.);
#5604 = DIRECTION('',(0.,1.,0.));
#5605 = PCURVE('',#4667,#5606);
#5606 = DEFINITIONAL_REPRESENTATION('',(#5607),#5611);
#5607 = LINE('',#5608,#5609);
#5608 = CARTESIAN_POINT('',(4.5,-45.));
#5609 = VECTOR('',#5610,1.);
#5610 = DIRECTION('',(0.,1.));
#5611 = ( GEOMETRIC_REPRESENTATION_CONTEXT(2) 
PARAMETRIC_REPRESENTATION_CONTEXT() REPRESENTATION_CONTEXT('2D SPACE',''
  ) );
#5612 = PCURVE('',#4721,#5613);
#5613 = DEFINITIONAL_REPRESENTATION('',(#5614),#5618);
#5614 = LINE('',#5615,#5616);
#5615 = CARTESIAN_POINT('',(-1.570796326795,0.));
#5616 = VECTOR('',#5617,1.);
#5617 = DIRECTION('',(-0.,1.));
#5618 = ( GEOMETRIC_REPRESENTATION_CONTEXT(2) 
PARAMETRIC_REPRESENTATION_CONTEXT() REPRESENTATION_CONTEXT('2D SPACE',''
  ) );
#5619 = FACE_BOUND('',#5620,.T.);
#5620 = EDGE_LOOP('',(#5621));
#5621 = ORIENTED_EDGE('',*,*,#5622,.T.);
#5622 = EDGE_CURVE('',#5623,#5623,#5625,.T.);
#5623 = VERTEX_POINT('',#5624);
#5624 = CARTESIAN_POINT('',(75.5,-32.5,8.));
#5625 = SURFACE_CURVE('',#5626,(#5631,#5642),.PCURVE_S1.);
#5626 = CIRCLE('',#5627,4.);
#5627 = AXIS2_PLACEMENT_3D('',#5628,#5629,#5630);
#5628 = CARTESIAN_POINT('',(71.5,-32.5,8.));
#5629 = DIRECTION('',(0.,0.,-1.));
#5630 = DIRECTION('',(1.,0.,0.));
#5631 = PCURVE('',#4667,#5632);
#5632 = DEFINITIONAL_REPRESENTATION('',(#5633),#5641);
#5633 = ( BOUNDED_CURVE() B_SPLINE_CURVE(2,(#5634,#5635,#5636,#5637,
#5638,#5639,#5640),.UNSPECIFIED.,.T.,.F.) B_SPLINE_CURVE_WITH_KNOTS((1,2
    ,2,2,2,1),(-2.094395102393,0.,2.094395102393,4.188790204786,
6.28318530718,8.377580409573),.UNSPECIFIED.) CURVE() 
GEOMETRIC_REPRESENTATION_ITEM() RATIONAL_B_SPLINE_CURVE((1.,0.5,1.,0.5,
1.,0.5,1.)) REPRESENTATION_ITEM('') );
#5634 = CARTESIAN_POINT('',(4.,-32.5));
#5635 = CARTESIAN_POINT('',(4.,-39.42820323027));
#5636 = CARTESIAN_POINT('',(-2.,-35.96410161513));
#5637 = CARTESIAN_POINT('',(-8.,-32.5));
#5638 = CARTESIAN_POINT('',(-2.,-29.03589838486));
#5639 = CARTESIAN_POINT('',(4.,-25.57179676972));
#5640 = CARTESIAN_POINT('',(4.,-32.5));
#5641 = ( GEOMETRIC_REPRESENTATION_CONTEXT(2) 
PARAMETRIC_REPRESENTATION_CONTEXT() REPRESENTATION_CONTEXT('2D SPACE',''
  ) );
#5642 = PCURVE('',#5643,#5648);
#5643 = CYLINDRICAL_SURFACE('',#5644,4.);
#5644 = AXIS2_PLACEMENT_3D('',#5645,#5646,#5647);
#5645 = CARTESIAN_POINT('',(71.5,-32.5,7.5));
#5646 = DIRECTION('',(-0.,-0.,-1.));
#5647 = DIRECTION('',(1.,0.,0.));
#5648 = DEFINITIONAL_REPRESENTATION('',(#5649),#5653);
#5649 = LINE('',#5650,#5651);
#5650 = CARTESIAN_POINT('',(-6.28318530718,-0.5));
#5651 = VECTOR('',#5652,1.);
#5652 = DIRECTION('',(1.,-0.));
#5653 = ( GEOMETRIC_REPRESENTATION_CONTEXT(2) 
PARAMETRIC_REPRESENTATION_CONTEXT() REPRESENTATION_CONTEXT('2D SPACE',''
  ) );
#5654 = ADVANCED_FACE('',(#5655),#4721,.T.);
#5655 = FACE_BOUND('',#5656,.F.);
#5656 = EDGE_LOOP('',(#5657,#5658,#5659,#5660,#5695,#5730,#5753,#5788,
    #5823,#5846,#5881,#5916,#5939));
#5657 = ORIENTED_EDGE('',*,*,#5517,.F.);
#5658 = ORIENTED_EDGE('',*,*,#4706,.F.);
#5659 = ORIENTED_EDGE('',*,*,#5599,.T.);
#5660 = ORIENTED_EDGE('',*,*,#5661,.T.);
#5661 = EDGE_CURVE('',#5570,#5662,#5664,.T.);
#5662 = VERTEX_POINT('',#5663);
#5663 = CARTESIAN_POINT('',(76.5,-17.5,7.984359711336));
#5664 = SURFACE_CURVE('',#5665,(#5673,#5684),.PCURVE_S1.);
#5665 = B_SPLINE_CURVE_WITH_KNOTS('',6,(#5666,#5667,#5668,#5669,#5670,
    #5671,#5672),.UNSPECIFIED.,.F.,.F.,(7,7),(0.,1.),
  .PIECEWISE_BEZIER_KNOTS.);
#5666 = CARTESIAN_POINT('',(76.,-19.67944947177,8.));
#5667 = CARTESIAN_POINT('',(76.169150321514,-19.33019776546,8.));
#5668 = CARTESIAN_POINT('',(76.302516404105,-18.97191833094,
    7.995708540216));
#5669 = CARTESIAN_POINT('',(76.401509580128,-18.60767887748,
    7.990528040773));
#5670 = CARTESIAN_POINT('',(76.467157182952,-18.23973886264,
    7.986416216025));
#5671 = CARTESIAN_POINT('',(76.5,-17.86992456362,7.984359711336));
#5672 = CARTESIAN_POINT('',(76.5,-17.5,7.984359711336));
#5673 = PCURVE('',#4721,#5674);
#5674 = DEFINITIONAL_REPRESENTATION('',(#5675),#5683);
#5675 = B_SPLINE_CURVE_WITH_KNOTS('',6,(#5676,#5677,#5678,#5679,#5680,
    #5681,#5682),.UNSPECIFIED.,.F.,.F.,(7,7),(0.,1.),
  .PIECEWISE_BEZIER_KNOTS.);
#5676 = CARTESIAN_POINT('',(-1.570796326795,25.32055052823));
#5677 = CARTESIAN_POINT('',(-1.549652536606,25.669802234532));
#5678 = CARTESIAN_POINT('',(-1.532981723484,26.028081669051));
#5679 = CARTESIAN_POINT('',(-1.520590835756,26.392321122511));
#5680 = CARTESIAN_POINT('',(-1.512368999846,26.760261137353));
#5681 = CARTESIAN_POINT('',(-1.508255564998,27.130075436379));
#5682 = CARTESIAN_POINT('',(-1.508255564998,27.5));
#5683 = ( GEOMETRIC_REPRESENTATION_CONTEXT(2) 
PARAMETRIC_REPRESENTATION_CONTEXT() REPRESENTATION_CONTEXT('2D SPACE',''
  ) );
#5684 = PCURVE('',#5442,#5685);
#5685 = DEFINITIONAL_REPRESENTATION('',(#5686),#5694);
#5686 = B_SPLINE_CURVE_WITH_KNOTS('',6,(#5687,#5688,#5689,#5690,#5691,
    #5692,#5693),.UNSPECIFIED.,.F.,.F.,(7,7),(0.,1.),
  .PIECEWISE_BEZIER_KNOTS.);
#5687 = CARTESIAN_POINT('',(-5.832158495383,-0.5));
#5688 = CARTESIAN_POINT('',(-5.909769985673,-0.5));
#5689 = CARTESIAN_POINT('',(-5.985886983313,-0.495708540216));
#5690 = CARTESIAN_POINT('',(-6.060921021582,-0.490528040773));
#5691 = CARTESIAN_POINT('',(-6.135237415336,-0.486416216025));
#5692 = CARTESIAN_POINT('',(-6.209200394455,-0.484359711336));
#5693 = CARTESIAN_POINT('',(-6.28318530718,-0.484359711336));
#5694 = ( GEOMETRIC_REPRESENTATION_CONTEXT(2) 
PARAMETRIC_REPRESENTATION_CONTEXT() REPRESENTATION_CONTEXT('2D SPACE',''
  ) );
#5695 = ORIENTED_EDGE('',*,*,#5696,.T.);
#5696 = EDGE_CURVE('',#5662,#5697,#5699,.T.);
#5697 = VERTEX_POINT('',#5698);
#5698 = CARTESIAN_POINT('',(76.,-15.32055052823,8.));
#5699 = SURFACE_CURVE('',#5700,(#5708,#5719),.PCURVE_S1.);
#5700 = B_SPLINE_CURVE_WITH_KNOTS('',6,(#5701,#5702,#5703,#5704,#5705,
    #5706,#5707),.UNSPECIFIED.,.F.,.F.,(7,7),(0.,1.),
  .PIECEWISE_BEZIER_KNOTS.);
#5701 = CARTESIAN_POINT('',(76.5,-17.5,7.984359711336));
#5702 = CARTESIAN_POINT('',(76.5,-17.13007541587,7.984359711336));
#5703 = CARTESIAN_POINT('',(76.467157179171,-16.76026111926,
    7.986416216125));
#5704 = CARTESIAN_POINT('',(76.401509577092,-16.39232112452,
    7.990528041234));
#5705 = CARTESIAN_POINT('',(76.302516409249,-16.02808169262,
    7.995708539438));
#5706 = CARTESIAN_POINT('',(76.169150334381,-15.66980226109,8.));
#5707 = CARTESIAN_POINT('',(76.,-15.32055052823,8.));
#5708 = PCURVE('',#4721,#5709);
#5709 = DEFINITIONAL_REPRESENTATION('',(#5710),#5718);
#5710 = B_SPLINE_CURVE_WITH_KNOTS('',6,(#5711,#5712,#5713,#5714,#5715,
    #5716,#5717),.UNSPECIFIED.,.F.,.F.,(7,7),(0.,1.),
  .PIECEWISE_BEZIER_KNOTS.);
#5711 = CARTESIAN_POINT('',(-1.508255564998,27.5));
#5712 = CARTESIAN_POINT('',(-1.508255564998,27.869924584124));
#5713 = CARTESIAN_POINT('',(-1.512369000344,28.239738880734));
#5714 = CARTESIAN_POINT('',(-1.520590836091,28.607678875476));
#5715 = CARTESIAN_POINT('',(-1.532981722865,28.971918307371));
#5716 = CARTESIAN_POINT('',(-1.549652534997,29.330197738902));
#5717 = CARTESIAN_POINT('',(-1.570796326795,29.67944947177));
#5718 = ( GEOMETRIC_REPRESENTATION_CONTEXT(2) 
PARAMETRIC_REPRESENTATION_CONTEXT() REPRESENTATION_CONTEXT('2D SPACE',''
  ) );
#5719 = PCURVE('',#5442,#5720);
#5720 = DEFINITIONAL_REPRESENTATION('',(#5721),#5729);
#5721 = B_SPLINE_CURVE_WITH_KNOTS('',6,(#5722,#5723,#5724,#5725,#5726,
    #5727,#5728),.UNSPECIFIED.,.F.,.F.,(7,7),(0.,1.),
  .PIECEWISE_BEZIER_KNOTS.);
#5722 = CARTESIAN_POINT('',(0.,-0.484359711336));
#5723 = CARTESIAN_POINT('',(-7.398491682479E-02,-0.484359711336));
#5724 = CARTESIAN_POINT('',(-0.147947895525,-0.486416216125));
#5725 = CARTESIAN_POINT('',(-0.222264285203,-0.490528041234));
#5726 = CARTESIAN_POINT('',(-0.297298319232,-0.495708539438));
#5727 = CARTESIAN_POINT('',(-0.373415315603,-0.5));
#5728 = CARTESIAN_POINT('',(-0.451026811796,-0.5));
#5729 = ( GEOMETRIC_REPRESENTATION_CONTEXT(2) 
PARAMETRIC_REPRESENTATION_CONTEXT() REPRESENTATION_CONTEXT('2D SPACE',''
  ) );
#5730 = ORIENTED_EDGE('',*,*,#5731,.T.);
#5731 = EDGE_CURVE('',#5697,#5732,#5734,.T.);
#5732 = VERTEX_POINT('',#5733);
#5733 = CARTESIAN_POINT('',(76.,-2.17944947177,8.));
#5734 = SURFACE_CURVE('',#5735,(#5739,#5746),.PCURVE_S1.);
#5735 = LINE('',#5736,#5737);
#5736 = CARTESIAN_POINT('',(76.,-45.,8.));
#5737 = VECTOR('',#5738,1.);
#5738 = DIRECTION('',(0.,1.,0.));
#5739 = PCURVE('',#4721,#5740);
#5740 = DEFINITIONAL_REPRESENTATION('',(#5741),#5745);
#5741 = LINE('',#5742,#5743);
#5742 = CARTESIAN_POINT('',(-1.570796326795,0.));
#5743 = VECTOR('',#5744,1.);
#5744 = DIRECTION('',(-0.,1.));
#5745 = ( GEOMETRIC_REPRESENTATION_CONTEXT(2) 
PARAMETRIC_REPRESENTATION_CONTEXT() REPRESENTATION_CONTEXT('2D SPACE',''
  ) );
#5746 = PCURVE('',#5386,#5747);
#5747 = DEFINITIONAL_REPRESENTATION('',(#5748),#5752);
#5748 = LINE('',#5749,#5750);
#5749 = CARTESIAN_POINT('',(4.5,-45.));
#5750 = VECTOR('',#5751,1.);
#5751 = DIRECTION('',(0.,1.));
#5752 = ( GEOMETRIC_REPRESENTATION_CONTEXT(2) 
PARAMETRIC_REPRESENTATION_CONTEXT() REPRESENTATION_CONTEXT('2D SPACE',''
  ) );
#5753 = ORIENTED_EDGE('',*,*,#5754,.T.);
#5754 = EDGE_CURVE('',#5732,#5755,#5757,.T.);
#5755 = VERTEX_POINT('',#5756);
#5756 = CARTESIAN_POINT('',(76.5,0.,7.984359711336));
#5757 = SURFACE_CURVE('',#5758,(#5766,#5777),.PCURVE_S1.);
#5758 = B_SPLINE_CURVE_WITH_KNOTS('',6,(#5759,#5760,#5761,#5762,#5763,
    #5764,#5765),.UNSPECIFIED.,.F.,.F.,(7,7),(0.,1.),
  .PIECEWISE_BEZIER_KNOTS.);
#5759 = CARTESIAN_POINT('',(76.,-2.17944947177,8.));
#5760 = CARTESIAN_POINT('',(76.169150321514,-1.830197765468,8.));
#5761 = CARTESIAN_POINT('',(76.302516404105,-1.471918330949,
    7.995708540216));
#5762 = CARTESIAN_POINT('',(76.401509580128,-1.10767887749,
    7.990528040773));
#5763 = CARTESIAN_POINT('',(76.467157182952,-0.739738862647,
    7.986416216025));
#5764 = CARTESIAN_POINT('',(76.5,-0.369924563621,7.984359711336));
#5765 = CARTESIAN_POINT('',(76.5,-4.440892098501E-16,7.984359711336));
#5766 = PCURVE('',#4721,#5767);
#5767 = DEFINITIONAL_REPRESENTATION('',(#5768),#5776);
#5768 = B_SPLINE_CURVE_WITH_KNOTS('',6,(#5769,#5770,#5771,#5772,#5773,
    #5774,#5775),.UNSPECIFIED.,.F.,.F.,(7,7),(0.,1.),
  .PIECEWISE_BEZIER_KNOTS.);
#5769 = CARTESIAN_POINT('',(-1.570796326795,42.82055052823));
#5770 = CARTESIAN_POINT('',(-1.549652536606,43.169802234532));
#5771 = CARTESIAN_POINT('',(-1.532981723484,43.528081669051));
#5772 = CARTESIAN_POINT('',(-1.520590835756,43.89232112251));
#5773 = CARTESIAN_POINT('',(-1.512368999846,44.260261137353));
#5774 = CARTESIAN_POINT('',(-1.508255564998,44.630075436379));
#5775 = CARTESIAN_POINT('',(-1.508255564998,45.));
#5776 = ( GEOMETRIC_REPRESENTATION_CONTEXT(2) 
PARAMETRIC_REPRESENTATION_CONTEXT() REPRESENTATION_CONTEXT('2D SPACE',''
  ) );
#5777 = PCURVE('',#5344,#5778);
#5778 = DEFINITIONAL_REPRESENTATION('',(#5779),#5787);
#5779 = B_SPLINE_CURVE_WITH_KNOTS('',6,(#5780,#5781,#5782,#5783,#5784,
    #5785,#5786),.UNSPECIFIED.,.F.,.F.,(7,7),(0.,1.),
  .PIECEWISE_BEZIER_KNOTS.);
#5780 = CARTESIAN_POINT('',(-5.832158495383,-0.5));
#5781 = CARTESIAN_POINT('',(-5.909769985673,-0.5));
#5782 = CARTESIAN_POINT('',(-5.985886983313,-0.495708540216));
#5783 = CARTESIAN_POINT('',(-6.060921021582,-0.490528040773));
#5784 = CARTESIAN_POINT('',(-6.135237415336,-0.486416216025));
#5785 = CARTESIAN_POINT('',(-6.209200394455,-0.484359711336));
#5786 = CARTESIAN_POINT('',(-6.28318530718,-0.484359711336));
#5787 = ( GEOMETRIC_REPRESENTATION_CONTEXT(2) 
PARAMETRIC_REPRESENTATION_CONTEXT() REPRESENTATION_CONTEXT('2D SPACE',''
  ) );
#5788 = ORIENTED_EDGE('',*,*,#5789,.T.);
#5789 = EDGE_CURVE('',#5755,#5790,#5792,.T.);
#5790 = VERTEX_POINT('',#5791);
#5791 = CARTESIAN_POINT('',(76.,2.17944947177,8.));
#5792 = SURFACE_CURVE('',#5793,(#5801,#5812),.PCURVE_S1.);
#5793 = B_SPLINE_CURVE_WITH_KNOTS('',6,(#5794,#5795,#5796,#5797,#5798,
    #5799,#5800),.UNSPECIFIED.,.F.,.F.,(7,7),(0.,1.),
  .PIECEWISE_BEZIER_KNOTS.);
#5794 = CARTESIAN_POINT('',(76.5,-6.123233995737E-16,7.984359711336));
#5795 = CARTESIAN_POINT('',(76.5,0.369924584124,7.984359711336));
#5796 = CARTESIAN_POINT('',(76.467157179171,0.739738880734,
    7.986416216125));
#5797 = CARTESIAN_POINT('',(76.401509577092,1.107678875476,
    7.990528041234));
#5798 = CARTESIAN_POINT('',(76.302516409248,1.471918307371,
    7.995708539438));
#5799 = CARTESIAN_POINT('',(76.169150334381,1.830197738901,8.));
#5800 = CARTESIAN_POINT('',(76.,2.17944947177,8.));
#5801 = PCURVE('',#4721,#5802);
#5802 = DEFINITIONAL_REPRESENTATION('',(#5803),#5811);
#5803 = B_SPLINE_CURVE_WITH_KNOTS('',6,(#5804,#5805,#5806,#5807,#5808,
    #5809,#5810),.UNSPECIFIED.,.F.,.F.,(7,7),(0.,1.),
  .PIECEWISE_BEZIER_KNOTS.);
#5804 = CARTESIAN_POINT('',(-1.508255564998,45.));
#5805 = CARTESIAN_POINT('',(-1.508255564998,45.369924584124));
#5806 = CARTESIAN_POINT('',(-1.512369000344,45.739738880734));
#5807 = CARTESIAN_POINT('',(-1.520590836091,46.107678875476));
#5808 = CARTESIAN_POINT('',(-1.532981722865,46.471918307371));
#5809 = CARTESIAN_POINT('',(-1.549652534997,46.830197738901));
#5810 = CARTESIAN_POINT('',(-1.570796326795,47.17944947177));
#5811 = ( GEOMETRIC_REPRESENTATION_CONTEXT(2) 
PARAMETRIC_REPRESENTATION_CONTEXT() REPRESENTATION_CONTEXT('2D SPACE',''
  ) );
#5812 = PCURVE('',#5344,#5813);
#5813 = DEFINITIONAL_REPRESENTATION('',(#5814),#5822);
#5814 = B_SPLINE_CURVE_WITH_KNOTS('',6,(#5815,#5816,#5817,#5818,#5819,
    #5820,#5821),.UNSPECIFIED.,.F.,.F.,(7,7),(0.,1.),
  .PIECEWISE_BEZIER_KNOTS.);
#5815 = CARTESIAN_POINT('',(0.,-0.484359711336));
#5816 = CARTESIAN_POINT('',(-7.398491682472E-02,-0.484359711336));
#5817 = CARTESIAN_POINT('',(-0.147947895525,-0.486416216125));
#5818 = CARTESIAN_POINT('',(-0.222264285203,-0.490528041234));
#5819 = CARTESIAN_POINT('',(-0.297298319232,-0.495708539438));
#5820 = CARTESIAN_POINT('',(-0.373415315603,-0.5));
#5821 = CARTESIAN_POINT('',(-0.451026811796,-0.5));
#5822 = ( GEOMETRIC_REPRESENTATION_CONTEXT(2) 
PARAMETRIC_REPRESENTATION_CONTEXT() REPRESENTATION_CONTEXT('2D SPACE',''
  ) );
#5823 = ORIENTED_EDGE('',*,*,#5824,.T.);
#5824 = EDGE_CURVE('',#5790,#5825,#5827,.T.);
#5825 = VERTEX_POINT('',#5826);
#5826 = CARTESIAN_POINT('',(76.,30.32055052823,8.));
#5827 = SURFACE_CURVE('',#5828,(#5832,#5839),.PCURVE_S1.);
#5828 = LINE('',#5829,#5830);
#5829 = CARTESIAN_POINT('',(76.,-45.,8.));
#5830 = VECTOR('',#5831,1.);
#5831 = DIRECTION('',(0.,1.,0.));
#5832 = PCURVE('',#4721,#5833);
#5833 = DEFINITIONAL_REPRESENTATION('',(#5834),#5838);
#5834 = LINE('',#5835,#5836);
#5835 = CARTESIAN_POINT('',(-1.570796326795,0.));
#5836 = VECTOR('',#5837,1.);
#5837 = DIRECTION('',(-0.,1.));
#5838 = ( GEOMETRIC_REPRESENTATION_CONTEXT(2) 
PARAMETRIC_REPRESENTATION_CONTEXT() REPRESENTATION_CONTEXT('2D SPACE',''
  ) );
#5839 = PCURVE('',#5288,#5840);
#5840 = DEFINITIONAL_REPRESENTATION('',(#5841),#5845);
#5841 = LINE('',#5842,#5843);
#5842 = CARTESIAN_POINT('',(4.5,-45.));
#5843 = VECTOR('',#5844,1.);
#5844 = DIRECTION('',(0.,1.));
#5845 = ( GEOMETRIC_REPRESENTATION_CONTEXT(2) 
PARAMETRIC_REPRESENTATION_CONTEXT() REPRESENTATION_CONTEXT('2D SPACE',''
  ) );
#5846 = ORIENTED_EDGE('',*,*,#5847,.T.);
#5847 = EDGE_CURVE('',#5825,#5848,#5850,.T.);
#5848 = VERTEX_POINT('',#5849);
#5849 = CARTESIAN_POINT('',(76.5,32.5,7.984359711336));
#5850 = SURFACE_CURVE('',#5851,(#5859,#5870),.PCURVE_S1.);
#5851 = B_SPLINE_CURVE_WITH_KNOTS('',6,(#5852,#5853,#5854,#5855,#5856,
    #5857,#5858),.UNSPECIFIED.,.F.,.F.,(7,7),(0.,1.),
  .PIECEWISE_BEZIER_KNOTS.);
#5852 = CARTESIAN_POINT('',(76.,30.32055052823,8.));
#5853 = CARTESIAN_POINT('',(76.169150321514,30.669802234532,8.));
#5854 = CARTESIAN_POINT('',(76.302516404105,31.028081669051,
    7.995708540216));
#5855 = CARTESIAN_POINT('',(76.401509580128,31.39232112251,
    7.990528040773));
#5856 = CARTESIAN_POINT('',(76.467157182952,31.760261137353,
    7.986416216025));
#5857 = CARTESIAN_POINT('',(76.5,32.130075436379,7.984359711336));
#5858 = CARTESIAN_POINT('',(76.5,32.5,7.984359711336));
#5859 = PCURVE('',#4721,#5860);
#5860 = DEFINITIONAL_REPRESENTATION('',(#5861),#5869);
#5861 = B_SPLINE_CURVE_WITH_KNOTS('',6,(#5862,#5863,#5864,#5865,#5866,
    #5867,#5868),.UNSPECIFIED.,.F.,.F.,(7,7),(0.,1.),
  .PIECEWISE_BEZIER_KNOTS.);
#5862 = CARTESIAN_POINT('',(-1.570796326795,75.32055052823));
#5863 = CARTESIAN_POINT('',(-1.549652536606,75.669802234532));
#5864 = CARTESIAN_POINT('',(-1.532981723484,76.028081669051));
#5865 = CARTESIAN_POINT('',(-1.520590835756,76.39232112251));
#5866 = CARTESIAN_POINT('',(-1.512368999846,76.760261137353));
#5867 = CARTESIAN_POINT('',(-1.508255564998,77.130075436379));
#5868 = CARTESIAN_POINT('',(-1.508255564998,77.5));
#5869 = ( GEOMETRIC_REPRESENTATION_CONTEXT(2) 
PARAMETRIC_REPRESENTATION_CONTEXT() REPRESENTATION_CONTEXT('2D SPACE',''
  ) );
#5870 = PCURVE('',#5246,#5871);
#5871 = DEFINITIONAL_REPRESENTATION('',(#5872),#5880);
#5872 = B_SPLINE_CURVE_WITH_KNOTS('',6,(#5873,#5874,#5875,#5876,#5877,
    #5878,#5879),.UNSPECIFIED.,.F.,.F.,(7,7),(0.,1.),
  .PIECEWISE_BEZIER_KNOTS.);
#5873 = CARTESIAN_POINT('',(-5.832158495383,-0.5));
#5874 = CARTESIAN_POINT('',(-5.909769985673,-0.5));
#5875 = CARTESIAN_POINT('',(-5.985886983313,-0.495708540216));
#5876 = CARTESIAN_POINT('',(-6.060921021582,-0.490528040773));
#5877 = CARTESIAN_POINT('',(-6.135237415336,-0.486416216025));
#5878 = CARTESIAN_POINT('',(-6.209200394455,-0.484359711336));
#5879 = CARTESIAN_POINT('',(-6.28318530718,-0.484359711336));
#5880 = ( GEOMETRIC_REPRESENTATION_CONTEXT(2) 
PARAMETRIC_REPRESENTATION_CONTEXT() REPRESENTATION_CONTEXT('2D SPACE',''
  ) );
#5881 = ORIENTED_EDGE('',*,*,#5882,.T.);
#5882 = EDGE_CURVE('',#5848,#5883,#5885,.T.);
#5883 = VERTEX_POINT('',#5884);
#5884 = CARTESIAN_POINT('',(76.,34.67944947177,8.));
#5885 = SURFACE_CURVE('',#5886,(#5894,#5905),.PCURVE_S1.);
#5886 = B_SPLINE_CURVE_WITH_KNOTS('',6,(#5887,#5888,#5889,#5890,#5891,
    #5892,#5893),.UNSPECIFIED.,.F.,.F.,(7,7),(0.,1.),
  .PIECEWISE_BEZIER_KNOTS.);
#5887 = CARTESIAN_POINT('',(76.5,32.5,7.984359711336));
#5888 = CARTESIAN_POINT('',(76.5,32.869924584124,7.984359711336));
#5889 = CARTESIAN_POINT('',(76.467157179171,33.239738880733,
    7.986416216125));
#5890 = CARTESIAN_POINT('',(76.401509577092,33.607678875477,
    7.990528041234));
#5891 = CARTESIAN_POINT('',(76.302516409249,33.97191830737,
    7.995708539438));
#5892 = CARTESIAN_POINT('',(76.169150334381,34.330197738902,8.));
#5893 = CARTESIAN_POINT('',(76.,34.67944947177,8.));
#5894 = PCURVE('',#4721,#5895);
#5895 = DEFINITIONAL_REPRESENTATION('',(#5896),#5904);
#5896 = B_SPLINE_CURVE_WITH_KNOTS('',6,(#5897,#5898,#5899,#5900,#5901,
    #5902,#5903),.UNSPECIFIED.,.F.,.F.,(7,7),(0.,1.),
  .PIECEWISE_BEZIER_KNOTS.);
#5897 = CARTESIAN_POINT('',(-1.508255564998,77.5));
#5898 = CARTESIAN_POINT('',(-1.508255564998,77.869924584124));
#5899 = CARTESIAN_POINT('',(-1.512369000344,78.239738880733));
#5900 = CARTESIAN_POINT('',(-1.520590836092,78.607678875477));
#5901 = CARTESIAN_POINT('',(-1.532981722865,78.97191830737));
#5902 = CARTESIAN_POINT('',(-1.549652534997,79.330197738902));
#5903 = CARTESIAN_POINT('',(-1.570796326795,79.67944947177));
#5904 = ( GEOMETRIC_REPRESENTATION_CONTEXT(2) 
PARAMETRIC_REPRESENTATION_CONTEXT() REPRESENTATION_CONTEXT('2D SPACE',''
  ) );
#5905 = PCURVE('',#5246,#5906);
#5906 = DEFINITIONAL_REPRESENTATION('',(#5907),#5915);
#5907 = B_SPLINE_CURVE_WITH_KNOTS('',6,(#5908,#5909,#5910,#5911,#5912,
    #5913,#5914),.UNSPECIFIED.,.F.,.F.,(7,7),(0.,1.),
  .PIECEWISE_BEZIER_KNOTS.);
#5908 = CARTESIAN_POINT('',(0.,-0.484359711336));
#5909 = CARTESIAN_POINT('',(-7.398491682475E-02,-0.484359711336));
#5910 = CARTESIAN_POINT('',(-0.147947895525,-0.486416216125));
#5911 = CARTESIAN_POINT('',(-0.222264285203,-0.490528041234));
#5912 = CARTESIAN_POINT('',(-0.297298319232,-0.495708539438));
#5913 = CARTESIAN_POINT('',(-0.373415315603,-0.5));
#5914 = CARTESIAN_POINT('',(-0.451026811796,-0.5));
#5915 = ( GEOMETRIC_REPRESENTATION_CONTEXT(2) 
PARAMETRIC_REPRESENTATION_CONTEXT() REPRESENTATION_CONTEXT('2D SPACE',''
  ) );
#5916 = ORIENTED_EDGE('',*,*,#5917,.T.);
#5917 = EDGE_CURVE('',#5883,#5918,#5920,.T.);
#5918 = VERTEX_POINT('',#5919);
#5919 = CARTESIAN_POINT('',(76.,41.,8.));
#5920 = SURFACE_CURVE('',#5921,(#5925,#5932),.PCURVE_S1.);
#5921 = LINE('',#5922,#5923);
#5922 = CARTESIAN_POINT('',(76.,-45.,8.));
#5923 = VECTOR('',#5924,1.);
#5924 = DIRECTION('',(0.,1.,0.));
#5925 = PCURVE('',#4721,#5926);
#5926 = DEFINITIONAL_REPRESENTATION('',(#5927),#5931);
#5927 = LINE('',#5928,#5929);
#5928 = CARTESIAN_POINT('',(-1.570796326795,0.));
#5929 = VECTOR('',#5930,1.);
#5930 = DIRECTION('',(-0.,1.));
#5931 = ( GEOMETRIC_REPRESENTATION_CONTEXT(2) 
PARAMETRIC_REPRESENTATION_CONTEXT() REPRESENTATION_CONTEXT('2D SPACE',''
  ) );
#5932 = PCURVE('',#5190,#5933);
#5933 = DEFINITIONAL_REPRESENTATION('',(#5934),#5938);
#5934 = LINE('',#5935,#5936);
#5935 = CARTESIAN_POINT('',(4.5,-45.));
#5936 = VECTOR('',#5937,1.);
#5937 = DIRECTION('',(0.,1.));
#5938 = ( GEOMETRIC_REPRESENTATION_CONTEXT(2) 
PARAMETRIC_REPRESENTATION_CONTEXT() REPRESENTATION_CONTEXT('2D SPACE',''
  ) );
#5939 = ORIENTED_EDGE('',*,*,#5940,.T.);
#5940 = EDGE_CURVE('',#5918,#5518,#5941,.T.);
#5941 = SURFACE_CURVE('',#5942,(#5947,#5954),.PCURVE_S1.);
#5942 = CIRCLE('',#5943,8.);
#5943 = AXIS2_PLACEMENT_3D('',#5944,#5945,#5946);
#5944 = CARTESIAN_POINT('',(76.,41.,0.));
#5945 = DIRECTION('',(-0.,1.,0.));
#5946 = DIRECTION('',(0.,0.,1.));
#5947 = PCURVE('',#4721,#5948);
#5948 = DEFINITIONAL_REPRESENTATION('',(#5949),#5953);
#5949 = LINE('',#5950,#5951);
#5950 = CARTESIAN_POINT('',(-1.570796326795,86.));
#5951 = VECTOR('',#5952,1.);
#5952 = DIRECTION('',(1.,-0.));
#5953 = ( GEOMETRIC_REPRESENTATION_CONTEXT(2) 
PARAMETRIC_REPRESENTATION_CONTEXT() REPRESENTATION_CONTEXT('2D SPACE',''
  ) );
#5954 = PCURVE('',#5955,#5960);
#5955 = TOROIDAL_SURFACE('',#5956,4.,4.);
#5956 = AXIS2_PLACEMENT_3D('',#5957,#5958,#5959);
#5957 = CARTESIAN_POINT('',(76.,41.,0.));
#5958 = DIRECTION('',(-0.,1.,-0.));
#5959 = DIRECTION('',(0.,0.,1.));
#5960 = DEFINITIONAL_REPRESENTATION('',(#5961),#5965);
#5961 = LINE('',#5962,#5963);
#5962 = CARTESIAN_POINT('',(0.,0.));
#5963 = VECTOR('',#5964,1.);
#5964 = DIRECTION('',(1.,0.));
#5965 = ( GEOMETRIC_REPRESENTATION_CONTEXT(2) 
PARAMETRIC_REPRESENTATION_CONTEXT() REPRESENTATION_CONTEXT('2D SPACE',''
  ) );
#5966 = ADVANCED_FACE('',(#5967),#4753,.T.);
#5967 = FACE_BOUND('',#5968,.T.);
#5968 = EDGE_LOOP('',(#5969,#5970,#5997,#5998));
#5969 = ORIENTED_EDGE('',*,*,#4768,.F.);
#5970 = ORIENTED_EDGE('',*,*,#5971,.F.);
#5971 = EDGE_CURVE('',#4847,#4769,#5972,.T.);
#5972 = SURFACE_CURVE('',#5973,(#5978,#5985),.PCURVE_S1.);
#5973 = CIRCLE('',#5974,4.);
#5974 = AXIS2_PLACEMENT_3D('',#5975,#5976,#5977);
#5975 = CARTESIAN_POINT('',(63.,41.,-13.05));
#5976 = DIRECTION('',(-0.,1.,0.));
#5977 = DIRECTION('',(0.,0.,-1.));
#5978 = PCURVE('',#4753,#5979);
#5979 = DEFINITIONAL_REPRESENTATION('',(#5980),#5984);
#5980 = LINE('',#5981,#5982);
#5981 = CARTESIAN_POINT('',(1.570796326795,4.));
#5982 = VECTOR('',#5983,1.);
#5983 = DIRECTION('',(-1.,-0.));
#5984 = ( GEOMETRIC_REPRESENTATION_CONTEXT(2) 
PARAMETRIC_REPRESENTATION_CONTEXT() REPRESENTATION_CONTEXT('2D SPACE',''
  ) );
#5985 = PCURVE('',#5986,#5991);
#5986 = SPHERICAL_SURFACE('',#5987,4.);
#5987 = AXIS2_PLACEMENT_3D('',#5988,#5989,#5990);
#5988 = CARTESIAN_POINT('',(63.,41.,-13.05));
#5989 = DIRECTION('',(-0.,1.,-0.));
#5990 = DIRECTION('',(0.,0.,-1.));
#5991 = DEFINITIONAL_REPRESENTATION('',(#5992),#5996);
#5992 = LINE('',#5993,#5994);
#5993 = CARTESIAN_POINT('',(0.,0.));
#5994 = VECTOR('',#5995,1.);
#5995 = DIRECTION('',(1.,0.));
#5996 = ( GEOMETRIC_REPRESENTATION_CONTEXT(2) 
PARAMETRIC_REPRESENTATION_CONTEXT() REPRESENTATION_CONTEXT('2D SPACE',''
  ) );
#5997 = ORIENTED_EDGE('',*,*,#4874,.T.);
#5998 = ORIENTED_EDGE('',*,*,#4738,.T.);
#5999 = ADVANCED_FACE('',(#6000),#4807,.T.);
#6000 = FACE_BOUND('',#6001,.F.);
#6001 = EDGE_LOOP('',(#6002,#6024,#6052,#6072));
#6002 = ORIENTED_EDGE('',*,*,#6003,.T.);
#6003 = EDGE_CURVE('',#4769,#6004,#6006,.T.);
#6004 = VERTEX_POINT('',#6005);
#6005 = CARTESIAN_POINT('',(63.,45.,-13.05));
#6006 = SURFACE_CURVE('',#6007,(#6012,#6018),.PCURVE_S1.);
#6007 = CIRCLE('',#6008,4.);
#6008 = AXIS2_PLACEMENT_3D('',#6009,#6010,#6011);
#6009 = CARTESIAN_POINT('',(63.,41.,-13.05));
#6010 = DIRECTION('',(-0.,0.,-1.));
#6011 = DIRECTION('',(-1.,0.,0.));
#6012 = PCURVE('',#4807,#6013);
#6013 = DEFINITIONAL_REPRESENTATION('',(#6014),#6017);
#6014 = B_SPLINE_CURVE_WITH_KNOTS('',1,(#6015,#6016),.UNSPECIFIED.,.F.,
  .F.,(2,2),(0.,1.570796326795),.PIECEWISE_BEZIER_KNOTS.);
#6015 = CARTESIAN_POINT('',(0.,0.));
#6016 = CARTESIAN_POINT('',(-1.570796326795,0.));
#6017 = ( GEOMETRIC_REPRESENTATION_CONTEXT(2) 
PARAMETRIC_REPRESENTATION_CONTEXT() REPRESENTATION_CONTEXT('2D SPACE',''
  ) );
#6018 = PCURVE('',#5986,#6019);
#6019 = DEFINITIONAL_REPRESENTATION('',(#6020),#6023);
#6020 = B_SPLINE_CURVE_WITH_KNOTS('',1,(#6021,#6022),.UNSPECIFIED.,.F.,
  .F.,(2,2),(0.,1.570796326795),.PIECEWISE_BEZIER_KNOTS.);
#6021 = CARTESIAN_POINT('',(1.570796326795,0.));
#6022 = CARTESIAN_POINT('',(1.570796326795,1.570796326795));
#6023 = ( GEOMETRIC_REPRESENTATION_CONTEXT(2) 
PARAMETRIC_REPRESENTATION_CONTEXT() REPRESENTATION_CONTEXT('2D SPACE',''
  ) );
#6024 = ORIENTED_EDGE('',*,*,#6025,.T.);
#6025 = EDGE_CURVE('',#6004,#6026,#6028,.T.);
#6026 = VERTEX_POINT('',#6027);
#6027 = CARTESIAN_POINT('',(63.,45.,0.));
#6028 = SURFACE_CURVE('',#6029,(#6033,#6040),.PCURVE_S1.);
#6029 = LINE('',#6030,#6031);
#6030 = CARTESIAN_POINT('',(63.,45.,-13.05));
#6031 = VECTOR('',#6032,1.);
#6032 = DIRECTION('',(0.,0.,1.));
#6033 = PCURVE('',#4807,#6034);
#6034 = DEFINITIONAL_REPRESENTATION('',(#6035),#6039);
#6035 = LINE('',#6036,#6037);
#6036 = CARTESIAN_POINT('',(-1.570796326795,0.));
#6037 = VECTOR('',#6038,1.);
#6038 = DIRECTION('',(-0.,1.));
#6039 = ( GEOMETRIC_REPRESENTATION_CONTEXT(2) 
PARAMETRIC_REPRESENTATION_CONTEXT() REPRESENTATION_CONTEXT('2D SPACE',''
  ) );
#6040 = PCURVE('',#6041,#6046);
#6041 = PLANE('',#6042);
#6042 = AXIS2_PLACEMENT_3D('',#6043,#6044,#6045);
#6043 = CARTESIAN_POINT('',(84.,45.,-17.05));
#6044 = DIRECTION('',(0.,-1.,0.));
#6045 = DIRECTION('',(-1.,0.,0.));
#6046 = DEFINITIONAL_REPRESENTATION('',(#6047),#6051);
#6047 = LINE('',#6048,#6049);
#6048 = CARTESIAN_POINT('',(21.,-4.));
#6049 = VECTOR('',#6050,1.);
#6050 = DIRECTION('',(0.,-1.));
#6051 = ( GEOMETRIC_REPRESENTATION_CONTEXT(2) 
PARAMETRIC_REPRESENTATION_CONTEXT() REPRESENTATION_CONTEXT('2D SPACE',''
  ) );
#6052 = ORIENTED_EDGE('',*,*,#6053,.F.);
#6053 = EDGE_CURVE('',#4792,#6026,#6054,.T.);
#6054 = SURFACE_CURVE('',#6055,(#6060,#6066),.PCURVE_S1.);
#6055 = CIRCLE('',#6056,4.);
#6056 = AXIS2_PLACEMENT_3D('',#6057,#6058,#6059);
#6057 = CARTESIAN_POINT('',(63.,41.,0.));
#6058 = DIRECTION('',(-0.,0.,-1.));
#6059 = DIRECTION('',(-1.,0.,0.));
#6060 = PCURVE('',#4807,#6061);
#6061 = DEFINITIONAL_REPRESENTATION('',(#6062),#6065);
#6062 = B_SPLINE_CURVE_WITH_KNOTS('',1,(#6063,#6064),.UNSPECIFIED.,.F.,
  .F.,(2,2),(0.,1.570796326795),.PIECEWISE_BEZIER_KNOTS.);
#6063 = CARTESIAN_POINT('',(0.,13.05));
#6064 = CARTESIAN_POINT('',(-1.570796326795,13.05));
#6065 = ( GEOMETRIC_REPRESENTATION_CONTEXT(2) 
PARAMETRIC_REPRESENTATION_CONTEXT() REPRESENTATION_CONTEXT('2D SPACE',''
  ) );
#6066 = PCURVE('',#5162,#6067);
#6067 = DEFINITIONAL_REPRESENTATION('',(#6068),#6071);
#6068 = B_SPLINE_CURVE_WITH_KNOTS('',1,(#6069,#6070),.UNSPECIFIED.,.F.,
  .F.,(2,2),(0.,1.570796326795),.PIECEWISE_BEZIER_KNOTS.);
#6069 = CARTESIAN_POINT('',(0.,0.));
#6070 = CARTESIAN_POINT('',(0.,1.570796326795));
#6071 = ( GEOMETRIC_REPRESENTATION_CONTEXT(2) 
PARAMETRIC_REPRESENTATION_CONTEXT() REPRESENTATION_CONTEXT('2D SPACE',''
  ) );
#6072 = ORIENTED_EDGE('',*,*,#4791,.F.);
#6073 = ADVANCED_FACE('',(#6074),#4862,.T.);
#6074 = FACE_BOUND('',#6075,.F.);
#6075 = EDGE_LOOP('',(#6076,#6103,#6124,#6144));
#6076 = ORIENTED_EDGE('',*,*,#6077,.T.);
#6077 = EDGE_CURVE('',#4845,#6078,#6080,.T.);
#6078 = VERTEX_POINT('',#6079);
#6079 = CARTESIAN_POINT('',(80.,45.,-13.05));
#6080 = SURFACE_CURVE('',#6081,(#6086,#6092),.PCURVE_S1.);
#6081 = CIRCLE('',#6082,4.);
#6082 = AXIS2_PLACEMENT_3D('',#6083,#6084,#6085);
#6083 = CARTESIAN_POINT('',(80.,41.,-13.05));
#6084 = DIRECTION('',(1.,0.,6.123233995737E-17));
#6085 = DIRECTION('',(6.123233995737E-17,0.,-1.));
#6086 = PCURVE('',#4862,#6087);
#6087 = DEFINITIONAL_REPRESENTATION('',(#6088),#6091);
#6088 = B_SPLINE_CURVE_WITH_KNOTS('',1,(#6089,#6090),.UNSPECIFIED.,.F.,
  .F.,(2,2),(0.,1.570796326795),.PIECEWISE_BEZIER_KNOTS.);
#6089 = CARTESIAN_POINT('',(0.,0.));
#6090 = CARTESIAN_POINT('',(-1.570796326795,0.));
#6091 = ( GEOMETRIC_REPRESENTATION_CONTEXT(2) 
PARAMETRIC_REPRESENTATION_CONTEXT() REPRESENTATION_CONTEXT('2D SPACE',''
  ) );
#6092 = PCURVE('',#6093,#6098);
#6093 = SPHERICAL_SURFACE('',#6094,4.);
#6094 = AXIS2_PLACEMENT_3D('',#6095,#6096,#6097);
#6095 = CARTESIAN_POINT('',(80.,41.,-13.05));
#6096 = DIRECTION('',(-0.,1.,-0.));
#6097 = DIRECTION('',(1.,0.,0.));
#6098 = DEFINITIONAL_REPRESENTATION('',(#6099),#6102);
#6099 = B_SPLINE_CURVE_WITH_KNOTS('',1,(#6100,#6101),.UNSPECIFIED.,.F.,
  .F.,(2,2),(0.,1.570796326795),.PIECEWISE_BEZIER_KNOTS.);
#6100 = CARTESIAN_POINT('',(1.570796326795,0.));
#6101 = CARTESIAN_POINT('',(1.570796326795,1.570796326795));
#6102 = ( GEOMETRIC_REPRESENTATION_CONTEXT(2) 
PARAMETRIC_REPRESENTATION_CONTEXT() REPRESENTATION_CONTEXT('2D SPACE',''
  ) );
#6103 = ORIENTED_EDGE('',*,*,#6104,.T.);
#6104 = EDGE_CURVE('',#6078,#6004,#6105,.T.);
#6105 = SURFACE_CURVE('',#6106,(#6110,#6117),.PCURVE_S1.);
#6106 = LINE('',#6107,#6108);
#6107 = CARTESIAN_POINT('',(80.,45.,-13.05));
#6108 = VECTOR('',#6109,1.);
#6109 = DIRECTION('',(-1.,0.,0.));
#6110 = PCURVE('',#4862,#6111);
#6111 = DEFINITIONAL_REPRESENTATION('',(#6112),#6116);
#6112 = LINE('',#6113,#6114);
#6113 = CARTESIAN_POINT('',(-1.570796326795,0.));
#6114 = VECTOR('',#6115,1.);
#6115 = DIRECTION('',(-0.,1.));
#6116 = ( GEOMETRIC_REPRESENTATION_CONTEXT(2) 
PARAMETRIC_REPRESENTATION_CONTEXT() REPRESENTATION_CONTEXT('2D SPACE',''
  ) );
#6117 = PCURVE('',#6041,#6118);
#6118 = DEFINITIONAL_REPRESENTATION('',(#6119),#6123);
#6119 = LINE('',#6120,#6121);
#6120 = CARTESIAN_POINT('',(4.,-4.));
#6121 = VECTOR('',#6122,1.);
#6122 = DIRECTION('',(1.,0.));
#6123 = ( GEOMETRIC_REPRESENTATION_CONTEXT(2) 
PARAMETRIC_REPRESENTATION_CONTEXT() REPRESENTATION_CONTEXT('2D SPACE',''
  ) );
#6124 = ORIENTED_EDGE('',*,*,#6125,.F.);
#6125 = EDGE_CURVE('',#4847,#6004,#6126,.T.);
#6126 = SURFACE_CURVE('',#6127,(#6132,#6138),.PCURVE_S1.);
#6127 = CIRCLE('',#6128,4.);
#6128 = AXIS2_PLACEMENT_3D('',#6129,#6130,#6131);
#6129 = CARTESIAN_POINT('',(63.,41.,-13.05));
#6130 = DIRECTION('',(1.,0.,-0.));
#6131 = DIRECTION('',(-0.,0.,-1.));
#6132 = PCURVE('',#4862,#6133);
#6133 = DEFINITIONAL_REPRESENTATION('',(#6134),#6137);
#6134 = B_SPLINE_CURVE_WITH_KNOTS('',1,(#6135,#6136),.UNSPECIFIED.,.F.,
  .F.,(2,2),(0.,1.570796326795),.PIECEWISE_BEZIER_KNOTS.);
#6135 = CARTESIAN_POINT('',(0.,17.));
#6136 = CARTESIAN_POINT('',(-1.570796326795,17.));
#6137 = ( GEOMETRIC_REPRESENTATION_CONTEXT(2) 
PARAMETRIC_REPRESENTATION_CONTEXT() REPRESENTATION_CONTEXT('2D SPACE',''
  ) );
#6138 = PCURVE('',#5986,#6139);
#6139 = DEFINITIONAL_REPRESENTATION('',(#6140),#6143);
#6140 = B_SPLINE_CURVE_WITH_KNOTS('',1,(#6141,#6142),.UNSPECIFIED.,.F.,
  .F.,(2,2),(0.,1.570796326795),.PIECEWISE_BEZIER_KNOTS.);
#6141 = CARTESIAN_POINT('',(0.,0.));
#6142 = CARTESIAN_POINT('',(0.,1.570796326795));
#6143 = ( GEOMETRIC_REPRESENTATION_CONTEXT(2) 
PARAMETRIC_REPRESENTATION_CONTEXT() REPRESENTATION_CONTEXT('2D SPACE',''
  ) );
#6144 = ORIENTED_EDGE('',*,*,#4844,.F.);
#6145 = ADVANCED_FACE('',(#6146),#4977,.T.);
#6146 = FACE_BOUND('',#6147,.F.);
#6147 = EDGE_LOOP('',(#6148,#6149,#6150,#6151));
#6148 = ORIENTED_EDGE('',*,*,#4963,.F.);
#6149 = ORIENTED_EDGE('',*,*,#5119,.F.);
#6150 = ORIENTED_EDGE('',*,*,#5493,.T.);
#6151 = ORIENTED_EDGE('',*,*,#6152,.T.);
#6152 = EDGE_CURVE('',#5494,#4845,#6153,.T.);
#6153 = SURFACE_CURVE('',#6154,(#6159,#6166),.PCURVE_S1.);
#6154 = CIRCLE('',#6155,4.);
#6155 = AXIS2_PLACEMENT_3D('',#6156,#6157,#6158);
#6156 = CARTESIAN_POINT('',(80.,41.,-13.05));
#6157 = DIRECTION('',(-0.,1.,0.));
#6158 = DIRECTION('',(1.,0.,0.));
#6159 = PCURVE('',#4977,#6160);
#6160 = DEFINITIONAL_REPRESENTATION('',(#6161),#6165);
#6161 = LINE('',#6162,#6163);
#6162 = CARTESIAN_POINT('',(-1.570796326795,86.));
#6163 = VECTOR('',#6164,1.);
#6164 = DIRECTION('',(1.,-0.));
#6165 = ( GEOMETRIC_REPRESENTATION_CONTEXT(2) 
PARAMETRIC_REPRESENTATION_CONTEXT() REPRESENTATION_CONTEXT('2D SPACE',''
  ) );
#6166 = PCURVE('',#6093,#6167);
#6167 = DEFINITIONAL_REPRESENTATION('',(#6168),#6172);
#6168 = LINE('',#6169,#6170);
#6169 = CARTESIAN_POINT('',(0.,0.));
#6170 = VECTOR('',#6171,1.);
#6171 = DIRECTION('',(1.,0.));
#6172 = ( GEOMETRIC_REPRESENTATION_CONTEXT(2) 
PARAMETRIC_REPRESENTATION_CONTEXT() REPRESENTATION_CONTEXT('2D SPACE',''
  ) );
#6173 = ADVANCED_FACE('',(#6174),#4932,.T.);
#6174 = FACE_BOUND('',#6175,.T.);
#6175 = EDGE_LOOP('',(#6176,#6177,#6178,#6179));
#6176 = ORIENTED_EDGE('',*,*,#4917,.T.);
#6177 = ORIENTED_EDGE('',*,*,#5092,.T.);
#6178 = ORIENTED_EDGE('',*,*,#5066,.T.);
#6179 = ORIENTED_EDGE('',*,*,#4993,.F.);
#6180 = ADVANCED_FACE('',(#6181),#5442,.F.);
#6181 = FACE_BOUND('',#6182,.T.);
#6182 = EDGE_LOOP('',(#6183,#6212,#6233,#6234,#6260,#6261,#6262,#6263));
#6183 = ORIENTED_EDGE('',*,*,#6184,.F.);
#6184 = EDGE_CURVE('',#6185,#6185,#6187,.T.);
#6185 = VERTEX_POINT('',#6186);
#6186 = CARTESIAN_POINT('',(76.5,-17.5,7.5));
#6187 = SURFACE_CURVE('',#6188,(#6193,#6200),.PCURVE_S1.);
#6188 = CIRCLE('',#6189,5.);
#6189 = AXIS2_PLACEMENT_3D('',#6190,#6191,#6192);
#6190 = CARTESIAN_POINT('',(71.5,-17.5,7.5));
#6191 = DIRECTION('',(0.,0.,1.));
#6192 = DIRECTION('',(1.,0.,0.));
#6193 = PCURVE('',#5442,#6194);
#6194 = DEFINITIONAL_REPRESENTATION('',(#6195),#6199);
#6195 = LINE('',#6196,#6197);
#6196 = CARTESIAN_POINT('',(-0.,0.));
#6197 = VECTOR('',#6198,1.);
#6198 = DIRECTION('',(-1.,0.));
#6199 = ( GEOMETRIC_REPRESENTATION_CONTEXT(2) 
PARAMETRIC_REPRESENTATION_CONTEXT() REPRESENTATION_CONTEXT('2D SPACE',''
  ) );
#6200 = PCURVE('',#6201,#6206);
#6201 = PLANE('',#6202);
#6202 = AXIS2_PLACEMENT_3D('',#6203,#6204,#6205);
#6203 = CARTESIAN_POINT('',(71.5,-17.5,7.5));
#6204 = DIRECTION('',(0.,0.,1.));
#6205 = DIRECTION('',(1.,0.,-0.));
#6206 = DEFINITIONAL_REPRESENTATION('',(#6207),#6211);
#6207 = CIRCLE('',#6208,5.);
#6208 = AXIS2_PLACEMENT_2D('',#6209,#6210);
#6209 = CARTESIAN_POINT('',(0.,-3.552713678801E-15));
#6210 = DIRECTION('',(1.,0.));
#6211 = ( GEOMETRIC_REPRESENTATION_CONTEXT(2) 
PARAMETRIC_REPRESENTATION_CONTEXT() REPRESENTATION_CONTEXT('2D SPACE',''
  ) );
#6212 = ORIENTED_EDGE('',*,*,#6213,.T.);
#6213 = EDGE_CURVE('',#6185,#5662,#6214,.T.);
#6214 = SEAM_CURVE('',#6215,(#6219,#6226),.PCURVE_S1.);
#6215 = LINE('',#6216,#6217);
#6216 = CARTESIAN_POINT('',(76.5,-17.5,7.5));
#6217 = VECTOR('',#6218,1.);
#6218 = DIRECTION('',(0.,0.,1.));
#6219 = PCURVE('',#5442,#6220);
#6220 = DEFINITIONAL_REPRESENTATION('',(#6221),#6225);
#6221 = LINE('',#6222,#6223);
#6222 = CARTESIAN_POINT('',(-6.28318530718,0.));
#6223 = VECTOR('',#6224,1.);
#6224 = DIRECTION('',(-0.,-1.));
#6225 = ( GEOMETRIC_REPRESENTATION_CONTEXT(2) 
PARAMETRIC_REPRESENTATION_CONTEXT() REPRESENTATION_CONTEXT('2D SPACE',''
  ) );
#6226 = PCURVE('',#5442,#6227);
#6227 = DEFINITIONAL_REPRESENTATION('',(#6228),#6232);
#6228 = LINE('',#6229,#6230);
#6229 = CARTESIAN_POINT('',(-0.,0.));
#6230 = VECTOR('',#6231,1.);
#6231 = DIRECTION('',(-0.,-1.));
#6232 = ( GEOMETRIC_REPRESENTATION_CONTEXT(2) 
PARAMETRIC_REPRESENTATION_CONTEXT() REPRESENTATION_CONTEXT('2D SPACE',''
  ) );
#6233 = ORIENTED_EDGE('',*,*,#5696,.T.);
#6234 = ORIENTED_EDGE('',*,*,#6235,.F.);
#6235 = EDGE_CURVE('',#5371,#5697,#6236,.T.);
#6236 = SURFACE_CURVE('',#6237,(#6242,#6249),.PCURVE_S1.);
#6237 = CIRCLE('',#6238,5.);
#6238 = AXIS2_PLACEMENT_3D('',#6239,#6240,#6241);
#6239 = CARTESIAN_POINT('',(71.5,-17.5,8.));
#6240 = DIRECTION('',(0.,0.,-1.));
#6241 = DIRECTION('',(1.,0.,0.));
#6242 = PCURVE('',#5442,#6243);
#6243 = DEFINITIONAL_REPRESENTATION('',(#6244),#6248);
#6244 = LINE('',#6245,#6246);
#6245 = CARTESIAN_POINT('',(-6.28318530718,-0.5));
#6246 = VECTOR('',#6247,1.);
#6247 = DIRECTION('',(1.,-0.));
#6248 = ( GEOMETRIC_REPRESENTATION_CONTEXT(2) 
PARAMETRIC_REPRESENTATION_CONTEXT() REPRESENTATION_CONTEXT('2D SPACE',''
  ) );
#6249 = PCURVE('',#5386,#6250);
#6250 = DEFINITIONAL_REPRESENTATION('',(#6251),#6259);
#6251 = ( BOUNDED_CURVE() B_SPLINE_CURVE(2,(#6252,#6253,#6254,#6255,
#6256,#6257,#6258),.UNSPECIFIED.,.T.,.F.) B_SPLINE_CURVE_WITH_KNOTS((1,2
    ,2,2,2,1),(-2.094395102393,0.,2.094395102393,4.188790204786,
6.28318530718,8.377580409573),.UNSPECIFIED.) CURVE() 
GEOMETRIC_REPRESENTATION_ITEM() RATIONAL_B_SPLINE_CURVE((1.,0.5,1.,0.5,
1.,0.5,1.)) REPRESENTATION_ITEM('') );
#6252 = CARTESIAN_POINT('',(5.,-17.5));
#6253 = CARTESIAN_POINT('',(5.,-26.16025403784));
#6254 = CARTESIAN_POINT('',(-2.5,-21.83012701892));
#6255 = CARTESIAN_POINT('',(-10.,-17.5));
#6256 = CARTESIAN_POINT('',(-2.5,-13.16987298107));
#6257 = CARTESIAN_POINT('',(5.,-8.839745962156));
#6258 = CARTESIAN_POINT('',(5.,-17.5));
#6259 = ( GEOMETRIC_REPRESENTATION_CONTEXT(2) 
PARAMETRIC_REPRESENTATION_CONTEXT() REPRESENTATION_CONTEXT('2D SPACE',''
  ) );
#6260 = ORIENTED_EDGE('',*,*,#5398,.T.);
#6261 = ORIENTED_EDGE('',*,*,#5569,.F.);
#6262 = ORIENTED_EDGE('',*,*,#5661,.T.);
#6263 = ORIENTED_EDGE('',*,*,#6213,.F.);
#6264 = ADVANCED_FACE('',(#6265),#5386,.T.);
#6265 = FACE_BOUND('',#6266,.T.);
#6266 = EDGE_LOOP('',(#6267,#6268,#6294,#6295));
#6267 = ORIENTED_EDGE('',*,*,#5731,.T.);
#6268 = ORIENTED_EDGE('',*,*,#6269,.T.);
#6269 = EDGE_CURVE('',#5732,#5301,#6270,.T.);
#6270 = SURFACE_CURVE('',#6271,(#6276,#6287),.PCURVE_S1.);
#6271 = CIRCLE('',#6272,5.);
#6272 = AXIS2_PLACEMENT_3D('',#6273,#6274,#6275);
#6273 = CARTESIAN_POINT('',(71.5,0.,8.));
#6274 = DIRECTION('',(0.,0.,-1.));
#6275 = DIRECTION('',(1.,0.,0.));
#6276 = PCURVE('',#5386,#6277);
#6277 = DEFINITIONAL_REPRESENTATION('',(#6278),#6286);
#6278 = ( BOUNDED_CURVE() B_SPLINE_CURVE(2,(#6279,#6280,#6281,#6282,
#6283,#6284,#6285),.UNSPECIFIED.,.T.,.F.) B_SPLINE_CURVE_WITH_KNOTS((1,2
    ,2,2,2,1),(-2.094395102393,0.,2.094395102393,4.188790204786,
6.28318530718,8.377580409573),.UNSPECIFIED.) CURVE() 
GEOMETRIC_REPRESENTATION_ITEM() RATIONAL_B_SPLINE_CURVE((1.,0.5,1.,0.5,
1.,0.5,1.)) REPRESENTATION_ITEM('') );
#6279 = CARTESIAN_POINT('',(5.,0.));
#6280 = CARTESIAN_POINT('',(5.,-8.660254037844));
#6281 = CARTESIAN_POINT('',(-2.5,-4.330127018922));
#6282 = CARTESIAN_POINT('',(-10.,-1.224646799147E-15));
#6283 = CARTESIAN_POINT('',(-2.5,4.330127018922));
#6284 = CARTESIAN_POINT('',(5.,8.660254037844));
#6285 = CARTESIAN_POINT('',(5.,0.));
#6286 = ( GEOMETRIC_REPRESENTATION_CONTEXT(2) 
PARAMETRIC_REPRESENTATION_CONTEXT() REPRESENTATION_CONTEXT('2D SPACE',''
  ) );
#6287 = PCURVE('',#5344,#6288);
#6288 = DEFINITIONAL_REPRESENTATION('',(#6289),#6293);
#6289 = LINE('',#6290,#6291);
#6290 = CARTESIAN_POINT('',(-6.28318530718,-0.5));
#6291 = VECTOR('',#6292,1.);
#6292 = DIRECTION('',(1.,-0.));
#6293 = ( GEOMETRIC_REPRESENTATION_CONTEXT(2) 
PARAMETRIC_REPRESENTATION_CONTEXT() REPRESENTATION_CONTEXT('2D SPACE',''
  ) );
#6294 = ORIENTED_EDGE('',*,*,#5370,.T.);
#6295 = ORIENTED_EDGE('',*,*,#6235,.T.);
#6296 = ADVANCED_FACE('',(#6297),#5344,.F.);
#6297 = FACE_BOUND('',#6298,.T.);
#6298 = EDGE_LOOP('',(#6299,#6328,#6349,#6350,#6376,#6377,#6378,#6379));
#6299 = ORIENTED_EDGE('',*,*,#6300,.F.);
#6300 = EDGE_CURVE('',#6301,#6301,#6303,.T.);
#6301 = VERTEX_POINT('',#6302);
#6302 = CARTESIAN_POINT('',(76.5,0.,7.5));
#6303 = SURFACE_CURVE('',#6304,(#6309,#6316),.PCURVE_S1.);
#6304 = CIRCLE('',#6305,5.);
#6305 = AXIS2_PLACEMENT_3D('',#6306,#6307,#6308);
#6306 = CARTESIAN_POINT('',(71.5,0.,7.5));
#6307 = DIRECTION('',(0.,0.,1.));
#6308 = DIRECTION('',(1.,0.,0.));
#6309 = PCURVE('',#5344,#6310);
#6310 = DEFINITIONAL_REPRESENTATION('',(#6311),#6315);
#6311 = LINE('',#6312,#6313);
#6312 = CARTESIAN_POINT('',(-0.,0.));
#6313 = VECTOR('',#6314,1.);
#6314 = DIRECTION('',(-1.,0.));
#6315 = ( GEOMETRIC_REPRESENTATION_CONTEXT(2) 
PARAMETRIC_REPRESENTATION_CONTEXT() REPRESENTATION_CONTEXT('2D SPACE',''
  ) );
#6316 = PCURVE('',#6317,#6322);
#6317 = PLANE('',#6318);
#6318 = AXIS2_PLACEMENT_3D('',#6319,#6320,#6321);
#6319 = CARTESIAN_POINT('',(71.5,3.428682531579E-16,7.5));
#6320 = DIRECTION('',(0.,0.,1.));
#6321 = DIRECTION('',(1.,0.,-0.));
#6322 = DEFINITIONAL_REPRESENTATION('',(#6323),#6327);
#6323 = CIRCLE('',#6324,5.);
#6324 = AXIS2_PLACEMENT_2D('',#6325,#6326);
#6325 = CARTESIAN_POINT('',(0.,-3.428682531579E-16));
#6326 = DIRECTION('',(1.,0.));
#6327 = ( GEOMETRIC_REPRESENTATION_CONTEXT(2) 
PARAMETRIC_REPRESENTATION_CONTEXT() REPRESENTATION_CONTEXT('2D SPACE',''
  ) );
#6328 = ORIENTED_EDGE('',*,*,#6329,.T.);
#6329 = EDGE_CURVE('',#6301,#5755,#6330,.T.);
#6330 = SEAM_CURVE('',#6331,(#6335,#6342),.PCURVE_S1.);
#6331 = LINE('',#6332,#6333);
#6332 = CARTESIAN_POINT('',(76.5,0.,7.5));
#6333 = VECTOR('',#6334,1.);
#6334 = DIRECTION('',(0.,0.,1.));
#6335 = PCURVE('',#5344,#6336);
#6336 = DEFINITIONAL_REPRESENTATION('',(#6337),#6341);
#6337 = LINE('',#6338,#6339);
#6338 = CARTESIAN_POINT('',(-6.28318530718,0.));
#6339 = VECTOR('',#6340,1.);
#6340 = DIRECTION('',(-0.,-1.));
#6341 = ( GEOMETRIC_REPRESENTATION_CONTEXT(2) 
PARAMETRIC_REPRESENTATION_CONTEXT() REPRESENTATION_CONTEXT('2D SPACE',''
  ) );
#6342 = PCURVE('',#5344,#6343);
#6343 = DEFINITIONAL_REPRESENTATION('',(#6344),#6348);
#6344 = LINE('',#6345,#6346);
#6345 = CARTESIAN_POINT('',(-0.,0.));
#6346 = VECTOR('',#6347,1.);
#6347 = DIRECTION('',(-0.,-1.));
#6348 = ( GEOMETRIC_REPRESENTATION_CONTEXT(2) 
PARAMETRIC_REPRESENTATION_CONTEXT() REPRESENTATION_CONTEXT('2D SPACE',''
  ) );
#6349 = ORIENTED_EDGE('',*,*,#5789,.T.);
#6350 = ORIENTED_EDGE('',*,*,#6351,.F.);
#6351 = EDGE_CURVE('',#5273,#5790,#6352,.T.);
#6352 = SURFACE_CURVE('',#6353,(#6358,#6365),.PCURVE_S1.);
#6353 = CIRCLE('',#6354,5.);
#6354 = AXIS2_PLACEMENT_3D('',#6355,#6356,#6357);
#6355 = CARTESIAN_POINT('',(71.5,0.,8.));
#6356 = DIRECTION('',(0.,0.,-1.));
#6357 = DIRECTION('',(1.,0.,0.));
#6358 = PCURVE('',#5344,#6359);
#6359 = DEFINITIONAL_REPRESENTATION('',(#6360),#6364);
#6360 = LINE('',#6361,#6362);
#6361 = CARTESIAN_POINT('',(-6.28318530718,-0.5));
#6362 = VECTOR('',#6363,1.);
#6363 = DIRECTION('',(1.,-0.));
#6364 = ( GEOMETRIC_REPRESENTATION_CONTEXT(2) 
PARAMETRIC_REPRESENTATION_CONTEXT() REPRESENTATION_CONTEXT('2D SPACE',''
  ) );
#6365 = PCURVE('',#5288,#6366);
#6366 = DEFINITIONAL_REPRESENTATION('',(#6367),#6375);
#6367 = ( BOUNDED_CURVE() B_SPLINE_CURVE(2,(#6368,#6369,#6370,#6371,
#6372,#6373,#6374),.UNSPECIFIED.,.T.,.F.) B_SPLINE_CURVE_WITH_KNOTS((1,2
    ,2,2,2,1),(-2.094395102393,0.,2.094395102393,4.188790204786,
6.28318530718,8.377580409573),.UNSPECIFIED.) CURVE() 
GEOMETRIC_REPRESENTATION_ITEM() RATIONAL_B_SPLINE_CURVE((1.,0.5,1.,0.5,
1.,0.5,1.)) REPRESENTATION_ITEM('') );
#6368 = CARTESIAN_POINT('',(5.,0.));
#6369 = CARTESIAN_POINT('',(5.,-8.660254037844));
#6370 = CARTESIAN_POINT('',(-2.5,-4.330127018922));
#6371 = CARTESIAN_POINT('',(-10.,-1.224646799147E-15));
#6372 = CARTESIAN_POINT('',(-2.5,4.330127018922));
#6373 = CARTESIAN_POINT('',(5.,8.660254037844));
#6374 = CARTESIAN_POINT('',(5.,0.));
#6375 = ( GEOMETRIC_REPRESENTATION_CONTEXT(2) 
PARAMETRIC_REPRESENTATION_CONTEXT() REPRESENTATION_CONTEXT('2D SPACE',''
  ) );
#6376 = ORIENTED_EDGE('',*,*,#5300,.T.);
#6377 = ORIENTED_EDGE('',*,*,#6269,.F.);
#6378 = ORIENTED_EDGE('',*,*,#5754,.T.);
#6379 = ORIENTED_EDGE('',*,*,#6329,.F.);
#6380 = ADVANCED_FACE('',(#6381),#5288,.T.);
#6381 = FACE_BOUND('',#6382,.T.);
#6382 = EDGE_LOOP('',(#6383,#6384,#6410,#6411));
#6383 = ORIENTED_EDGE('',*,*,#5824,.T.);
#6384 = ORIENTED_EDGE('',*,*,#6385,.T.);
#6385 = EDGE_CURVE('',#5825,#5203,#6386,.T.);
#6386 = SURFACE_CURVE('',#6387,(#6392,#6403),.PCURVE_S1.);
#6387 = CIRCLE('',#6388,5.);
#6388 = AXIS2_PLACEMENT_3D('',#6389,#6390,#6391);
#6389 = CARTESIAN_POINT('',(71.5,32.5,8.));
#6390 = DIRECTION('',(0.,0.,-1.));
#6391 = DIRECTION('',(1.,0.,0.));
#6392 = PCURVE('',#5288,#6393);
#6393 = DEFINITIONAL_REPRESENTATION('',(#6394),#6402);
#6394 = ( BOUNDED_CURVE() B_SPLINE_CURVE(2,(#6395,#6396,#6397,#6398,
#6399,#6400,#6401),.UNSPECIFIED.,.T.,.F.) B_SPLINE_CURVE_WITH_KNOTS((1,2
    ,2,2,2,1),(-2.094395102393,0.,2.094395102393,4.188790204786,
6.28318530718,8.377580409573),.UNSPECIFIED.) CURVE() 
GEOMETRIC_REPRESENTATION_ITEM() RATIONAL_B_SPLINE_CURVE((1.,0.5,1.,0.5,
1.,0.5,1.)) REPRESENTATION_ITEM('') );
#6395 = CARTESIAN_POINT('',(5.,32.5));
#6396 = CARTESIAN_POINT('',(5.,23.839745962156));
#6397 = CARTESIAN_POINT('',(-2.5,28.169872981078));
#6398 = CARTESIAN_POINT('',(-10.,32.5));
#6399 = CARTESIAN_POINT('',(-2.5,36.830127018922));
#6400 = CARTESIAN_POINT('',(5.,41.160254037844));
#6401 = CARTESIAN_POINT('',(5.,32.5));
#6402 = ( GEOMETRIC_REPRESENTATION_CONTEXT(2) 
PARAMETRIC_REPRESENTATION_CONTEXT() REPRESENTATION_CONTEXT('2D SPACE',''
  ) );
#6403 = PCURVE('',#5246,#6404);
#6404 = DEFINITIONAL_REPRESENTATION('',(#6405),#6409);
#6405 = LINE('',#6406,#6407);
#6406 = CARTESIAN_POINT('',(-6.28318530718,-0.5));
#6407 = VECTOR('',#6408,1.);
#6408 = DIRECTION('',(1.,-0.));
#6409 = ( GEOMETRIC_REPRESENTATION_CONTEXT(2) 
PARAMETRIC_REPRESENTATION_CONTEXT() REPRESENTATION_CONTEXT('2D SPACE',''
  ) );
#6410 = ORIENTED_EDGE('',*,*,#5272,.T.);
#6411 = ORIENTED_EDGE('',*,*,#6351,.T.);
#6412 = ADVANCED_FACE('',(#6413),#5246,.F.);
#6413 = FACE_BOUND('',#6414,.T.);
#6414 = EDGE_LOOP('',(#6415,#6444,#6465,#6466,#6492,#6493,#6494,#6495));
#6415 = ORIENTED_EDGE('',*,*,#6416,.F.);
#6416 = EDGE_CURVE('',#6417,#6417,#6419,.T.);
#6417 = VERTEX_POINT('',#6418);
#6418 = CARTESIAN_POINT('',(76.5,32.5,7.5));
#6419 = SURFACE_CURVE('',#6420,(#6425,#6432),.PCURVE_S1.);
#6420 = CIRCLE('',#6421,5.);
#6421 = AXIS2_PLACEMENT_3D('',#6422,#6423,#6424);
#6422 = CARTESIAN_POINT('',(71.5,32.5,7.5));
#6423 = DIRECTION('',(0.,0.,1.));
#6424 = DIRECTION('',(1.,0.,0.));
#6425 = PCURVE('',#5246,#6426);
#6426 = DEFINITIONAL_REPRESENTATION('',(#6427),#6431);
#6427 = LINE('',#6428,#6429);
#6428 = CARTESIAN_POINT('',(-0.,0.));
#6429 = VECTOR('',#6430,1.);
#6430 = DIRECTION('',(-1.,0.));
#6431 = ( GEOMETRIC_REPRESENTATION_CONTEXT(2) 
PARAMETRIC_REPRESENTATION_CONTEXT() REPRESENTATION_CONTEXT('2D SPACE',''
  ) );
#6432 = PCURVE('',#6433,#6438);
#6433 = PLANE('',#6434);
#6434 = AXIS2_PLACEMENT_3D('',#6435,#6436,#6437);
#6435 = CARTESIAN_POINT('',(71.5,32.5,7.5));
#6436 = DIRECTION('',(0.,0.,1.));
#6437 = DIRECTION('',(1.,0.,-0.));
#6438 = DEFINITIONAL_REPRESENTATION('',(#6439),#6443);
#6439 = CIRCLE('',#6440,5.);
#6440 = AXIS2_PLACEMENT_2D('',#6441,#6442);
#6441 = CARTESIAN_POINT('',(0.,0.));
#6442 = DIRECTION('',(1.,0.));
#6443 = ( GEOMETRIC_REPRESENTATION_CONTEXT(2) 
PARAMETRIC_REPRESENTATION_CONTEXT() REPRESENTATION_CONTEXT('2D SPACE',''
  ) );
#6444 = ORIENTED_EDGE('',*,*,#6445,.T.);
#6445 = EDGE_CURVE('',#6417,#5848,#6446,.T.);
#6446 = SEAM_CURVE('',#6447,(#6451,#6458),.PCURVE_S1.);
#6447 = LINE('',#6448,#6449);
#6448 = CARTESIAN_POINT('',(76.5,32.5,7.5));
#6449 = VECTOR('',#6450,1.);
#6450 = DIRECTION('',(0.,0.,1.));
#6451 = PCURVE('',#5246,#6452);
#6452 = DEFINITIONAL_REPRESENTATION('',(#6453),#6457);
#6453 = LINE('',#6454,#6455);
#6454 = CARTESIAN_POINT('',(-6.28318530718,0.));
#6455 = VECTOR('',#6456,1.);
#6456 = DIRECTION('',(-0.,-1.));
#6457 = ( GEOMETRIC_REPRESENTATION_CONTEXT(2) 
PARAMETRIC_REPRESENTATION_CONTEXT() REPRESENTATION_CONTEXT('2D SPACE',''
  ) );
#6458 = PCURVE('',#5246,#6459);
#6459 = DEFINITIONAL_REPRESENTATION('',(#6460),#6464);
#6460 = LINE('',#6461,#6462);
#6461 = CARTESIAN_POINT('',(-0.,0.));
#6462 = VECTOR('',#6463,1.);
#6463 = DIRECTION('',(-0.,-1.));
#6464 = ( GEOMETRIC_REPRESENTATION_CONTEXT(2) 
PARAMETRIC_REPRESENTATION_CONTEXT() REPRESENTATION_CONTEXT('2D SPACE',''
  ) );
#6465 = ORIENTED_EDGE('',*,*,#5882,.T.);
#6466 = ORIENTED_EDGE('',*,*,#6467,.F.);
#6467 = EDGE_CURVE('',#5175,#5883,#6468,.T.);
#6468 = SURFACE_CURVE('',#6469,(#6474,#6481),.PCURVE_S1.);
#6469 = CIRCLE('',#6470,5.);
#6470 = AXIS2_PLACEMENT_3D('',#6471,#6472,#6473);
#6471 = CARTESIAN_POINT('',(71.5,32.5,8.));
#6472 = DIRECTION('',(0.,0.,-1.));
#6473 = DIRECTION('',(1.,0.,0.));
#6474 = PCURVE('',#5246,#6475);
#6475 = DEFINITIONAL_REPRESENTATION('',(#6476),#6480);
#6476 = LINE('',#6477,#6478);
#6477 = CARTESIAN_POINT('',(-6.28318530718,-0.5));
#6478 = VECTOR('',#6479,1.);
#6479 = DIRECTION('',(1.,-0.));
#6480 = ( GEOMETRIC_REPRESENTATION_CONTEXT(2) 
PARAMETRIC_REPRESENTATION_CONTEXT() REPRESENTATION_CONTEXT('2D SPACE',''
  ) );
#6481 = PCURVE('',#5190,#6482);
#6482 = DEFINITIONAL_REPRESENTATION('',(#6483),#6491);
#6483 = ( BOUNDED_CURVE() B_SPLINE_CURVE(2,(#6484,#6485,#6486,#6487,
#6488,#6489,#6490),.UNSPECIFIED.,.T.,.F.) B_SPLINE_CURVE_WITH_KNOTS((1,2
    ,2,2,2,1),(-2.094395102393,0.,2.094395102393,4.188790204786,
6.28318530718,8.377580409573),.UNSPECIFIED.) CURVE() 
GEOMETRIC_REPRESENTATION_ITEM() RATIONAL_B_SPLINE_CURVE((1.,0.5,1.,0.5,
1.,0.5,1.)) REPRESENTATION_ITEM('') );
#6484 = CARTESIAN_POINT('',(5.,32.5));
#6485 = CARTESIAN_POINT('',(5.,23.839745962156));
#6486 = CARTESIAN_POINT('',(-2.5,28.169872981078));
#6487 = CARTESIAN_POINT('',(-10.,32.5));
#6488 = CARTESIAN_POINT('',(-2.5,36.830127018922));
#6489 = CARTESIAN_POINT('',(5.,41.160254037844));
#6490 = CARTESIAN_POINT('',(5.,32.5));
#6491 = ( GEOMETRIC_REPRESENTATION_CONTEXT(2) 
PARAMETRIC_REPRESENTATION_CONTEXT() REPRESENTATION_CONTEXT('2D SPACE',''
  ) );
#6492 = ORIENTED_EDGE('',*,*,#5202,.T.);
#6493 = ORIENTED_EDGE('',*,*,#6385,.F.);
#6494 = ORIENTED_EDGE('',*,*,#5847,.T.);
#6495 = ORIENTED_EDGE('',*,*,#6445,.F.);
#6496 = ADVANCED_FACE('',(#6497),#5190,.T.);
#6497 = FACE_BOUND('',#6498,.T.);
#6498 = EDGE_LOOP('',(#6499,#6525,#6526,#6527));
#6499 = ORIENTED_EDGE('',*,*,#6500,.F.);
#6500 = EDGE_CURVE('',#5146,#5918,#6501,.T.);
#6501 = SURFACE_CURVE('',#6502,(#6506,#6513),.PCURVE_S1.);
#6502 = LINE('',#6503,#6504);
#6503 = CARTESIAN_POINT('',(67.,41.,8.));
#6504 = VECTOR('',#6505,1.);
#6505 = DIRECTION('',(1.,-0.,-0.));
#6506 = PCURVE('',#5190,#6507);
#6507 = DEFINITIONAL_REPRESENTATION('',(#6508),#6512);
#6508 = LINE('',#6509,#6510);
#6509 = CARTESIAN_POINT('',(-4.5,41.));
#6510 = VECTOR('',#6511,1.);
#6511 = DIRECTION('',(1.,-0.));
#6512 = ( GEOMETRIC_REPRESENTATION_CONTEXT(2) 
PARAMETRIC_REPRESENTATION_CONTEXT() REPRESENTATION_CONTEXT('2D SPACE',''
  ) );
#6513 = PCURVE('',#6514,#6519);
#6514 = CYLINDRICAL_SURFACE('',#6515,4.);
#6515 = AXIS2_PLACEMENT_3D('',#6516,#6517,#6518);
#6516 = CARTESIAN_POINT('',(67.,41.,4.));
#6517 = DIRECTION('',(1.,-0.,-0.));
#6518 = DIRECTION('',(0.,0.,1.));
#6519 = DEFINITIONAL_REPRESENTATION('',(#6520),#6524);
#6520 = LINE('',#6521,#6522);
#6521 = CARTESIAN_POINT('',(-0.,0.));
#6522 = VECTOR('',#6523,1.);
#6523 = DIRECTION('',(-0.,1.));
#6524 = ( GEOMETRIC_REPRESENTATION_CONTEXT(2) 
PARAMETRIC_REPRESENTATION_CONTEXT() REPRESENTATION_CONTEXT('2D SPACE',''
  ) );
#6525 = ORIENTED_EDGE('',*,*,#5174,.T.);
#6526 = ORIENTED_EDGE('',*,*,#6467,.T.);
#6527 = ORIENTED_EDGE('',*,*,#5917,.T.);
#6528 = ADVANCED_FACE('',(#6529),#5162,.T.);
#6529 = FACE_BOUND('',#6530,.T.);
#6530 = EDGE_LOOP('',(#6531,#6532,#6533,#6555));
#6531 = ORIENTED_EDGE('',*,*,#6053,.F.);
#6532 = ORIENTED_EDGE('',*,*,#5145,.T.);
#6533 = ORIENTED_EDGE('',*,*,#6534,.T.);
#6534 = EDGE_CURVE('',#5146,#6535,#6537,.T.);
#6535 = VERTEX_POINT('',#6536);
#6536 = CARTESIAN_POINT('',(67.,45.,4.));
#6537 = SURFACE_CURVE('',#6538,(#6543,#6549),.PCURVE_S1.);
#6538 = CIRCLE('',#6539,4.);
#6539 = AXIS2_PLACEMENT_3D('',#6540,#6541,#6542);
#6540 = CARTESIAN_POINT('',(67.,41.,4.));
#6541 = DIRECTION('',(-1.,0.,5.483763866878E-17));
#6542 = DIRECTION('',(5.483763866878E-17,0.,1.));
#6543 = PCURVE('',#5162,#6544);
#6544 = DEFINITIONAL_REPRESENTATION('',(#6545),#6548);
#6545 = B_SPLINE_CURVE_WITH_KNOTS('',1,(#6546,#6547),.UNSPECIFIED.,.F.,
  .F.,(2,2),(0.,1.570796326795),.PIECEWISE_BEZIER_KNOTS.);
#6546 = CARTESIAN_POINT('',(1.570796326795,0.));
#6547 = CARTESIAN_POINT('',(1.570796326795,1.570796326795));
#6548 = ( GEOMETRIC_REPRESENTATION_CONTEXT(2) 
PARAMETRIC_REPRESENTATION_CONTEXT() REPRESENTATION_CONTEXT('2D SPACE',''
  ) );
#6549 = PCURVE('',#6514,#6550);
#6550 = DEFINITIONAL_REPRESENTATION('',(#6551),#6554);
#6551 = B_SPLINE_CURVE_WITH_KNOTS('',1,(#6552,#6553),.UNSPECIFIED.,.F.,
  .F.,(2,2),(0.,1.570796326795),.PIECEWISE_BEZIER_KNOTS.);
#6552 = CARTESIAN_POINT('',(0.,0.));
#6553 = CARTESIAN_POINT('',(-1.570796326795,0.));
#6554 = ( GEOMETRIC_REPRESENTATION_CONTEXT(2) 
PARAMETRIC_REPRESENTATION_CONTEXT() REPRESENTATION_CONTEXT('2D SPACE',''
  ) );
#6555 = ORIENTED_EDGE('',*,*,#6556,.F.);
#6556 = EDGE_CURVE('',#6026,#6535,#6557,.T.);
#6557 = SURFACE_CURVE('',#6558,(#6563,#6570),.PCURVE_S1.);
#6558 = CIRCLE('',#6559,4.);
#6559 = AXIS2_PLACEMENT_3D('',#6560,#6561,#6562);
#6560 = CARTESIAN_POINT('',(67.,45.,0.));
#6561 = DIRECTION('',(0.,1.,-0.));
#6562 = DIRECTION('',(-1.,0.,1.160699786261E-16));
#6563 = PCURVE('',#5162,#6564);
#6564 = DEFINITIONAL_REPRESENTATION('',(#6565),#6569);
#6565 = LINE('',#6566,#6567);
#6566 = CARTESIAN_POINT('',(0.,1.570796326795));
#6567 = VECTOR('',#6568,1.);
#6568 = DIRECTION('',(1.,0.));
#6569 = ( GEOMETRIC_REPRESENTATION_CONTEXT(2) 
PARAMETRIC_REPRESENTATION_CONTEXT() REPRESENTATION_CONTEXT('2D SPACE',''
  ) );
#6570 = PCURVE('',#6041,#6571);
#6571 = DEFINITIONAL_REPRESENTATION('',(#6572),#6580);
#6572 = ( BOUNDED_CURVE() B_SPLINE_CURVE(2,(#6573,#6574,#6575,#6576,
#6577,#6578,#6579),.UNSPECIFIED.,.T.,.F.) B_SPLINE_CURVE_WITH_KNOTS((1,2
    ,2,2,2,1),(-2.094395102393,0.,2.094395102393,4.188790204786,
6.28318530718,8.377580409573),.UNSPECIFIED.) CURVE() 
GEOMETRIC_REPRESENTATION_ITEM() RATIONAL_B_SPLINE_CURVE((1.,0.5,1.,0.5,
1.,0.5,1.)) REPRESENTATION_ITEM('') );
#6573 = CARTESIAN_POINT('',(21.,-17.05));
#6574 = CARTESIAN_POINT('',(21.,-23.97820323027));
#6575 = CARTESIAN_POINT('',(15.,-20.51410161513));
#6576 = CARTESIAN_POINT('',(9.,-17.05));
#6577 = CARTESIAN_POINT('',(15.,-13.58589838486));
#6578 = CARTESIAN_POINT('',(21.,-10.12179676972));
#6579 = CARTESIAN_POINT('',(21.,-17.05));
#6580 = ( GEOMETRIC_REPRESENTATION_CONTEXT(2) 
PARAMETRIC_REPRESENTATION_CONTEXT() REPRESENTATION_CONTEXT('2D SPACE',''
  ) );
#6581 = ADVANCED_FACE('',(#6582),#5554,.T.);
#6582 = FACE_BOUND('',#6583,.F.);
#6583 = EDGE_LOOP('',(#6584,#6606,#6627,#6647));
#6584 = ORIENTED_EDGE('',*,*,#6585,.T.);
#6585 = EDGE_CURVE('',#5518,#6586,#6588,.T.);
#6586 = VERTEX_POINT('',#6587);
#6587 = CARTESIAN_POINT('',(80.,45.,0.));
#6588 = SURFACE_CURVE('',#6589,(#6594,#6600),.PCURVE_S1.);
#6589 = CIRCLE('',#6590,4.);
#6590 = AXIS2_PLACEMENT_3D('',#6591,#6592,#6593);
#6591 = CARTESIAN_POINT('',(80.,41.,2.449293598295E-16));
#6592 = DIRECTION('',(-6.123233995737E-17,0.,1.));
#6593 = DIRECTION('',(1.,0.,6.123233995737E-17));
#6594 = PCURVE('',#5554,#6595);
#6595 = DEFINITIONAL_REPRESENTATION('',(#6596),#6599);
#6596 = B_SPLINE_CURVE_WITH_KNOTS('',1,(#6597,#6598),.UNSPECIFIED.,.F.,
  .F.,(2,2),(0.,1.570796326795),.PIECEWISE_BEZIER_KNOTS.);
#6597 = CARTESIAN_POINT('',(0.,0.));
#6598 = CARTESIAN_POINT('',(-1.570796326795,0.));
#6599 = ( GEOMETRIC_REPRESENTATION_CONTEXT(2) 
PARAMETRIC_REPRESENTATION_CONTEXT() REPRESENTATION_CONTEXT('2D SPACE',''
  ) );
#6600 = PCURVE('',#5955,#6601);
#6601 = DEFINITIONAL_REPRESENTATION('',(#6602),#6605);
#6602 = B_SPLINE_CURVE_WITH_KNOTS('',1,(#6603,#6604),.UNSPECIFIED.,.F.,
  .F.,(2,2),(0.,1.570796326795),.PIECEWISE_BEZIER_KNOTS.);
#6603 = CARTESIAN_POINT('',(1.570796326795,0.));
#6604 = CARTESIAN_POINT('',(1.570796326795,1.570796326795));
#6605 = ( GEOMETRIC_REPRESENTATION_CONTEXT(2) 
PARAMETRIC_REPRESENTATION_CONTEXT() REPRESENTATION_CONTEXT('2D SPACE',''
  ) );
#6606 = ORIENTED_EDGE('',*,*,#6607,.T.);
#6607 = EDGE_CURVE('',#6586,#6078,#6608,.T.);
#6608 = SURFACE_CURVE('',#6609,(#6613,#6620),.PCURVE_S1.);
#6609 = LINE('',#6610,#6611);
#6610 = CARTESIAN_POINT('',(80.,45.,0.));
#6611 = VECTOR('',#6612,1.);
#6612 = DIRECTION('',(-0.,-0.,-1.));
#6613 = PCURVE('',#5554,#6614);
#6614 = DEFINITIONAL_REPRESENTATION('',(#6615),#6619);
#6615 = LINE('',#6616,#6617);
#6616 = CARTESIAN_POINT('',(-1.570796326795,0.));
#6617 = VECTOR('',#6618,1.);
#6618 = DIRECTION('',(-0.,1.));
#6619 = ( GEOMETRIC_REPRESENTATION_CONTEXT(2) 
PARAMETRIC_REPRESENTATION_CONTEXT() REPRESENTATION_CONTEXT('2D SPACE',''
  ) );
#6620 = PCURVE('',#6041,#6621);
#6621 = DEFINITIONAL_REPRESENTATION('',(#6622),#6626);
#6622 = LINE('',#6623,#6624);
#6623 = CARTESIAN_POINT('',(4.,-17.05));
#6624 = VECTOR('',#6625,1.);
#6625 = DIRECTION('',(0.,1.));
#6626 = ( GEOMETRIC_REPRESENTATION_CONTEXT(2) 
PARAMETRIC_REPRESENTATION_CONTEXT() REPRESENTATION_CONTEXT('2D SPACE',''
  ) );
#6627 = ORIENTED_EDGE('',*,*,#6628,.F.);
#6628 = EDGE_CURVE('',#5494,#6078,#6629,.T.);
#6629 = SURFACE_CURVE('',#6630,(#6635,#6641),.PCURVE_S1.);
#6630 = CIRCLE('',#6631,4.);
#6631 = AXIS2_PLACEMENT_3D('',#6632,#6633,#6634);
#6632 = CARTESIAN_POINT('',(80.,41.,-13.05));
#6633 = DIRECTION('',(0.,0.,1.));
#6634 = DIRECTION('',(1.,-0.,0.));
#6635 = PCURVE('',#5554,#6636);
#6636 = DEFINITIONAL_REPRESENTATION('',(#6637),#6640);
#6637 = B_SPLINE_CURVE_WITH_KNOTS('',1,(#6638,#6639),.UNSPECIFIED.,.F.,
  .F.,(2,2),(0.,1.570796326795),.PIECEWISE_BEZIER_KNOTS.);
#6638 = CARTESIAN_POINT('',(0.,13.05));
#6639 = CARTESIAN_POINT('',(-1.570796326795,13.05));
#6640 = ( GEOMETRIC_REPRESENTATION_CONTEXT(2) 
PARAMETRIC_REPRESENTATION_CONTEXT() REPRESENTATION_CONTEXT('2D SPACE',''
  ) );
#6641 = PCURVE('',#6093,#6642);
#6642 = DEFINITIONAL_REPRESENTATION('',(#6643),#6646);
#6643 = B_SPLINE_CURVE_WITH_KNOTS('',1,(#6644,#6645),.UNSPECIFIED.,.F.,
  .F.,(2,2),(0.,1.570796326795),.PIECEWISE_BEZIER_KNOTS.);
#6644 = CARTESIAN_POINT('',(0.,0.));
#6645 = CARTESIAN_POINT('',(0.,1.570796326795));
#6646 = ( GEOMETRIC_REPRESENTATION_CONTEXT(2) 
PARAMETRIC_REPRESENTATION_CONTEXT() REPRESENTATION_CONTEXT('2D SPACE',''
  ) );
#6647 = ORIENTED_EDGE('',*,*,#5540,.F.);
#6648 = ADVANCED_FACE('',(#6649),#5643,.F.);
#6649 = FACE_BOUND('',#6650,.T.);
#6650 = EDGE_LOOP('',(#6651,#6680,#6701,#6702));
#6651 = ORIENTED_EDGE('',*,*,#6652,.F.);
#6652 = EDGE_CURVE('',#6653,#6653,#6655,.T.);
#6653 = VERTEX_POINT('',#6654);
#6654 = CARTESIAN_POINT('',(75.5,-32.5,7.5));
#6655 = SURFACE_CURVE('',#6656,(#6661,#6668),.PCURVE_S1.);
#6656 = CIRCLE('',#6657,4.);
#6657 = AXIS2_PLACEMENT_3D('',#6658,#6659,#6660);
#6658 = CARTESIAN_POINT('',(71.5,-32.5,7.5));
#6659 = DIRECTION('',(0.,0.,1.));
#6660 = DIRECTION('',(1.,0.,0.));
#6661 = PCURVE('',#5643,#6662);
#6662 = DEFINITIONAL_REPRESENTATION('',(#6663),#6667);
#6663 = LINE('',#6664,#6665);
#6664 = CARTESIAN_POINT('',(-0.,0.));
#6665 = VECTOR('',#6666,1.);
#6666 = DIRECTION('',(-1.,0.));
#6667 = ( GEOMETRIC_REPRESENTATION_CONTEXT(2) 
PARAMETRIC_REPRESENTATION_CONTEXT() REPRESENTATION_CONTEXT('2D SPACE',''
  ) );
#6668 = PCURVE('',#6669,#6674);
#6669 = PLANE('',#6670);
#6670 = AXIS2_PLACEMENT_3D('',#6671,#6672,#6673);
#6671 = CARTESIAN_POINT('',(71.5,-32.5,7.5));
#6672 = DIRECTION('',(0.,0.,1.));
#6673 = DIRECTION('',(1.,0.,-0.));
#6674 = DEFINITIONAL_REPRESENTATION('',(#6675),#6679);
#6675 = CIRCLE('',#6676,4.);
#6676 = AXIS2_PLACEMENT_2D('',#6677,#6678);
#6677 = CARTESIAN_POINT('',(0.,0.));
#6678 = DIRECTION('',(1.,0.));
#6679 = ( GEOMETRIC_REPRESENTATION_CONTEXT(2) 
PARAMETRIC_REPRESENTATION_CONTEXT() REPRESENTATION_CONTEXT('2D SPACE',''
  ) );
#6680 = ORIENTED_EDGE('',*,*,#6681,.T.);
#6681 = EDGE_CURVE('',#6653,#5623,#6682,.T.);
#6682 = SEAM_CURVE('',#6683,(#6687,#6694),.PCURVE_S1.);
#6683 = LINE('',#6684,#6685);
#6684 = CARTESIAN_POINT('',(75.5,-32.5,7.5));
#6685 = VECTOR('',#6686,1.);
#6686 = DIRECTION('',(0.,0.,1.));
#6687 = PCURVE('',#5643,#6688);
#6688 = DEFINITIONAL_REPRESENTATION('',(#6689),#6693);
#6689 = LINE('',#6690,#6691);
#6690 = CARTESIAN_POINT('',(-6.28318530718,0.));
#6691 = VECTOR('',#6692,1.);
#6692 = DIRECTION('',(-0.,-1.));
#6693 = ( GEOMETRIC_REPRESENTATION_CONTEXT(2) 
PARAMETRIC_REPRESENTATION_CONTEXT() REPRESENTATION_CONTEXT('2D SPACE',''
  ) );
#6694 = PCURVE('',#5643,#6695);
#6695 = DEFINITIONAL_REPRESENTATION('',(#6696),#6700);
#6696 = LINE('',#6697,#6698);
#6697 = CARTESIAN_POINT('',(-0.,0.));
#6698 = VECTOR('',#6699,1.);
#6699 = DIRECTION('',(-0.,-1.));
#6700 = ( GEOMETRIC_REPRESENTATION_CONTEXT(2) 
PARAMETRIC_REPRESENTATION_CONTEXT() REPRESENTATION_CONTEXT('2D SPACE',''
  ) );
#6701 = ORIENTED_EDGE('',*,*,#5622,.F.);
#6702 = ORIENTED_EDGE('',*,*,#6681,.F.);
#6703 = ADVANCED_FACE('',(#6704),#5955,.T.);
#6704 = FACE_BOUND('',#6705,.T.);
#6705 = EDGE_LOOP('',(#6706,#6728,#6729,#6730));
#6706 = ORIENTED_EDGE('',*,*,#6707,.F.);
#6707 = EDGE_CURVE('',#5918,#6708,#6710,.T.);
#6708 = VERTEX_POINT('',#6709);
#6709 = CARTESIAN_POINT('',(76.,45.,4.));
#6710 = SURFACE_CURVE('',#6711,(#6716,#6722),.PCURVE_S1.);
#6711 = CIRCLE('',#6712,4.);
#6712 = AXIS2_PLACEMENT_3D('',#6713,#6714,#6715);
#6713 = CARTESIAN_POINT('',(76.,41.,4.));
#6714 = DIRECTION('',(-1.,0.,0.));
#6715 = DIRECTION('',(0.,0.,1.));
#6716 = PCURVE('',#5955,#6717);
#6717 = DEFINITIONAL_REPRESENTATION('',(#6718),#6721);
#6718 = B_SPLINE_CURVE_WITH_KNOTS('',1,(#6719,#6720),.UNSPECIFIED.,.F.,
  .F.,(2,2),(0.,1.570796326795),.PIECEWISE_BEZIER_KNOTS.);
#6719 = CARTESIAN_POINT('',(0.,0.));
#6720 = CARTESIAN_POINT('',(0.,1.570796326795));
#6721 = ( GEOMETRIC_REPRESENTATION_CONTEXT(2) 
PARAMETRIC_REPRESENTATION_CONTEXT() REPRESENTATION_CONTEXT('2D SPACE',''
  ) );
#6722 = PCURVE('',#6514,#6723);
#6723 = DEFINITIONAL_REPRESENTATION('',(#6724),#6727);
#6724 = B_SPLINE_CURVE_WITH_KNOTS('',1,(#6725,#6726),.UNSPECIFIED.,.F.,
  .F.,(2,2),(0.,1.570796326795),.PIECEWISE_BEZIER_KNOTS.);
#6725 = CARTESIAN_POINT('',(0.,9.));
#6726 = CARTESIAN_POINT('',(-1.570796326795,9.));
#6727 = ( GEOMETRIC_REPRESENTATION_CONTEXT(2) 
PARAMETRIC_REPRESENTATION_CONTEXT() REPRESENTATION_CONTEXT('2D SPACE',''
  ) );
#6728 = ORIENTED_EDGE('',*,*,#5940,.T.);
#6729 = ORIENTED_EDGE('',*,*,#6585,.T.);
#6730 = ORIENTED_EDGE('',*,*,#6731,.F.);
#6731 = EDGE_CURVE('',#6708,#6586,#6732,.T.);
#6732 = SURFACE_CURVE('',#6733,(#6738,#6745),.PCURVE_S1.);
#6733 = CIRCLE('',#6734,4.);
#6734 = AXIS2_PLACEMENT_3D('',#6735,#6736,#6737);
#6735 = CARTESIAN_POINT('',(76.,45.,0.));
#6736 = DIRECTION('',(-0.,1.,0.));
#6737 = DIRECTION('',(0.,0.,1.));
#6738 = PCURVE('',#5955,#6739);
#6739 = DEFINITIONAL_REPRESENTATION('',(#6740),#6744);
#6740 = LINE('',#6741,#6742);
#6741 = CARTESIAN_POINT('',(0.,1.570796326795));
#6742 = VECTOR('',#6743,1.);
#6743 = DIRECTION('',(1.,0.));
#6744 = ( GEOMETRIC_REPRESENTATION_CONTEXT(2) 
PARAMETRIC_REPRESENTATION_CONTEXT() REPRESENTATION_CONTEXT('2D SPACE',''
  ) );
#6745 = PCURVE('',#6041,#6746);
#6746 = DEFINITIONAL_REPRESENTATION('',(#6747),#6755);
#6747 = ( BOUNDED_CURVE() B_SPLINE_CURVE(2,(#6748,#6749,#6750,#6751,
#6752,#6753,#6754),.UNSPECIFIED.,.T.,.F.) B_SPLINE_CURVE_WITH_KNOTS((1,2
    ,2,2,2,1),(-2.094395102393,0.,2.094395102393,4.188790204786,
6.28318530718,8.377580409573),.UNSPECIFIED.) CURVE() 
GEOMETRIC_REPRESENTATION_ITEM() RATIONAL_B_SPLINE_CURVE((1.,0.5,1.,0.5,
1.,0.5,1.)) REPRESENTATION_ITEM('') );
#6748 = CARTESIAN_POINT('',(8.,-21.05));
#6749 = CARTESIAN_POINT('',(1.071796769724,-21.05));
#6750 = CARTESIAN_POINT('',(4.535898384862,-15.05));
#6751 = CARTESIAN_POINT('',(8.,-9.05));
#6752 = CARTESIAN_POINT('',(11.464101615138,-15.05));
#6753 = CARTESIAN_POINT('',(14.928203230276,-21.05));
#6754 = CARTESIAN_POINT('',(8.,-21.05));
#6755 = ( GEOMETRIC_REPRESENTATION_CONTEXT(2) 
PARAMETRIC_REPRESENTATION_CONTEXT() REPRESENTATION_CONTEXT('2D SPACE',''
  ) );
#6756 = ADVANCED_FACE('',(#6757),#5986,.T.);
#6757 = FACE_BOUND('',#6758,.T.);
#6758 = EDGE_LOOP('',(#6759,#6760,#6761));
#6759 = ORIENTED_EDGE('',*,*,#6125,.F.);
#6760 = ORIENTED_EDGE('',*,*,#5971,.T.);
#6761 = ORIENTED_EDGE('',*,*,#6003,.T.);
#6762 = ADVANCED_FACE('',(#6763),#6041,.F.);
#6763 = FACE_BOUND('',#6764,.F.);
#6764 = EDGE_LOOP('',(#6765,#6766,#6767,#6768,#6769,#6790));
#6765 = ORIENTED_EDGE('',*,*,#6025,.F.);
#6766 = ORIENTED_EDGE('',*,*,#6104,.F.);
#6767 = ORIENTED_EDGE('',*,*,#6607,.F.);
#6768 = ORIENTED_EDGE('',*,*,#6731,.F.);
#6769 = ORIENTED_EDGE('',*,*,#6770,.F.);
#6770 = EDGE_CURVE('',#6535,#6708,#6771,.T.);
#6771 = SURFACE_CURVE('',#6772,(#6776,#6783),.PCURVE_S1.);
#6772 = LINE('',#6773,#6774);
#6773 = CARTESIAN_POINT('',(67.,45.,4.));
#6774 = VECTOR('',#6775,1.);
#6775 = DIRECTION('',(1.,-0.,-0.));
#6776 = PCURVE('',#6041,#6777);
#6777 = DEFINITIONAL_REPRESENTATION('',(#6778),#6782);
#6778 = LINE('',#6779,#6780);
#6779 = CARTESIAN_POINT('',(17.,-21.05));
#6780 = VECTOR('',#6781,1.);
#6781 = DIRECTION('',(-1.,0.));
#6782 = ( GEOMETRIC_REPRESENTATION_CONTEXT(2) 
PARAMETRIC_REPRESENTATION_CONTEXT() REPRESENTATION_CONTEXT('2D SPACE',''
  ) );
#6783 = PCURVE('',#6514,#6784);
#6784 = DEFINITIONAL_REPRESENTATION('',(#6785),#6789);
#6785 = LINE('',#6786,#6787);
#6786 = CARTESIAN_POINT('',(-1.570796326795,0.));
#6787 = VECTOR('',#6788,1.);
#6788 = DIRECTION('',(-0.,1.));
#6789 = ( GEOMETRIC_REPRESENTATION_CONTEXT(2) 
PARAMETRIC_REPRESENTATION_CONTEXT() REPRESENTATION_CONTEXT('2D SPACE',''
  ) );
#6790 = ORIENTED_EDGE('',*,*,#6556,.F.);
#6791 = ADVANCED_FACE('',(#6792),#6093,.T.);
#6792 = FACE_BOUND('',#6793,.T.);
#6793 = EDGE_LOOP('',(#6794,#6795,#6796));
#6794 = ORIENTED_EDGE('',*,*,#6628,.F.);
#6795 = ORIENTED_EDGE('',*,*,#6152,.T.);
#6796 = ORIENTED_EDGE('',*,*,#6077,.T.);
#6797 = ADVANCED_FACE('',(#6798),#6201,.T.);
#6798 = FACE_BOUND('',#6799,.T.);
#6799 = EDGE_LOOP('',(#6800));
#6800 = ORIENTED_EDGE('',*,*,#6184,.T.);
#6801 = ADVANCED_FACE('',(#6802),#6317,.T.);
#6802 = FACE_BOUND('',#6803,.T.);
#6803 = EDGE_LOOP('',(#6804));
#6804 = ORIENTED_EDGE('',*,*,#6300,.T.);
#6805 = ADVANCED_FACE('',(#6806),#6433,.T.);
#6806 = FACE_BOUND('',#6807,.T.);
#6807 = EDGE_LOOP('',(#6808));
#6808 = ORIENTED_EDGE('',*,*,#6416,.T.);
#6809 = ADVANCED_FACE('',(#6810),#6514,.T.);
#6810 = FACE_BOUND('',#6811,.F.);
#6811 = EDGE_LOOP('',(#6812,#6813,#6814,#6815));
#6812 = ORIENTED_EDGE('',*,*,#6534,.T.);
#6813 = ORIENTED_EDGE('',*,*,#6770,.T.);
#6814 = ORIENTED_EDGE('',*,*,#6707,.F.);
#6815 = ORIENTED_EDGE('',*,*,#6500,.F.);
#6816 = ADVANCED_FACE('',(#6817),#6669,.T.);
#6817 = FACE_BOUND('',#6818,.T.);
#6818 = EDGE_LOOP('',(#6819));
#6819 = ORIENTED_EDGE('',*,*,#6652,.T.);
#6820 = ( GEOMETRIC_REPRESENTATION_CONTEXT(3) 
GLOBAL_UNCERTAINTY_ASSIGNED_CONTEXT((#6824)) 
GLOBAL_UNIT_ASSIGNED_CONTEXT((#6821,#6822,#6823)) REPRESENTATION_CONTEXT
('Context #1','3D Context with UNIT and UNCERTAINTY') );
#6821 = ( LENGTH_UNIT() NAMED_UNIT(*) SI_UNIT(.MILLI.,.METRE.) );
#6822 = ( NAMED_UNIT(*) PLANE_ANGLE_UNIT() SI_UNIT($,.RADIAN.) );
#6823 = ( NAMED_UNIT(*) SI_UNIT($,.STERADIAN.) SOLID_ANGLE_UNIT() );
#6824 = UNCERTAINTY_MEASURE_WITH_UNIT(LENGTH_MEASURE(1.E-07),#6821,
  'distance_accuracy_value','confusion accuracy');
#6825 = CONTEXT_DEPENDENT_SHAPE_REPRESENTATION(#6826,#6828);
#6826 = ( REPRESENTATION_RELATIONSHIP('','',#4068,#10) 
REPRESENTATION_RELATIONSHIP_WITH_TRANSFORMATION(#6827) 
SHAPE_REPRESENTATION_RELATIONSHIP() );
#6827 = ITEM_DEFINED_TRANSFORMATION('','',#11,#23);
#6828 = PRODUCT_DEFINITION_SHAPE('Placement','Placement of an item',
  #6829);
#6829 = NEXT_ASSEMBLY_USAGE_OCCURRENCE('14','d435_envelope','',#5,#4063,
  $);
#6830 = PRODUCT_RELATED_PRODUCT_CATEGORY('part',$,(#4065));
#6831 = SHAPE_DEFINITION_REPRESENTATION(#6832,#6838);
#6832 = PRODUCT_DEFINITION_SHAPE('','',#6833);
#6833 = PRODUCT_DEFINITION('design','',#6834,#6837);
#6834 = PRODUCT_DEFINITION_FORMATION('','',#6835);
#6835 = PRODUCT('dowel','dowel','',(#6836));
#6836 = PRODUCT_CONTEXT('',#2,'mechanical');
#6837 = PRODUCT_DEFINITION_CONTEXT('part definition',#2,'design');
#6838 = ADVANCED_BREP_SHAPE_REPRESENTATION('',(#11,#6839),#6937);
#6839 = MANIFOLD_SOLID_BREP('',#6840);
#6840 = CLOSED_SHELL('',(#6841,#6929,#6933));
#6841 = ADVANCED_FACE('',(#6842),#6856,.T.);
#6842 = FACE_BOUND('',#6843,.F.);
#6843 = EDGE_LOOP('',(#6844,#6874,#6901,#6902));
#6844 = ORIENTED_EDGE('',*,*,#6845,.T.);
#6845 = EDGE_CURVE('',#6846,#6848,#6850,.T.);
#6846 = VERTEX_POINT('',#6847);
#6847 = CARTESIAN_POINT('',(4.,40.,-8.));
#6848 = VERTEX_POINT('',#6849);
#6849 = CARTESIAN_POINT('',(4.,40.,14.));
#6850 = SEAM_CURVE('',#6851,(#6855,#6867),.PCURVE_S1.);
#6851 = LINE('',#6852,#6853);
#6852 = CARTESIAN_POINT('',(4.,40.,-8.));
#6853 = VECTOR('',#6854,1.);
#6854 = DIRECTION('',(0.,0.,1.));
#6855 = PCURVE('',#6856,#6861);
#6856 = CYLINDRICAL_SURFACE('',#6857,4.);
#6857 = AXIS2_PLACEMENT_3D('',#6858,#6859,#6860);
#6858 = CARTESIAN_POINT('',(2.449293598295E-15,40.,-8.));
#6859 = DIRECTION('',(-0.,-0.,-1.));
#6860 = DIRECTION('',(1.,0.,0.));
#6861 = DEFINITIONAL_REPRESENTATION('',(#6862),#6866);
#6862 = LINE('',#6863,#6864);
#6863 = CARTESIAN_POINT('',(-0.,0.));
#6864 = VECTOR('',#6865,1.);
#6865 = DIRECTION('',(-0.,-1.));
#6866 = ( GEOMETRIC_REPRESENTATION_CONTEXT(2) 
PARAMETRIC_REPRESENTATION_CONTEXT() REPRESENTATION_CONTEXT('2D SPACE',''
  ) );
#6867 = PCURVE('',#6856,#6868);
#6868 = DEFINITIONAL_REPRESENTATION('',(#6869),#6873);
#6869 = LINE('',#6870,#6871);
#6870 = CARTESIAN_POINT('',(-6.28318530718,0.));
#6871 = VECTOR('',#6872,1.);
#6872 = DIRECTION('',(-0.,-1.));
#6873 = ( GEOMETRIC_REPRESENTATION_CONTEXT(2) 
PARAMETRIC_REPRESENTATION_CONTEXT() REPRESENTATION_CONTEXT('2D SPACE',''
  ) );
#6874 = ORIENTED_EDGE('',*,*,#6875,.T.);
#6875 = EDGE_CURVE('',#6848,#6848,#6876,.T.);
#6876 = SURFACE_CURVE('',#6877,(#6882,#6889),.PCURVE_S1.);
#6877 = CIRCLE('',#6878,4.);
#6878 = AXIS2_PLACEMENT_3D('',#6879,#6880,#6881);
#6879 = CARTESIAN_POINT('',(2.449293598295E-15,40.,14.));
#6880 = DIRECTION('',(0.,0.,1.));
#6881 = DIRECTION('',(1.,0.,0.));
#6882 = PCURVE('',#6856,#6883);
#6883 = DEFINITIONAL_REPRESENTATION('',(#6884),#6888);
#6884 = LINE('',#6885,#6886);
#6885 = CARTESIAN_POINT('',(-0.,-22.));
#6886 = VECTOR('',#6887,1.);
#6887 = DIRECTION('',(-1.,0.));
#6888 = ( GEOMETRIC_REPRESENTATION_CONTEXT(2) 
PARAMETRIC_REPRESENTATION_CONTEXT() REPRESENTATION_CONTEXT('2D SPACE',''
  ) );
#6889 = PCURVE('',#6890,#6895);
#6890 = PLANE('',#6891);
#6891 = AXIS2_PLACEMENT_3D('',#6892,#6893,#6894);
#6892 = CARTESIAN_POINT('',(2.393020231944E-15,40.,14.));
#6893 = DIRECTION('',(0.,0.,1.));
#6894 = DIRECTION('',(1.,0.,-0.));
#6895 = DEFINITIONAL_REPRESENTATION('',(#6896),#6900);
#6896 = CIRCLE('',#6897,4.);
#6897 = AXIS2_PLACEMENT_2D('',#6898,#6899);
#6898 = CARTESIAN_POINT('',(5.627336635072E-17,-7.105427357601E-15));
#6899 = DIRECTION('',(1.,0.));
#6900 = ( GEOMETRIC_REPRESENTATION_CONTEXT(2) 
PARAMETRIC_REPRESENTATION_CONTEXT() REPRESENTATION_CONTEXT('2D SPACE',''
  ) );
#6901 = ORIENTED_EDGE('',*,*,#6845,.F.);
#6902 = ORIENTED_EDGE('',*,*,#6903,.F.);
#6903 = EDGE_CURVE('',#6846,#6846,#6904,.T.);
#6904 = SURFACE_CURVE('',#6905,(#6910,#6917),.PCURVE_S1.);
#6905 = CIRCLE('',#6906,4.);
#6906 = AXIS2_PLACEMENT_3D('',#6907,#6908,#6909);
#6907 = CARTESIAN_POINT('',(2.449293598295E-15,40.,-8.));
#6908 = DIRECTION('',(0.,0.,1.));
#6909 = DIRECTION('',(1.,0.,0.));
#6910 = PCURVE('',#6856,#6911);
#6911 = DEFINITIONAL_REPRESENTATION('',(#6912),#6916);
#6912 = LINE('',#6913,#6914);
#6913 = CARTESIAN_POINT('',(-0.,0.));
#6914 = VECTOR('',#6915,1.);
#6915 = DIRECTION('',(-1.,0.));
#6916 = ( GEOMETRIC_REPRESENTATION_CONTEXT(2) 
PARAMETRIC_REPRESENTATION_CONTEXT() REPRESENTATION_CONTEXT('2D SPACE',''
  ) );
#6917 = PCURVE('',#6918,#6923);
#6918 = PLANE('',#6919);
#6919 = AXIS2_PLACEMENT_3D('',#6920,#6921,#6922);
#6920 = CARTESIAN_POINT('',(2.393020231944E-15,40.,-8.));
#6921 = DIRECTION('',(0.,0.,1.));
#6922 = DIRECTION('',(1.,0.,-0.));
#6923 = DEFINITIONAL_REPRESENTATION('',(#6924),#6928);
#6924 = CIRCLE('',#6925,4.);
#6925 = AXIS2_PLACEMENT_2D('',#6926,#6927);
#6926 = CARTESIAN_POINT('',(5.627336635072E-17,-7.105427357601E-15));
#6927 = DIRECTION('',(1.,0.));
#6928 = ( GEOMETRIC_REPRESENTATION_CONTEXT(2) 
PARAMETRIC_REPRESENTATION_CONTEXT() REPRESENTATION_CONTEXT('2D SPACE',''
  ) );
#6929 = ADVANCED_FACE('',(#6930),#6918,.F.);
#6930 = FACE_BOUND('',#6931,.F.);
#6931 = EDGE_LOOP('',(#6932));
#6932 = ORIENTED_EDGE('',*,*,#6903,.T.);
#6933 = ADVANCED_FACE('',(#6934),#6890,.T.);
#6934 = FACE_BOUND('',#6935,.T.);
#6935 = EDGE_LOOP('',(#6936));
#6936 = ORIENTED_EDGE('',*,*,#6875,.T.);
#6937 = ( GEOMETRIC_REPRESENTATION_CONTEXT(3) 
GLOBAL_UNCERTAINTY_ASSIGNED_CONTEXT((#6941)) 
GLOBAL_UNIT_ASSIGNED_CONTEXT((#6938,#6939,#6940)) REPRESENTATION_CONTEXT
('Context #1','3D Context with UNIT and UNCERTAINTY') );
#6938 = ( LENGTH_UNIT() NAMED_UNIT(*) SI_UNIT(.MILLI.,.METRE.) );
#6939 = ( NAMED_UNIT(*) PLANE_ANGLE_UNIT() SI_UNIT($,.RADIAN.) );
#6940 = ( NAMED_UNIT(*) SI_UNIT($,.STERADIAN.) SOLID_ANGLE_UNIT() );
#6941 = UNCERTAINTY_MEASURE_WITH_UNIT(LENGTH_MEASURE(1.E-07),#6938,
  'distance_accuracy_value','confusion accuracy');
#6942 = CONTEXT_DEPENDENT_SHAPE_REPRESENTATION(#6943,#6945);
#6943 = ( REPRESENTATION_RELATIONSHIP('','',#6838,#10) 
REPRESENTATION_RELATIONSHIP_WITH_TRANSFORMATION(#6944) 
SHAPE_REPRESENTATION_RELATIONSHIP() );
#6944 = ITEM_DEFINED_TRANSFORMATION('','',#11,#27);
#6945 = PRODUCT_DEFINITION_SHAPE('Placement','Placement of an item',
  #6946);
#6946 = NEXT_ASSEMBLY_USAGE_OCCURRENCE('15','dowel','',#5,#6833,$);
#6947 = PRODUCT_RELATED_PRODUCT_CATEGORY('part',$,(#6835));
#6948 = SHAPE_DEFINITION_REPRESENTATION(#6949,#6955);
#6949 = PRODUCT_DEFINITION_SHAPE('','',#6950);
#6950 = PRODUCT_DEFINITION('design','',#6951,#6954);
#6951 = PRODUCT_DEFINITION_FORMATION('','',#6952);
#6952 = PRODUCT('bolt_0','bolt_0','',(#6953));
#6953 = PRODUCT_CONTEXT('',#2,'mechanical');
#6954 = PRODUCT_DEFINITION_CONTEXT('part definition',#2,'design');
#6955 = ADVANCED_BREP_SHAPE_REPRESENTATION('',(#11,#6956),#7144);
#6956 = MANIFOLD_SOLID_BREP('',#6957);
#6957 = CLOSED_SHELL('',(#6958,#7046,#7081,#7085,#7140));
#6958 = ADVANCED_FACE('',(#6959),#6973,.T.);
#6959 = FACE_BOUND('',#6960,.F.);
#6960 = EDGE_LOOP('',(#6961,#6991,#7018,#7019));
#6961 = ORIENTED_EDGE('',*,*,#6962,.T.);
#6962 = EDGE_CURVE('',#6963,#6965,#6967,.T.);
#6963 = VERTEX_POINT('',#6964);
#6964 = CARTESIAN_POINT('',(46.5,0.,8.));
#6965 = VERTEX_POINT('',#6966);
#6966 = CARTESIAN_POINT('',(46.5,0.,16.));
#6967 = SEAM_CURVE('',#6968,(#6972,#6984),.PCURVE_S1.);
#6968 = LINE('',#6969,#6970);
#6969 = CARTESIAN_POINT('',(46.5,0.,8.));
#6970 = VECTOR('',#6971,1.);
#6971 = DIRECTION('',(0.,0.,1.));
#6972 = PCURVE('',#6973,#6978);
#6973 = CYLINDRICAL_SURFACE('',#6974,6.5);
#6974 = AXIS2_PLACEMENT_3D('',#6975,#6976,#6977);
#6975 = CARTESIAN_POINT('',(40.,0.,8.));
#6976 = DIRECTION('',(-0.,-0.,-1.));
#6977 = DIRECTION('',(1.,0.,0.));
#6978 = DEFINITIONAL_REPRESENTATION('',(#6979),#6983);
#6979 = LINE('',#6980,#6981);
#6980 = CARTESIAN_POINT('',(-0.,0.));
#6981 = VECTOR('',#6982,1.);
#6982 = DIRECTION('',(-0.,-1.));
#6983 = ( GEOMETRIC_REPRESENTATION_CONTEXT(2) 
PARAMETRIC_REPRESENTATION_CONTEXT() REPRESENTATION_CONTEXT('2D SPACE',''
  ) );
#6984 = PCURVE('',#6973,#6985);
#6985 = DEFINITIONAL_REPRESENTATION('',(#6986),#6990);
#6986 = LINE('',#6987,#6988);
#6987 = CARTESIAN_POINT('',(-6.28318530718,0.));
#6988 = VECTOR('',#6989,1.);
#6989 = DIRECTION('',(-0.,-1.));
#6990 = ( GEOMETRIC_REPRESENTATION_CONTEXT(2) 
PARAMETRIC_REPRESENTATION_CONTEXT() REPRESENTATION_CONTEXT('2D SPACE',''
  ) );
#6991 = ORIENTED_EDGE('',*,*,#6992,.T.);
#6992 = EDGE_CURVE('',#6965,#6965,#6993,.T.);
#6993 = SURFACE_CURVE('',#6994,(#6999,#7006),.PCURVE_S1.);
#6994 = CIRCLE('',#6995,6.5);
#6995 = AXIS2_PLACEMENT_3D('',#6996,#6997,#6998);
#6996 = CARTESIAN_POINT('',(40.,0.,16.));
#6997 = DIRECTION('',(0.,0.,1.));
#6998 = DIRECTION('',(1.,0.,0.));
#6999 = PCURVE('',#6973,#7000);
#7000 = DEFINITIONAL_REPRESENTATION('',(#7001),#7005);
#7001 = LINE('',#7002,#7003);
#7002 = CARTESIAN_POINT('',(-0.,-8.));
#7003 = VECTOR('',#7004,1.);
#7004 = DIRECTION('',(-1.,0.));
#7005 = ( GEOMETRIC_REPRESENTATION_CONTEXT(2) 
PARAMETRIC_REPRESENTATION_CONTEXT() REPRESENTATION_CONTEXT('2D SPACE',''
  ) );
#7006 = PCURVE('',#7007,#7012);
#7007 = PLANE('',#7008);
#7008 = AXIS2_PLACEMENT_3D('',#7009,#7010,#7011);
#7009 = CARTESIAN_POINT('',(40.,5.76161480209E-16,16.));
#7010 = DIRECTION('',(0.,0.,1.));
#7011 = DIRECTION('',(1.,0.,-0.));
#7012 = DEFINITIONAL_REPRESENTATION('',(#7013),#7017);
#7013 = CIRCLE('',#7014,6.5);
#7014 = AXIS2_PLACEMENT_2D('',#7015,#7016);
#7015 = CARTESIAN_POINT('',(7.105427357601E-15,-5.76161480209E-16));
#7016 = DIRECTION('',(1.,0.));
#7017 = ( GEOMETRIC_REPRESENTATION_CONTEXT(2) 
PARAMETRIC_REPRESENTATION_CONTEXT() REPRESENTATION_CONTEXT('2D SPACE',''
  ) );
#7018 = ORIENTED_EDGE('',*,*,#6962,.F.);
#7019 = ORIENTED_EDGE('',*,*,#7020,.F.);
#7020 = EDGE_CURVE('',#6963,#6963,#7021,.T.);
#7021 = SURFACE_CURVE('',#7022,(#7027,#7034),.PCURVE_S1.);
#7022 = CIRCLE('',#7023,6.5);
#7023 = AXIS2_PLACEMENT_3D('',#7024,#7025,#7026);
#7024 = CARTESIAN_POINT('',(40.,0.,8.));
#7025 = DIRECTION('',(0.,0.,1.));
#7026 = DIRECTION('',(1.,0.,0.));
#7027 = PCURVE('',#6973,#7028);
#7028 = DEFINITIONAL_REPRESENTATION('',(#7029),#7033);
#7029 = LINE('',#7030,#7031);
#7030 = CARTESIAN_POINT('',(-0.,0.));
#7031 = VECTOR('',#7032,1.);
#7032 = DIRECTION('',(-1.,0.));
#7033 = ( GEOMETRIC_REPRESENTATION_CONTEXT(2) 
PARAMETRIC_REPRESENTATION_CONTEXT() REPRESENTATION_CONTEXT('2D SPACE',''
  ) );
#7034 = PCURVE('',#7035,#7040);
#7035 = PLANE('',#7036);
#7036 = AXIS2_PLACEMENT_3D('',#7037,#7038,#7039);
#7037 = CARTESIAN_POINT('',(40.,5.76161480209E-16,8.));
#7038 = DIRECTION('',(0.,0.,1.));
#7039 = DIRECTION('',(1.,0.,-0.));
#7040 = DEFINITIONAL_REPRESENTATION('',(#7041),#7045);
#7041 = CIRCLE('',#7042,6.5);
#7042 = AXIS2_PLACEMENT_2D('',#7043,#7044);
#7043 = CARTESIAN_POINT('',(7.105427357601E-15,-5.76161480209E-16));
#7044 = DIRECTION('',(1.,0.));
#7045 = ( GEOMETRIC_REPRESENTATION_CONTEXT(2) 
PARAMETRIC_REPRESENTATION_CONTEXT() REPRESENTATION_CONTEXT('2D SPACE',''
  ) );
#7046 = ADVANCED_FACE('',(#7047,#7050),#7035,.F.);
#7047 = FACE_BOUND('',#7048,.F.);
#7048 = EDGE_LOOP('',(#7049));
#7049 = ORIENTED_EDGE('',*,*,#7020,.T.);
#7050 = FACE_BOUND('',#7051,.F.);
#7051 = EDGE_LOOP('',(#7052));
#7052 = ORIENTED_EDGE('',*,*,#7053,.F.);
#7053 = EDGE_CURVE('',#7054,#7054,#7056,.T.);
#7054 = VERTEX_POINT('',#7055);
#7055 = CARTESIAN_POINT('',(44.,0.,8.));
#7056 = SURFACE_CURVE('',#7057,(#7062,#7069),.PCURVE_S1.);
#7057 = CIRCLE('',#7058,4.);
#7058 = AXIS2_PLACEMENT_3D('',#7059,#7060,#7061);
#7059 = CARTESIAN_POINT('',(40.,0.,8.));
#7060 = DIRECTION('',(0.,0.,1.));
#7061 = DIRECTION('',(1.,0.,0.));
#7062 = PCURVE('',#7035,#7063);
#7063 = DEFINITIONAL_REPRESENTATION('',(#7064),#7068);
#7064 = CIRCLE('',#7065,4.);
#7065 = AXIS2_PLACEMENT_2D('',#7066,#7067);
#7066 = CARTESIAN_POINT('',(7.105427357601E-15,-5.76161480209E-16));
#7067 = DIRECTION('',(1.,0.));
#7068 = ( GEOMETRIC_REPRESENTATION_CONTEXT(2) 
PARAMETRIC_REPRESENTATION_CONTEXT() REPRESENTATION_CONTEXT('2D SPACE',''
  ) );
#7069 = PCURVE('',#7070,#7075);
#7070 = CYLINDRICAL_SURFACE('',#7071,4.);
#7071 = AXIS2_PLACEMENT_3D('',#7072,#7073,#7074);
#7072 = CARTESIAN_POINT('',(40.,0.,-8.));
#7073 = DIRECTION('',(-0.,-0.,-1.));
#7074 = DIRECTION('',(1.,0.,0.));
#7075 = DEFINITIONAL_REPRESENTATION('',(#7076),#7080);
#7076 = LINE('',#7077,#7078);
#7077 = CARTESIAN_POINT('',(-0.,-16.));
#7078 = VECTOR('',#7079,1.);
#7079 = DIRECTION('',(-1.,0.));
#7080 = ( GEOMETRIC_REPRESENTATION_CONTEXT(2) 
PARAMETRIC_REPRESENTATION_CONTEXT() REPRESENTATION_CONTEXT('2D SPACE',''
  ) );
#7081 = ADVANCED_FACE('',(#7082),#7007,.T.);
#7082 = FACE_BOUND('',#7083,.T.);
#7083 = EDGE_LOOP('',(#7084));
#7084 = ORIENTED_EDGE('',*,*,#6992,.T.);
#7085 = ADVANCED_FACE('',(#7086),#7070,.T.);
#7086 = FACE_BOUND('',#7087,.F.);
#7087 = EDGE_LOOP('',(#7088,#7111,#7112,#7113));
#7088 = ORIENTED_EDGE('',*,*,#7089,.T.);
#7089 = EDGE_CURVE('',#7090,#7054,#7092,.T.);
#7090 = VERTEX_POINT('',#7091);
#7091 = CARTESIAN_POINT('',(44.,0.,-8.));
#7092 = SEAM_CURVE('',#7093,(#7097,#7104),.PCURVE_S1.);
#7093 = LINE('',#7094,#7095);
#7094 = CARTESIAN_POINT('',(44.,0.,-8.));
#7095 = VECTOR('',#7096,1.);
#7096 = DIRECTION('',(0.,0.,1.));
#7097 = PCURVE('',#7070,#7098);
#7098 = DEFINITIONAL_REPRESENTATION('',(#7099),#7103);
#7099 = LINE('',#7100,#7101);
#7100 = CARTESIAN_POINT('',(-0.,0.));
#7101 = VECTOR('',#7102,1.);
#7102 = DIRECTION('',(-0.,-1.));
#7103 = ( GEOMETRIC_REPRESENTATION_CONTEXT(2) 
PARAMETRIC_REPRESENTATION_CONTEXT() REPRESENTATION_CONTEXT('2D SPACE',''
  ) );
#7104 = PCURVE('',#7070,#7105);
#7105 = DEFINITIONAL_REPRESENTATION('',(#7106),#7110);
#7106 = LINE('',#7107,#7108);
#7107 = CARTESIAN_POINT('',(-6.28318530718,0.));
#7108 = VECTOR('',#7109,1.);
#7109 = DIRECTION('',(-0.,-1.));
#7110 = ( GEOMETRIC_REPRESENTATION_CONTEXT(2) 
PARAMETRIC_REPRESENTATION_CONTEXT() REPRESENTATION_CONTEXT('2D SPACE',''
  ) );
#7111 = ORIENTED_EDGE('',*,*,#7053,.T.);
#7112 = ORIENTED_EDGE('',*,*,#7089,.F.);
#7113 = ORIENTED_EDGE('',*,*,#7114,.F.);
#7114 = EDGE_CURVE('',#7090,#7090,#7115,.T.);
#7115 = SURFACE_CURVE('',#7116,(#7121,#7128),.PCURVE_S1.);
#7116 = CIRCLE('',#7117,4.);
#7117 = AXIS2_PLACEMENT_3D('',#7118,#7119,#7120);
#7118 = CARTESIAN_POINT('',(40.,0.,-8.));
#7119 = DIRECTION('',(0.,0.,1.));
#7120 = DIRECTION('',(1.,0.,0.));
#7121 = PCURVE('',#7070,#7122);
#7122 = DEFINITIONAL_REPRESENTATION('',(#7123),#7127);
#7123 = LINE('',#7124,#7125);
#7124 = CARTESIAN_POINT('',(-0.,0.));
#7125 = VECTOR('',#7126,1.);
#7126 = DIRECTION('',(-1.,0.));
#7127 = ( GEOMETRIC_REPRESENTATION_CONTEXT(2) 
PARAMETRIC_REPRESENTATION_CONTEXT() REPRESENTATION_CONTEXT('2D SPACE',''
  ) );
#7128 = PCURVE('',#7129,#7134);
#7129 = PLANE('',#7130);
#7130 = AXIS2_PLACEMENT_3D('',#7131,#7132,#7133);
#7131 = CARTESIAN_POINT('',(40.,3.49503809816E-16,-8.));
#7132 = DIRECTION('',(0.,0.,1.));
#7133 = DIRECTION('',(1.,0.,-0.));
#7134 = DEFINITIONAL_REPRESENTATION('',(#7135),#7139);
#7135 = CIRCLE('',#7136,4.);
#7136 = AXIS2_PLACEMENT_2D('',#7137,#7138);
#7137 = CARTESIAN_POINT('',(0.,-3.49503809816E-16));
#7138 = DIRECTION('',(1.,0.));
#7139 = ( GEOMETRIC_REPRESENTATION_CONTEXT(2) 
PARAMETRIC_REPRESENTATION_CONTEXT() REPRESENTATION_CONTEXT('2D SPACE',''
  ) );
#7140 = ADVANCED_FACE('',(#7141),#7129,.F.);
#7141 = FACE_BOUND('',#7142,.F.);
#7142 = EDGE_LOOP('',(#7143));
#7143 = ORIENTED_EDGE('',*,*,#7114,.T.);
#7144 = ( GEOMETRIC_REPRESENTATION_CONTEXT(3) 
GLOBAL_UNCERTAINTY_ASSIGNED_CONTEXT((#7148)) 
GLOBAL_UNIT_ASSIGNED_CONTEXT((#7145,#7146,#7147)) REPRESENTATION_CONTEXT
('Context #1','3D Context with UNIT and UNCERTAINTY') );
#7145 = ( LENGTH_UNIT() NAMED_UNIT(*) SI_UNIT(.MILLI.,.METRE.) );
#7146 = ( NAMED_UNIT(*) PLANE_ANGLE_UNIT() SI_UNIT($,.RADIAN.) );
#7147 = ( NAMED_UNIT(*) SI_UNIT($,.STERADIAN.) SOLID_ANGLE_UNIT() );
#7148 = UNCERTAINTY_MEASURE_WITH_UNIT(LENGTH_MEASURE(1.E-07),#7145,
  'distance_accuracy_value','confusion accuracy');
#7149 = CONTEXT_DEPENDENT_SHAPE_REPRESENTATION(#7150,#7152);
#7150 = ( REPRESENTATION_RELATIONSHIP('','',#6955,#10) 
REPRESENTATION_RELATIONSHIP_WITH_TRANSFORMATION(#7151) 
SHAPE_REPRESENTATION_RELATIONSHIP() );
#7151 = ITEM_DEFINED_TRANSFORMATION('','',#11,#31);
#7152 = PRODUCT_DEFINITION_SHAPE('Placement','Placement of an item',
  #7153);
#7153 = NEXT_ASSEMBLY_USAGE_OCCURRENCE('16','bolt_0','',#5,#6950,$);
#7154 = PRODUCT_RELATED_PRODUCT_CATEGORY('part',$,(#6952));
#7155 = SHAPE_DEFINITION_REPRESENTATION(#7156,#7162);
#7156 = PRODUCT_DEFINITION_SHAPE('','',#7157);
#7157 = PRODUCT_DEFINITION('design','',#7158,#7161);
#7158 = PRODUCT_DEFINITION_FORMATION('','',#7159);
#7159 = PRODUCT('bolt_1','bolt_1','',(#7160));
#7160 = PRODUCT_CONTEXT('',#2,'mechanical');
#7161 = PRODUCT_DEFINITION_CONTEXT('part definition',#2,'design');
#7162 = ADVANCED_BREP_SHAPE_REPRESENTATION('',(#11,#7163),#7351);
#7163 = MANIFOLD_SOLID_BREP('',#7164);
#7164 = CLOSED_SHELL('',(#7165,#7253,#7288,#7292,#7347));
#7165 = ADVANCED_FACE('',(#7166),#7180,.T.);
#7166 = FACE_BOUND('',#7167,.F.);
#7167 = EDGE_LOOP('',(#7168,#7198,#7225,#7226));
#7168 = ORIENTED_EDGE('',*,*,#7169,.T.);
#7169 = EDGE_CURVE('',#7170,#7172,#7174,.T.);
#7170 = VERTEX_POINT('',#7171);
#7171 = CARTESIAN_POINT('',(26.5,34.641016151378,8.));
#7172 = VERTEX_POINT('',#7173);
#7173 = CARTESIAN_POINT('',(26.5,34.641016151378,16.));
#7174 = SEAM_CURVE('',#7175,(#7179,#7191),.PCURVE_S1.);
#7175 = LINE('',#7176,#7177);
#7176 = CARTESIAN_POINT('',(26.5,34.641016151378,8.));
#7177 = VECTOR('',#7178,1.);
#7178 = DIRECTION('',(0.,0.,1.));
#7179 = PCURVE('',#7180,#7185);
#7180 = CYLINDRICAL_SURFACE('',#7181,6.5);
#7181 = AXIS2_PLACEMENT_3D('',#7182,#7183,#7184);
#7182 = CARTESIAN_POINT('',(20.,34.641016151378,8.));
#7183 = DIRECTION('',(-0.,-0.,-1.));
#7184 = DIRECTION('',(1.,0.,0.));
#7185 = DEFINITIONAL_REPRESENTATION('',(#7186),#7190);
#7186 = LINE('',#7187,#7188);
#7187 = CARTESIAN_POINT('',(-0.,0.));
#7188 = VECTOR('',#7189,1.);
#7189 = DIRECTION('',(-0.,-1.));
#7190 = ( GEOMETRIC_REPRESENTATION_CONTEXT(2) 
PARAMETRIC_REPRESENTATION_CONTEXT() REPRESENTATION_CONTEXT('2D SPACE',''
  ) );
#7191 = PCURVE('',#7180,#7192);
#7192 = DEFINITIONAL_REPRESENTATION('',(#7193),#7197);
#7193 = LINE('',#7194,#7195);
#7194 = CARTESIAN_POINT('',(-6.28318530718,0.));
#7195 = VECTOR('',#7196,1.);
#7196 = DIRECTION('',(-0.,-1.));
#7197 = ( GEOMETRIC_REPRESENTATION_CONTEXT(2) 
PARAMETRIC_REPRESENTATION_CONTEXT() REPRESENTATION_CONTEXT('2D SPACE',''
  ) );
#7198 = ORIENTED_EDGE('',*,*,#7199,.T.);
#7199 = EDGE_CURVE('',#7172,#7172,#7200,.T.);
#7200 = SURFACE_CURVE('',#7201,(#7206,#7213),.PCURVE_S1.);
#7201 = CIRCLE('',#7202,6.5);
#7202 = AXIS2_PLACEMENT_3D('',#7203,#7204,#7205);
#7203 = CARTESIAN_POINT('',(20.,34.641016151378,16.));
#7204 = DIRECTION('',(0.,0.,1.));
#7205 = DIRECTION('',(1.,0.,0.));
#7206 = PCURVE('',#7180,#7207);
#7207 = DEFINITIONAL_REPRESENTATION('',(#7208),#7212);
#7208 = LINE('',#7209,#7210);
#7209 = CARTESIAN_POINT('',(-0.,-8.));
#7210 = VECTOR('',#7211,1.);
#7211 = DIRECTION('',(-1.,0.));
#7212 = ( GEOMETRIC_REPRESENTATION_CONTEXT(2) 
PARAMETRIC_REPRESENTATION_CONTEXT() REPRESENTATION_CONTEXT('2D SPACE',''
  ) );
#7213 = PCURVE('',#7214,#7219);
#7214 = PLANE('',#7215);
#7215 = AXIS2_PLACEMENT_3D('',#7216,#7217,#7218);
#7216 = CARTESIAN_POINT('',(20.,34.641016151378,16.));
#7217 = DIRECTION('',(0.,0.,1.));
#7218 = DIRECTION('',(1.,0.,-0.));
#7219 = DEFINITIONAL_REPRESENTATION('',(#7220),#7224);
#7220 = CIRCLE('',#7221,6.5);
#7221 = AXIS2_PLACEMENT_2D('',#7222,#7223);
#7222 = CARTESIAN_POINT('',(3.552713678801E-15,7.105427357601E-15));
#7223 = DIRECTION('',(1.,0.));
#7224 = ( GEOMETRIC_REPRESENTATION_CONTEXT(2) 
PARAMETRIC_REPRESENTATION_CONTEXT() REPRESENTATION_CONTEXT('2D SPACE',''
  ) );
#7225 = ORIENTED_EDGE('',*,*,#7169,.F.);
#7226 = ORIENTED_EDGE('',*,*,#7227,.F.);
#7227 = EDGE_CURVE('',#7170,#7170,#7228,.T.);
#7228 = SURFACE_CURVE('',#7229,(#7234,#7241),.PCURVE_S1.);
#7229 = CIRCLE('',#7230,6.5);
#7230 = AXIS2_PLACEMENT_3D('',#7231,#7232,#7233);
#7231 = CARTESIAN_POINT('',(20.,34.641016151378,8.));
#7232 = DIRECTION('',(0.,0.,1.));
#7233 = DIRECTION('',(1.,0.,0.));
#7234 = PCURVE('',#7180,#7235);
#7235 = DEFINITIONAL_REPRESENTATION('',(#7236),#7240);
#7236 = LINE('',#7237,#7238);
#7237 = CARTESIAN_POINT('',(-0.,0.));
#7238 = VECTOR('',#7239,1.);
#7239 = DIRECTION('',(-1.,0.));
#7240 = ( GEOMETRIC_REPRESENTATION_CONTEXT(2) 
PARAMETRIC_REPRESENTATION_CONTEXT() REPRESENTATION_CONTEXT('2D SPACE',''
  ) );
#7241 = PCURVE('',#7242,#7247);
#7242 = PLANE('',#7243);
#7243 = AXIS2_PLACEMENT_3D('',#7244,#7245,#7246);
#7244 = CARTESIAN_POINT('',(20.,34.641016151378,8.));
#7245 = DIRECTION('',(0.,0.,1.));
#7246 = DIRECTION('',(1.,0.,-0.));
#7247 = DEFINITIONAL_REPRESENTATION('',(#7248),#7252);
#7248 = CIRCLE('',#7249,6.5);
#7249 = AXIS2_PLACEMENT_2D('',#7250,#7251);
#7250 = CARTESIAN_POINT('',(3.552713678801E-15,7.105427357601E-15));
#7251 = DIRECTION('',(1.,0.));
#7252 = ( GEOMETRIC_REPRESENTATION_CONTEXT(2) 
PARAMETRIC_REPRESENTATION_CONTEXT() REPRESENTATION_CONTEXT('2D SPACE',''
  ) );
#7253 = ADVANCED_FACE('',(#7254,#7257),#7242,.F.);
#7254 = FACE_BOUND('',#7255,.F.);
#7255 = EDGE_LOOP('',(#7256));
#7256 = ORIENTED_EDGE('',*,*,#7227,.T.);
#7257 = FACE_BOUND('',#7258,.F.);
#7258 = EDGE_LOOP('',(#7259));
#7259 = ORIENTED_EDGE('',*,*,#7260,.F.);
#7260 = EDGE_CURVE('',#7261,#7261,#7263,.T.);
#7261 = VERTEX_POINT('',#7262);
#7262 = CARTESIAN_POINT('',(24.,34.641016151378,8.));
#7263 = SURFACE_CURVE('',#7264,(#7269,#7276),.PCURVE_S1.);
#7264 = CIRCLE('',#7265,4.);
#7265 = AXIS2_PLACEMENT_3D('',#7266,#7267,#7268);
#7266 = CARTESIAN_POINT('',(20.,34.641016151378,8.));
#7267 = DIRECTION('',(0.,0.,1.));
#7268 = DIRECTION('',(1.,0.,0.));
#7269 = PCURVE('',#7242,#7270);
#7270 = DEFINITIONAL_REPRESENTATION('',(#7271),#7275);
#7271 = CIRCLE('',#7272,4.);
#7272 = AXIS2_PLACEMENT_2D('',#7273,#7274);
#7273 = CARTESIAN_POINT('',(3.552713678801E-15,7.105427357601E-15));
#7274 = DIRECTION('',(1.,0.));
#7275 = ( GEOMETRIC_REPRESENTATION_CONTEXT(2) 
PARAMETRIC_REPRESENTATION_CONTEXT() REPRESENTATION_CONTEXT('2D SPACE',''
  ) );
#7276 = PCURVE('',#7277,#7282);
#7277 = CYLINDRICAL_SURFACE('',#7278,4.);
#7278 = AXIS2_PLACEMENT_3D('',#7279,#7280,#7281);
#7279 = CARTESIAN_POINT('',(20.,34.641016151378,-8.));
#7280 = DIRECTION('',(-0.,-0.,-1.));
#7281 = DIRECTION('',(1.,0.,0.));
#7282 = DEFINITIONAL_REPRESENTATION('',(#7283),#7287);
#7283 = LINE('',#7284,#7285);
#7284 = CARTESIAN_POINT('',(-0.,-16.));
#7285 = VECTOR('',#7286,1.);
#7286 = DIRECTION('',(-1.,0.));
#7287 = ( GEOMETRIC_REPRESENTATION_CONTEXT(2) 
PARAMETRIC_REPRESENTATION_CONTEXT() REPRESENTATION_CONTEXT('2D SPACE',''
  ) );
#7288 = ADVANCED_FACE('',(#7289),#7214,.T.);
#7289 = FACE_BOUND('',#7290,.T.);
#7290 = EDGE_LOOP('',(#7291));
#7291 = ORIENTED_EDGE('',*,*,#7199,.T.);
#7292 = ADVANCED_FACE('',(#7293),#7277,.T.);
#7293 = FACE_BOUND('',#7294,.F.);
#7294 = EDGE_LOOP('',(#7295,#7318,#7319,#7320));
#7295 = ORIENTED_EDGE('',*,*,#7296,.T.);
#7296 = EDGE_CURVE('',#7297,#7261,#7299,.T.);
#7297 = VERTEX_POINT('',#7298);
#7298 = CARTESIAN_POINT('',(24.,34.641016151378,-8.));
#7299 = SEAM_CURVE('',#7300,(#7304,#7311),.PCURVE_S1.);
#7300 = LINE('',#7301,#7302);
#7301 = CARTESIAN_POINT('',(24.,34.641016151378,-8.));
#7302 = VECTOR('',#7303,1.);
#7303 = DIRECTION('',(0.,0.,1.));
#7304 = PCURVE('',#7277,#7305);
#7305 = DEFINITIONAL_REPRESENTATION('',(#7306),#7310);
#7306 = LINE('',#7307,#7308);
#7307 = CARTESIAN_POINT('',(-0.,0.));
#7308 = VECTOR('',#7309,1.);
#7309 = DIRECTION('',(-0.,-1.));
#7310 = ( GEOMETRIC_REPRESENTATION_CONTEXT(2) 
PARAMETRIC_REPRESENTATION_CONTEXT() REPRESENTATION_CONTEXT('2D SPACE',''
  ) );
#7311 = PCURVE('',#7277,#7312);
#7312 = DEFINITIONAL_REPRESENTATION('',(#7313),#7317);
#7313 = LINE('',#7314,#7315);
#7314 = CARTESIAN_POINT('',(-6.28318530718,0.));
#7315 = VECTOR('',#7316,1.);
#7316 = DIRECTION('',(-0.,-1.));
#7317 = ( GEOMETRIC_REPRESENTATION_CONTEXT(2) 
PARAMETRIC_REPRESENTATION_CONTEXT() REPRESENTATION_CONTEXT('2D SPACE',''
  ) );
#7318 = ORIENTED_EDGE('',*,*,#7260,.T.);
#7319 = ORIENTED_EDGE('',*,*,#7296,.F.);
#7320 = ORIENTED_EDGE('',*,*,#7321,.F.);
#7321 = EDGE_CURVE('',#7297,#7297,#7322,.T.);
#7322 = SURFACE_CURVE('',#7323,(#7328,#7335),.PCURVE_S1.);
#7323 = CIRCLE('',#7324,4.);
#7324 = AXIS2_PLACEMENT_3D('',#7325,#7326,#7327);
#7325 = CARTESIAN_POINT('',(20.,34.641016151378,-8.));
#7326 = DIRECTION('',(0.,0.,1.));
#7327 = DIRECTION('',(1.,0.,0.));
#7328 = PCURVE('',#7277,#7329);
#7329 = DEFINITIONAL_REPRESENTATION('',(#7330),#7334);
#7330 = LINE('',#7331,#7332);
#7331 = CARTESIAN_POINT('',(-0.,0.));
#7332 = VECTOR('',#7333,1.);
#7333 = DIRECTION('',(-1.,0.));
#7334 = ( GEOMETRIC_REPRESENTATION_CONTEXT(2) 
PARAMETRIC_REPRESENTATION_CONTEXT() REPRESENTATION_CONTEXT('2D SPACE',''
  ) );
#7335 = PCURVE('',#7336,#7341);
#7336 = PLANE('',#7337);
#7337 = AXIS2_PLACEMENT_3D('',#7338,#7339,#7340);
#7338 = CARTESIAN_POINT('',(20.,34.641016151378,-8.));
#7339 = DIRECTION('',(0.,0.,1.));
#7340 = DIRECTION('',(1.,0.,-0.));
#7341 = DEFINITIONAL_REPRESENTATION('',(#7342),#7346);
#7342 = CIRCLE('',#7343,4.);
#7343 = AXIS2_PLACEMENT_2D('',#7344,#7345);
#7344 = CARTESIAN_POINT('',(3.552713678801E-15,0.));
#7345 = DIRECTION('',(1.,0.));
#7346 = ( GEOMETRIC_REPRESENTATION_CONTEXT(2) 
PARAMETRIC_REPRESENTATION_CONTEXT() REPRESENTATION_CONTEXT('2D SPACE',''
  ) );
#7347 = ADVANCED_FACE('',(#7348),#7336,.F.);
#7348 = FACE_BOUND('',#7349,.F.);
#7349 = EDGE_LOOP('',(#7350));
#7350 = ORIENTED_EDGE('',*,*,#7321,.T.);
#7351 = ( GEOMETRIC_REPRESENTATION_CONTEXT(3) 
GLOBAL_UNCERTAINTY_ASSIGNED_CONTEXT((#7355)) 
GLOBAL_UNIT_ASSIGNED_CONTEXT((#7352,#7353,#7354)) REPRESENTATION_CONTEXT
('Context #1','3D Context with UNIT and UNCERTAINTY') );
#7352 = ( LENGTH_UNIT() NAMED_UNIT(*) SI_UNIT(.MILLI.,.METRE.) );
#7353 = ( NAMED_UNIT(*) PLANE_ANGLE_UNIT() SI_UNIT($,.RADIAN.) );
#7354 = ( NAMED_UNIT(*) SI_UNIT($,.STERADIAN.) SOLID_ANGLE_UNIT() );
#7355 = UNCERTAINTY_MEASURE_WITH_UNIT(LENGTH_MEASURE(1.E-07),#7352,
  'distance_accuracy_value','confusion accuracy');
#7356 = CONTEXT_DEPENDENT_SHAPE_REPRESENTATION(#7357,#7359);
#7357 = ( REPRESENTATION_RELATIONSHIP('','',#7162,#10) 
REPRESENTATION_RELATIONSHIP_WITH_TRANSFORMATION(#7358) 
SHAPE_REPRESENTATION_RELATIONSHIP() );
#7358 = ITEM_DEFINED_TRANSFORMATION('','',#11,#35);
#7359 = PRODUCT_DEFINITION_SHAPE('Placement','Placement of an item',
  #7360);
#7360 = NEXT_ASSEMBLY_USAGE_OCCURRENCE('17','bolt_1','',#5,#7157,$);
#7361 = PRODUCT_RELATED_PRODUCT_CATEGORY('part',$,(#7159));
#7362 = SHAPE_DEFINITION_REPRESENTATION(#7363,#7369);
#7363 = PRODUCT_DEFINITION_SHAPE('','',#7364);
#7364 = PRODUCT_DEFINITION('design','',#7365,#7368);
#7365 = PRODUCT_DEFINITION_FORMATION('','',#7366);
#7366 = PRODUCT('bolt_2','bolt_2','',(#7367));
#7367 = PRODUCT_CONTEXT('',#2,'mechanical');
#7368 = PRODUCT_DEFINITION_CONTEXT('part definition',#2,'design');
#7369 = ADVANCED_BREP_SHAPE_REPRESENTATION('',(#11,#7370),#7558);
#7370 = MANIFOLD_SOLID_BREP('',#7371);
#7371 = CLOSED_SHELL('',(#7372,#7460,#7495,#7499,#7554));
#7372 = ADVANCED_FACE('',(#7373),#7387,.T.);
#7373 = FACE_BOUND('',#7374,.F.);
#7374 = EDGE_LOOP('',(#7375,#7405,#7432,#7433));
#7375 = ORIENTED_EDGE('',*,*,#7376,.T.);
#7376 = EDGE_CURVE('',#7377,#7379,#7381,.T.);
#7377 = VERTEX_POINT('',#7378);
#7378 = CARTESIAN_POINT('',(-13.5,34.641016151378,8.));
#7379 = VERTEX_POINT('',#7380);
#7380 = CARTESIAN_POINT('',(-13.5,34.641016151378,16.));
#7381 = SEAM_CURVE('',#7382,(#7386,#7398),.PCURVE_S1.);
#7382 = LINE('',#7383,#7384);
#7383 = CARTESIAN_POINT('',(-13.5,34.641016151378,8.));
#7384 = VECTOR('',#7385,1.);
#7385 = DIRECTION('',(0.,0.,1.));
#7386 = PCURVE('',#7387,#7392);
#7387 = CYLINDRICAL_SURFACE('',#7388,6.5);
#7388 = AXIS2_PLACEMENT_3D('',#7389,#7390,#7391);
#7389 = CARTESIAN_POINT('',(-20.,34.641016151378,8.));
#7390 = DIRECTION('',(-0.,-0.,-1.));
#7391 = DIRECTION('',(1.,0.,0.));
#7392 = DEFINITIONAL_REPRESENTATION('',(#7393),#7397);
#7393 = LINE('',#7394,#7395);
#7394 = CARTESIAN_POINT('',(-0.,0.));
#7395 = VECTOR('',#7396,1.);
#7396 = DIRECTION('',(-0.,-1.));
#7397 = ( GEOMETRIC_REPRESENTATION_CONTEXT(2) 
PARAMETRIC_REPRESENTATION_CONTEXT() REPRESENTATION_CONTEXT('2D SPACE',''
  ) );
#7398 = PCURVE('',#7387,#7399);
#7399 = DEFINITIONAL_REPRESENTATION('',(#7400),#7404);
#7400 = LINE('',#7401,#7402);
#7401 = CARTESIAN_POINT('',(-6.28318530718,0.));
#7402 = VECTOR('',#7403,1.);
#7403 = DIRECTION('',(-0.,-1.));
#7404 = ( GEOMETRIC_REPRESENTATION_CONTEXT(2) 
PARAMETRIC_REPRESENTATION_CONTEXT() REPRESENTATION_CONTEXT('2D SPACE',''
  ) );
#7405 = ORIENTED_EDGE('',*,*,#7406,.T.);
#7406 = EDGE_CURVE('',#7379,#7379,#7407,.T.);
#7407 = SURFACE_CURVE('',#7408,(#7413,#7420),.PCURVE_S1.);
#7408 = CIRCLE('',#7409,6.5);
#7409 = AXIS2_PLACEMENT_3D('',#7410,#7411,#7412);
#7410 = CARTESIAN_POINT('',(-20.,34.641016151378,16.));
#7411 = DIRECTION('',(0.,0.,1.));
#7412 = DIRECTION('',(1.,0.,0.));
#7413 = PCURVE('',#7387,#7414);
#7414 = DEFINITIONAL_REPRESENTATION('',(#7415),#7419);
#7415 = LINE('',#7416,#7417);
#7416 = CARTESIAN_POINT('',(-0.,-8.));
#7417 = VECTOR('',#7418,1.);
#7418 = DIRECTION('',(-1.,0.));
#7419 = ( GEOMETRIC_REPRESENTATION_CONTEXT(2) 
PARAMETRIC_REPRESENTATION_CONTEXT() REPRESENTATION_CONTEXT('2D SPACE',''
  ) );
#7420 = PCURVE('',#7421,#7426);
#7421 = PLANE('',#7422);
#7422 = AXIS2_PLACEMENT_3D('',#7423,#7424,#7425);
#7423 = CARTESIAN_POINT('',(-20.,34.641016151378,16.));
#7424 = DIRECTION('',(0.,0.,1.));
#7425 = DIRECTION('',(1.,0.,-0.));
#7426 = DEFINITIONAL_REPRESENTATION('',(#7427),#7431);
#7427 = CIRCLE('',#7428,6.5);
#7428 = AXIS2_PLACEMENT_2D('',#7429,#7430);
#7429 = CARTESIAN_POINT('',(0.,7.105427357601E-15));
#7430 = DIRECTION('',(1.,0.));
#7431 = ( GEOMETRIC_REPRESENTATION_CONTEXT(2) 
PARAMETRIC_REPRESENTATION_CONTEXT() REPRESENTATION_CONTEXT('2D SPACE',''
  ) );
#7432 = ORIENTED_EDGE('',*,*,#7376,.F.);
#7433 = ORIENTED_EDGE('',*,*,#7434,.F.);
#7434 = EDGE_CURVE('',#7377,#7377,#7435,.T.);
#7435 = SURFACE_CURVE('',#7436,(#7441,#7448),.PCURVE_S1.);
#7436 = CIRCLE('',#7437,6.5);
#7437 = AXIS2_PLACEMENT_3D('',#7438,#7439,#7440);
#7438 = CARTESIAN_POINT('',(-20.,34.641016151378,8.));
#7439 = DIRECTION('',(0.,0.,1.));
#7440 = DIRECTION('',(1.,0.,0.));
#7441 = PCURVE('',#7387,#7442);
#7442 = DEFINITIONAL_REPRESENTATION('',(#7443),#7447);
#7443 = LINE('',#7444,#7445);
#7444 = CARTESIAN_POINT('',(-0.,0.));
#7445 = VECTOR('',#7446,1.);
#7446 = DIRECTION('',(-1.,0.));
#7447 = ( GEOMETRIC_REPRESENTATION_CONTEXT(2) 
PARAMETRIC_REPRESENTATION_CONTEXT() REPRESENTATION_CONTEXT('2D SPACE',''
  ) );
#7448 = PCURVE('',#7449,#7454);
#7449 = PLANE('',#7450);
#7450 = AXIS2_PLACEMENT_3D('',#7451,#7452,#7453);
#7451 = CARTESIAN_POINT('',(-20.,34.641016151378,8.));
#7452 = DIRECTION('',(0.,0.,1.));
#7453 = DIRECTION('',(1.,0.,-0.));
#7454 = DEFINITIONAL_REPRESENTATION('',(#7455),#7459);
#7455 = CIRCLE('',#7456,6.5);
#7456 = AXIS2_PLACEMENT_2D('',#7457,#7458);
#7457 = CARTESIAN_POINT('',(0.,7.105427357601E-15));
#7458 = DIRECTION('',(1.,0.));
#7459 = ( GEOMETRIC_REPRESENTATION_CONTEXT(2) 
PARAMETRIC_REPRESENTATION_CONTEXT() REPRESENTATION_CONTEXT('2D SPACE',''
  ) );
#7460 = ADVANCED_FACE('',(#7461,#7464),#7449,.F.);
#7461 = FACE_BOUND('',#7462,.F.);
#7462 = EDGE_LOOP('',(#7463));
#7463 = ORIENTED_EDGE('',*,*,#7434,.T.);
#7464 = FACE_BOUND('',#7465,.F.);
#7465 = EDGE_LOOP('',(#7466));
#7466 = ORIENTED_EDGE('',*,*,#7467,.F.);
#7467 = EDGE_CURVE('',#7468,#7468,#7470,.T.);
#7468 = VERTEX_POINT('',#7469);
#7469 = CARTESIAN_POINT('',(-16.,34.641016151378,8.));
#7470 = SURFACE_CURVE('',#7471,(#7476,#7483),.PCURVE_S1.);
#7471 = CIRCLE('',#7472,4.);
#7472 = AXIS2_PLACEMENT_3D('',#7473,#7474,#7475);
#7473 = CARTESIAN_POINT('',(-20.,34.641016151378,8.));
#7474 = DIRECTION('',(0.,0.,1.));
#7475 = DIRECTION('',(1.,0.,0.));
#7476 = PCURVE('',#7449,#7477);
#7477 = DEFINITIONAL_REPRESENTATION('',(#7478),#7482);
#7478 = CIRCLE('',#7479,4.);
#7479 = AXIS2_PLACEMENT_2D('',#7480,#7481);
#7480 = CARTESIAN_POINT('',(0.,7.105427357601E-15));
#7481 = DIRECTION('',(1.,0.));
#7482 = ( GEOMETRIC_REPRESENTATION_CONTEXT(2) 
PARAMETRIC_REPRESENTATION_CONTEXT() REPRESENTATION_CONTEXT('2D SPACE',''
  ) );
#7483 = PCURVE('',#7484,#7489);
#7484 = CYLINDRICAL_SURFACE('',#7485,4.);
#7485 = AXIS2_PLACEMENT_3D('',#7486,#7487,#7488);
#7486 = CARTESIAN_POINT('',(-20.,34.641016151378,-8.));
#7487 = DIRECTION('',(-0.,-0.,-1.));
#7488 = DIRECTION('',(1.,0.,0.));
#7489 = DEFINITIONAL_REPRESENTATION('',(#7490),#7494);
#7490 = LINE('',#7491,#7492);
#7491 = CARTESIAN_POINT('',(-0.,-16.));
#7492 = VECTOR('',#7493,1.);
#7493 = DIRECTION('',(-1.,0.));
#7494 = ( GEOMETRIC_REPRESENTATION_CONTEXT(2) 
PARAMETRIC_REPRESENTATION_CONTEXT() REPRESENTATION_CONTEXT('2D SPACE',''
  ) );
#7495 = ADVANCED_FACE('',(#7496),#7421,.T.);
#7496 = FACE_BOUND('',#7497,.T.);
#7497 = EDGE_LOOP('',(#7498));
#7498 = ORIENTED_EDGE('',*,*,#7406,.T.);
#7499 = ADVANCED_FACE('',(#7500),#7484,.T.);
#7500 = FACE_BOUND('',#7501,.F.);
#7501 = EDGE_LOOP('',(#7502,#7525,#7526,#7527));
#7502 = ORIENTED_EDGE('',*,*,#7503,.T.);
#7503 = EDGE_CURVE('',#7504,#7468,#7506,.T.);
#7504 = VERTEX_POINT('',#7505);
#7505 = CARTESIAN_POINT('',(-16.,34.641016151378,-8.));
#7506 = SEAM_CURVE('',#7507,(#7511,#7518),.PCURVE_S1.);
#7507 = LINE('',#7508,#7509);
#7508 = CARTESIAN_POINT('',(-16.,34.641016151378,-8.));
#7509 = VECTOR('',#7510,1.);
#7510 = DIRECTION('',(0.,0.,1.));
#7511 = PCURVE('',#7484,#7512);
#7512 = DEFINITIONAL_REPRESENTATION('',(#7513),#7517);
#7513 = LINE('',#7514,#7515);
#7514 = CARTESIAN_POINT('',(-0.,0.));
#7515 = VECTOR('',#7516,1.);
#7516 = DIRECTION('',(-0.,-1.));
#7517 = ( GEOMETRIC_REPRESENTATION_CONTEXT(2) 
PARAMETRIC_REPRESENTATION_CONTEXT() REPRESENTATION_CONTEXT('2D SPACE',''
  ) );
#7518 = PCURVE('',#7484,#7519);
#7519 = DEFINITIONAL_REPRESENTATION('',(#7520),#7524);
#7520 = LINE('',#7521,#7522);
#7521 = CARTESIAN_POINT('',(-6.28318530718,0.));
#7522 = VECTOR('',#7523,1.);
#7523 = DIRECTION('',(-0.,-1.));
#7524 = ( GEOMETRIC_REPRESENTATION_CONTEXT(2) 
PARAMETRIC_REPRESENTATION_CONTEXT() REPRESENTATION_CONTEXT('2D SPACE',''
  ) );
#7525 = ORIENTED_EDGE('',*,*,#7467,.T.);
#7526 = ORIENTED_EDGE('',*,*,#7503,.F.);
#7527 = ORIENTED_EDGE('',*,*,#7528,.F.);
#7528 = EDGE_CURVE('',#7504,#7504,#7529,.T.);
#7529 = SURFACE_CURVE('',#7530,(#7535,#7542),.PCURVE_S1.);
#7530 = CIRCLE('',#7531,4.);
#7531 = AXIS2_PLACEMENT_3D('',#7532,#7533,#7534);
#7532 = CARTESIAN_POINT('',(-20.,34.641016151378,-8.));
#7533 = DIRECTION('',(0.,0.,1.));
#7534 = DIRECTION('',(1.,0.,0.));
#7535 = PCURVE('',#7484,#7536);
#7536 = DEFINITIONAL_REPRESENTATION('',(#7537),#7541);
#7537 = LINE('',#7538,#7539);
#7538 = CARTESIAN_POINT('',(-0.,0.));
#7539 = VECTOR('',#7540,1.);
#7540 = DIRECTION('',(-1.,0.));
#7541 = ( GEOMETRIC_REPRESENTATION_CONTEXT(2) 
PARAMETRIC_REPRESENTATION_CONTEXT() REPRESENTATION_CONTEXT('2D SPACE',''
  ) );
#7542 = PCURVE('',#7543,#7548);
#7543 = PLANE('',#7544);
#7544 = AXIS2_PLACEMENT_3D('',#7545,#7546,#7547);
#7545 = CARTESIAN_POINT('',(-20.,34.641016151378,-8.));
#7546 = DIRECTION('',(0.,0.,1.));
#7547 = DIRECTION('',(1.,0.,-0.));
#7548 = DEFINITIONAL_REPRESENTATION('',(#7549),#7553);
#7549 = CIRCLE('',#7550,4.);
#7550 = AXIS2_PLACEMENT_2D('',#7551,#7552);
#7551 = CARTESIAN_POINT('',(3.552713678801E-15,-7.105427357601E-15));
#7552 = DIRECTION('',(1.,0.));
#7553 = ( GEOMETRIC_REPRESENTATION_CONTEXT(2) 
PARAMETRIC_REPRESENTATION_CONTEXT() REPRESENTATION_CONTEXT('2D SPACE',''
  ) );
#7554 = ADVANCED_FACE('',(#7555),#7543,.F.);
#7555 = FACE_BOUND('',#7556,.F.);
#7556 = EDGE_LOOP('',(#7557));
#7557 = ORIENTED_EDGE('',*,*,#7528,.T.);
#7558 = ( GEOMETRIC_REPRESENTATION_CONTEXT(3) 
GLOBAL_UNCERTAINTY_ASSIGNED_CONTEXT((#7562)) 
GLOBAL_UNIT_ASSIGNED_CONTEXT((#7559,#7560,#7561)) REPRESENTATION_CONTEXT
('Context #1','3D Context with UNIT and UNCERTAINTY') );
#7559 = ( LENGTH_UNIT() NAMED_UNIT(*) SI_UNIT(.MILLI.,.METRE.) );
#7560 = ( NAMED_UNIT(*) PLANE_ANGLE_UNIT() SI_UNIT($,.RADIAN.) );
#7561 = ( NAMED_UNIT(*) SI_UNIT($,.STERADIAN.) SOLID_ANGLE_UNIT() );
#7562 = UNCERTAINTY_MEASURE_WITH_UNIT(LENGTH_MEASURE(1.E-07),#7559,
  'distance_accuracy_value','confusion accuracy');
#7563 = CONTEXT_DEPENDENT_SHAPE_REPRESENTATION(#7564,#7566);
#7564 = ( REPRESENTATION_RELATIONSHIP('','',#7369,#10) 
REPRESENTATION_RELATIONSHIP_WITH_TRANSFORMATION(#7565) 
SHAPE_REPRESENTATION_RELATIONSHIP() );
#7565 = ITEM_DEFINED_TRANSFORMATION('','',#11,#39);
#7566 = PRODUCT_DEFINITION_SHAPE('Placement','Placement of an item',
  #7567);
#7567 = NEXT_ASSEMBLY_USAGE_OCCURRENCE('18','bolt_2','',#5,#7364,$);
#7568 = PRODUCT_RELATED_PRODUCT_CATEGORY('part',$,(#7366));
#7569 = SHAPE_DEFINITION_REPRESENTATION(#7570,#7576);
#7570 = PRODUCT_DEFINITION_SHAPE('','',#7571);
#7571 = PRODUCT_DEFINITION('design','',#7572,#7575);
#7572 = PRODUCT_DEFINITION_FORMATION('','',#7573);
#7573 = PRODUCT('bolt_3','bolt_3','',(#7574));
#7574 = PRODUCT_CONTEXT('',#2,'mechanical');
#7575 = PRODUCT_DEFINITION_CONTEXT('part definition',#2,'design');
#7576 = ADVANCED_BREP_SHAPE_REPRESENTATION('',(#11,#7577),#7765);
#7577 = MANIFOLD_SOLID_BREP('',#7578);
#7578 = CLOSED_SHELL('',(#7579,#7667,#7702,#7706,#7761));
#7579 = ADVANCED_FACE('',(#7580),#7594,.T.);
#7580 = FACE_BOUND('',#7581,.F.);
#7581 = EDGE_LOOP('',(#7582,#7612,#7639,#7640));
#7582 = ORIENTED_EDGE('',*,*,#7583,.T.);
#7583 = EDGE_CURVE('',#7584,#7586,#7588,.T.);
#7584 = VERTEX_POINT('',#7585);
#7585 = CARTESIAN_POINT('',(-33.5,4.898587196589E-15,8.));
#7586 = VERTEX_POINT('',#7587);
#7587 = CARTESIAN_POINT('',(-33.5,4.898587196589E-15,16.));
#7588 = SEAM_CURVE('',#7589,(#7593,#7605),.PCURVE_S1.);
#7589 = LINE('',#7590,#7591);
#7590 = CARTESIAN_POINT('',(-33.5,4.898587196589E-15,8.));
#7591 = VECTOR('',#7592,1.);
#7592 = DIRECTION('',(0.,0.,1.));
#7593 = PCURVE('',#7594,#7599);
#7594 = CYLINDRICAL_SURFACE('',#7595,6.5);
#7595 = AXIS2_PLACEMENT_3D('',#7596,#7597,#7598);
#7596 = CARTESIAN_POINT('',(-40.,4.898587196589E-15,8.));
#7597 = DIRECTION('',(-0.,-0.,-1.));
#7598 = DIRECTION('',(1.,0.,0.));
#7599 = DEFINITIONAL_REPRESENTATION('',(#7600),#7604);
#7600 = LINE('',#7601,#7602);
#7601 = CARTESIAN_POINT('',(-0.,0.));
#7602 = VECTOR('',#7603,1.);
#7603 = DIRECTION('',(-0.,-1.));
#7604 = ( GEOMETRIC_REPRESENTATION_CONTEXT(2) 
PARAMETRIC_REPRESENTATION_CONTEXT() REPRESENTATION_CONTEXT('2D SPACE',''
  ) );
#7605 = PCURVE('',#7594,#7606);
#7606 = DEFINITIONAL_REPRESENTATION('',(#7607),#7611);
#7607 = LINE('',#7608,#7609);
#7608 = CARTESIAN_POINT('',(-6.28318530718,0.));
#7609 = VECTOR('',#7610,1.);
#7610 = DIRECTION('',(-0.,-1.));
#7611 = ( GEOMETRIC_REPRESENTATION_CONTEXT(2) 
PARAMETRIC_REPRESENTATION_CONTEXT() REPRESENTATION_CONTEXT('2D SPACE',''
  ) );
#7612 = ORIENTED_EDGE('',*,*,#7613,.T.);
#7613 = EDGE_CURVE('',#7586,#7586,#7614,.T.);
#7614 = SURFACE_CURVE('',#7615,(#7620,#7627),.PCURVE_S1.);
#7615 = CIRCLE('',#7616,6.5);
#7616 = AXIS2_PLACEMENT_3D('',#7617,#7618,#7619);
#7617 = CARTESIAN_POINT('',(-40.,4.898587196589E-15,16.));
#7618 = DIRECTION('',(0.,0.,1.));
#7619 = DIRECTION('',(1.,0.,0.));
#7620 = PCURVE('',#7594,#7621);
#7621 = DEFINITIONAL_REPRESENTATION('',(#7622),#7626);
#7622 = LINE('',#7623,#7624);
#7623 = CARTESIAN_POINT('',(-0.,-8.));
#7624 = VECTOR('',#7625,1.);
#7625 = DIRECTION('',(-1.,0.));
#7626 = ( GEOMETRIC_REPRESENTATION_CONTEXT(2) 
PARAMETRIC_REPRESENTATION_CONTEXT() REPRESENTATION_CONTEXT('2D SPACE',''
  ) );
#7627 = PCURVE('',#7628,#7633);
#7628 = PLANE('',#7629);
#7629 = AXIS2_PLACEMENT_3D('',#7630,#7631,#7632);
#7630 = CARTESIAN_POINT('',(-40.,5.810476184768E-15,16.));
#7631 = DIRECTION('',(0.,0.,1.));
#7632 = DIRECTION('',(1.,0.,-0.));
#7633 = DEFINITIONAL_REPRESENTATION('',(#7634),#7638);
#7634 = CIRCLE('',#7635,6.5);
#7635 = AXIS2_PLACEMENT_2D('',#7636,#7637);
#7636 = CARTESIAN_POINT('',(-1.42108547152E-14,-9.118889881785E-16));
#7637 = DIRECTION('',(1.,0.));
#7638 = ( GEOMETRIC_REPRESENTATION_CONTEXT(2) 
PARAMETRIC_REPRESENTATION_CONTEXT() REPRESENTATION_CONTEXT('2D SPACE',''
  ) );
#7639 = ORIENTED_EDGE('',*,*,#7583,.F.);
#7640 = ORIENTED_EDGE('',*,*,#7641,.F.);
#7641 = EDGE_CURVE('',#7584,#7584,#7642,.T.);
#7642 = SURFACE_CURVE('',#7643,(#7648,#7655),.PCURVE_S1.);
#7643 = CIRCLE('',#7644,6.5);
#7644 = AXIS2_PLACEMENT_3D('',#7645,#7646,#7647);
#7645 = CARTESIAN_POINT('',(-40.,4.898587196589E-15,8.));
#7646 = DIRECTION('',(0.,0.,1.));
#7647 = DIRECTION('',(1.,0.,0.));
#7648 = PCURVE('',#7594,#7649);
#7649 = DEFINITIONAL_REPRESENTATION('',(#7650),#7654);
#7650 = LINE('',#7651,#7652);
#7651 = CARTESIAN_POINT('',(-0.,0.));
#7652 = VECTOR('',#7653,1.);
#7653 = DIRECTION('',(-1.,0.));
#7654 = ( GEOMETRIC_REPRESENTATION_CONTEXT(2) 
PARAMETRIC_REPRESENTATION_CONTEXT() REPRESENTATION_CONTEXT('2D SPACE',''
  ) );
#7655 = PCURVE('',#7656,#7661);
#7656 = PLANE('',#7657);
#7657 = AXIS2_PLACEMENT_3D('',#7658,#7659,#7660);
#7658 = CARTESIAN_POINT('',(-40.,5.810476184768E-15,8.));
#7659 = DIRECTION('',(0.,0.,1.));
#7660 = DIRECTION('',(1.,0.,-0.));
#7661 = DEFINITIONAL_REPRESENTATION('',(#7662),#7666);
#7662 = CIRCLE('',#7663,6.5);
#7663 = AXIS2_PLACEMENT_2D('',#7664,#7665);
#7664 = CARTESIAN_POINT('',(-1.42108547152E-14,-9.118889881785E-16));
#7665 = DIRECTION('',(1.,0.));
#7666 = ( GEOMETRIC_REPRESENTATION_CONTEXT(2) 
PARAMETRIC_REPRESENTATION_CONTEXT() REPRESENTATION_CONTEXT('2D SPACE',''
  ) );
#7667 = ADVANCED_FACE('',(#7668,#7671),#7656,.F.);
#7668 = FACE_BOUND('',#7669,.F.);
#7669 = EDGE_LOOP('',(#7670));
#7670 = ORIENTED_EDGE('',*,*,#7641,.T.);
#7671 = FACE_BOUND('',#7672,.F.);
#7672 = EDGE_LOOP('',(#7673));
#7673 = ORIENTED_EDGE('',*,*,#7674,.F.);
#7674 = EDGE_CURVE('',#7675,#7675,#7677,.T.);
#7675 = VERTEX_POINT('',#7676);
#7676 = CARTESIAN_POINT('',(-36.,4.898587196589E-15,8.));
#7677 = SURFACE_CURVE('',#7678,(#7683,#7690),.PCURVE_S1.);
#7678 = CIRCLE('',#7679,4.);
#7679 = AXIS2_PLACEMENT_3D('',#7680,#7681,#7682);
#7680 = CARTESIAN_POINT('',(-40.,4.898587196589E-15,8.));
#7681 = DIRECTION('',(0.,0.,1.));
#7682 = DIRECTION('',(1.,0.,0.));
#7683 = PCURVE('',#7656,#7684);
#7684 = DEFINITIONAL_REPRESENTATION('',(#7685),#7689);
#7685 = CIRCLE('',#7686,4.);
#7686 = AXIS2_PLACEMENT_2D('',#7687,#7688);
#7687 = CARTESIAN_POINT('',(-1.42108547152E-14,-9.118889881785E-16));
#7688 = DIRECTION('',(1.,0.));
#7689 = ( GEOMETRIC_REPRESENTATION_CONTEXT(2) 
PARAMETRIC_REPRESENTATION_CONTEXT() REPRESENTATION_CONTEXT('2D SPACE',''
  ) );
#7690 = PCURVE('',#7691,#7696);
#7691 = CYLINDRICAL_SURFACE('',#7692,4.);
#7692 = AXIS2_PLACEMENT_3D('',#7693,#7694,#7695);
#7693 = CARTESIAN_POINT('',(-40.,4.898587196589E-15,-8.));
#7694 = DIRECTION('',(-0.,-0.,-1.));
#7695 = DIRECTION('',(1.,0.,0.));
#7696 = DEFINITIONAL_REPRESENTATION('',(#7697),#7701);
#7697 = LINE('',#7698,#7699);
#7698 = CARTESIAN_POINT('',(-0.,-16.));
#7699 = VECTOR('',#7700,1.);
#7700 = DIRECTION('',(-1.,0.));
#7701 = ( GEOMETRIC_REPRESENTATION_CONTEXT(2) 
PARAMETRIC_REPRESENTATION_CONTEXT() REPRESENTATION_CONTEXT('2D SPACE',''
  ) );
#7702 = ADVANCED_FACE('',(#7703),#7628,.T.);
#7703 = FACE_BOUND('',#7704,.T.);
#7704 = EDGE_LOOP('',(#7705));
#7705 = ORIENTED_EDGE('',*,*,#7613,.T.);
#7706 = ADVANCED_FACE('',(#7707),#7691,.T.);
#7707 = FACE_BOUND('',#7708,.F.);
#7708 = EDGE_LOOP('',(#7709,#7732,#7733,#7734));
#7709 = ORIENTED_EDGE('',*,*,#7710,.T.);
#7710 = EDGE_CURVE('',#7711,#7675,#7713,.T.);
#7711 = VERTEX_POINT('',#7712);
#7712 = CARTESIAN_POINT('',(-36.,4.898587196589E-15,-8.));
#7713 = SEAM_CURVE('',#7714,(#7718,#7725),.PCURVE_S1.);
#7714 = LINE('',#7715,#7716);
#7715 = CARTESIAN_POINT('',(-36.,4.898587196589E-15,-8.));
#7716 = VECTOR('',#7717,1.);
#7717 = DIRECTION('',(0.,0.,1.));
#7718 = PCURVE('',#7691,#7719);
#7719 = DEFINITIONAL_REPRESENTATION('',(#7720),#7724);
#7720 = LINE('',#7721,#7722);
#7721 = CARTESIAN_POINT('',(-0.,0.));
#7722 = VECTOR('',#7723,1.);
#7723 = DIRECTION('',(-0.,-1.));
#7724 = ( GEOMETRIC_REPRESENTATION_CONTEXT(2) 
PARAMETRIC_REPRESENTATION_CONTEXT() REPRESENTATION_CONTEXT('2D SPACE',''
  ) );
#7725 = PCURVE('',#7691,#7726);
#7726 = DEFINITIONAL_REPRESENTATION('',(#7727),#7731);
#7727 = LINE('',#7728,#7729);
#7728 = CARTESIAN_POINT('',(-6.28318530718,0.));
#7729 = VECTOR('',#7730,1.);
#7730 = DIRECTION('',(-0.,-1.));
#7731 = ( GEOMETRIC_REPRESENTATION_CONTEXT(2) 
PARAMETRIC_REPRESENTATION_CONTEXT() REPRESENTATION_CONTEXT('2D SPACE',''
  ) );
#7732 = ORIENTED_EDGE('',*,*,#7674,.T.);
#7733 = ORIENTED_EDGE('',*,*,#7710,.F.);
#7734 = ORIENTED_EDGE('',*,*,#7735,.F.);
#7735 = EDGE_CURVE('',#7711,#7711,#7736,.T.);
#7736 = SURFACE_CURVE('',#7737,(#7742,#7749),.PCURVE_S1.);
#7737 = CIRCLE('',#7738,4.);
#7738 = AXIS2_PLACEMENT_3D('',#7739,#7740,#7741);
#7739 = CARTESIAN_POINT('',(-40.,4.898587196589E-15,-8.));
#7740 = DIRECTION('',(0.,0.,1.));
#7741 = DIRECTION('',(1.,0.,0.));
#7742 = PCURVE('',#7691,#7743);
#7743 = DEFINITIONAL_REPRESENTATION('',(#7744),#7748);
#7744 = LINE('',#7745,#7746);
#7745 = CARTESIAN_POINT('',(-0.,0.));
#7746 = VECTOR('',#7747,1.);
#7747 = DIRECTION('',(-1.,0.));
#7748 = ( GEOMETRIC_REPRESENTATION_CONTEXT(2) 
PARAMETRIC_REPRESENTATION_CONTEXT() REPRESENTATION_CONTEXT('2D SPACE',''
  ) );
#7749 = PCURVE('',#7750,#7755);
#7750 = PLANE('',#7751);
#7751 = AXIS2_PLACEMENT_3D('',#7752,#7753,#7754);
#7752 = CARTESIAN_POINT('',(-40.,5.268255406866E-15,-8.));
#7753 = DIRECTION('',(0.,0.,1.));
#7754 = DIRECTION('',(1.,0.,-0.));
#7755 = DEFINITIONAL_REPRESENTATION('',(#7756),#7760);
#7756 = CIRCLE('',#7757,4.);
#7757 = AXIS2_PLACEMENT_2D('',#7758,#7759);
#7758 = CARTESIAN_POINT('',(7.105427357601E-15,-3.696682102764E-16));
#7759 = DIRECTION('',(1.,0.));
#7760 = ( GEOMETRIC_REPRESENTATION_CONTEXT(2) 
PARAMETRIC_REPRESENTATION_CONTEXT() REPRESENTATION_CONTEXT('2D SPACE',''
  ) );
#7761 = ADVANCED_FACE('',(#7762),#7750,.F.);
#7762 = FACE_BOUND('',#7763,.F.);
#7763 = EDGE_LOOP('',(#7764));
#7764 = ORIENTED_EDGE('',*,*,#7735,.T.);
#7765 = ( GEOMETRIC_REPRESENTATION_CONTEXT(3) 
GLOBAL_UNCERTAINTY_ASSIGNED_CONTEXT((#7769)) 
GLOBAL_UNIT_ASSIGNED_CONTEXT((#7766,#7767,#7768)) REPRESENTATION_CONTEXT
('Context #1','3D Context with UNIT and UNCERTAINTY') );
#7766 = ( LENGTH_UNIT() NAMED_UNIT(*) SI_UNIT(.MILLI.,.METRE.) );
#7767 = ( NAMED_UNIT(*) PLANE_ANGLE_UNIT() SI_UNIT($,.RADIAN.) );
#7768 = ( NAMED_UNIT(*) SI_UNIT($,.STERADIAN.) SOLID_ANGLE_UNIT() );
#7769 = UNCERTAINTY_MEASURE_WITH_UNIT(LENGTH_MEASURE(1.E-07),#7766,
  'distance_accuracy_value','confusion accuracy');
#7770 = CONTEXT_DEPENDENT_SHAPE_REPRESENTATION(#7771,#7773);
#7771 = ( REPRESENTATION_RELATIONSHIP('','',#7576,#10) 
REPRESENTATION_RELATIONSHIP_WITH_TRANSFORMATION(#7772) 
SHAPE_REPRESENTATION_RELATIONSHIP() );
#7772 = ITEM_DEFINED_TRANSFORMATION('','',#11,#43);
#7773 = PRODUCT_DEFINITION_SHAPE('Placement','Placement of an item',
  #7774);
#7774 = NEXT_ASSEMBLY_USAGE_OCCURRENCE('19','bolt_3','',#5,#7571,$);
#7775 = PRODUCT_RELATED_PRODUCT_CATEGORY('part',$,(#7573));
#7776 = SHAPE_DEFINITION_REPRESENTATION(#7777,#7783);
#7777 = PRODUCT_DEFINITION_SHAPE('','',#7778);
#7778 = PRODUCT_DEFINITION('design','',#7779,#7782);
#7779 = PRODUCT_DEFINITION_FORMATION('','',#7780);
#7780 = PRODUCT('bolt_4','bolt_4','',(#7781));
#7781 = PRODUCT_CONTEXT('',#2,'mechanical');
#7782 = PRODUCT_DEFINITION_CONTEXT('part definition',#2,'design');
#7783 = ADVANCED_BREP_SHAPE_REPRESENTATION('',(#11,#7784),#7972);
#7784 = MANIFOLD_SOLID_BREP('',#7785);
#7785 = CLOSED_SHELL('',(#7786,#7874,#7909,#7913,#7968));
#7786 = ADVANCED_FACE('',(#7787),#7801,.T.);
#7787 = FACE_BOUND('',#7788,.F.);
#7788 = EDGE_LOOP('',(#7789,#7819,#7846,#7847));
#7789 = ORIENTED_EDGE('',*,*,#7790,.T.);
#7790 = EDGE_CURVE('',#7791,#7793,#7795,.T.);
#7791 = VERTEX_POINT('',#7792);
#7792 = CARTESIAN_POINT('',(-13.5,-34.64101615137,8.));
#7793 = VERTEX_POINT('',#7794);
#7794 = CARTESIAN_POINT('',(-13.5,-34.64101615137,16.));
#7795 = SEAM_CURVE('',#7796,(#7800,#7812),.PCURVE_S1.);
#7796 = LINE('',#7797,#7798);
#7797 = CARTESIAN_POINT('',(-13.5,-34.64101615137,8.));
#7798 = VECTOR('',#7799,1.);
#7799 = DIRECTION('',(0.,0.,1.));
#7800 = PCURVE('',#7801,#7806);
#7801 = CYLINDRICAL_SURFACE('',#7802,6.5);
#7802 = AXIS2_PLACEMENT_3D('',#7803,#7804,#7805);
#7803 = CARTESIAN_POINT('',(-20.,-34.64101615137,8.));
#7804 = DIRECTION('',(-0.,-0.,-1.));
#7805 = DIRECTION('',(1.,0.,0.));
#7806 = DEFINITIONAL_REPRESENTATION('',(#7807),#7811);
#7807 = LINE('',#7808,#7809);
#7808 = CARTESIAN_POINT('',(-0.,0.));
#7809 = VECTOR('',#7810,1.);
#7810 = DIRECTION('',(-0.,-1.));
#7811 = ( GEOMETRIC_REPRESENTATION_CONTEXT(2) 
PARAMETRIC_REPRESENTATION_CONTEXT() REPRESENTATION_CONTEXT('2D SPACE',''
  ) );
#7812 = PCURVE('',#7801,#7813);
#7813 = DEFINITIONAL_REPRESENTATION('',(#7814),#7818);
#7814 = LINE('',#7815,#7816);
#7815 = CARTESIAN_POINT('',(-6.28318530718,0.));
#7816 = VECTOR('',#7817,1.);
#7817 = DIRECTION('',(-0.,-1.));
#7818 = ( GEOMETRIC_REPRESENTATION_CONTEXT(2) 
PARAMETRIC_REPRESENTATION_CONTEXT() REPRESENTATION_CONTEXT('2D SPACE',''
  ) );
#7819 = ORIENTED_EDGE('',*,*,#7820,.T.);
#7820 = EDGE_CURVE('',#7793,#7793,#7821,.T.);
#7821 = SURFACE_CURVE('',#7822,(#7827,#7834),.PCURVE_S1.);
#7822 = CIRCLE('',#7823,6.5);
#7823 = AXIS2_PLACEMENT_3D('',#7824,#7825,#7826);
#7824 = CARTESIAN_POINT('',(-20.,-34.64101615137,16.));
#7825 = DIRECTION('',(0.,0.,1.));
#7826 = DIRECTION('',(1.,0.,0.));
#7827 = PCURVE('',#7801,#7828);
#7828 = DEFINITIONAL_REPRESENTATION('',(#7829),#7833);
#7829 = LINE('',#7830,#7831);
#7830 = CARTESIAN_POINT('',(-0.,-8.));
#7831 = VECTOR('',#7832,1.);
#7832 = DIRECTION('',(-1.,0.));
#7833 = ( GEOMETRIC_REPRESENTATION_CONTEXT(2) 
PARAMETRIC_REPRESENTATION_CONTEXT() REPRESENTATION_CONTEXT('2D SPACE',''
  ) );
#7834 = PCURVE('',#7835,#7840);
#7835 = PLANE('',#7836);
#7836 = AXIS2_PLACEMENT_3D('',#7837,#7838,#7839);
#7837 = CARTESIAN_POINT('',(-20.,-34.64101615137,16.));
#7838 = DIRECTION('',(0.,0.,1.));
#7839 = DIRECTION('',(1.,0.,-0.));
#7840 = DEFINITIONAL_REPRESENTATION('',(#7841),#7845);
#7841 = CIRCLE('',#7842,6.5);
#7842 = AXIS2_PLACEMENT_2D('',#7843,#7844);
#7843 = CARTESIAN_POINT('',(0.,0.));
#7844 = DIRECTION('',(1.,0.));
#7845 = ( GEOMETRIC_REPRESENTATION_CONTEXT(2) 
PARAMETRIC_REPRESENTATION_CONTEXT() REPRESENTATION_CONTEXT('2D SPACE',''
  ) );
#7846 = ORIENTED_EDGE('',*,*,#7790,.F.);
#7847 = ORIENTED_EDGE('',*,*,#7848,.F.);
#7848 = EDGE_CURVE('',#7791,#7791,#7849,.T.);
#7849 = SURFACE_CURVE('',#7850,(#7855,#7862),.PCURVE_S1.);
#7850 = CIRCLE('',#7851,6.5);
#7851 = AXIS2_PLACEMENT_3D('',#7852,#7853,#7854);
#7852 = CARTESIAN_POINT('',(-20.,-34.64101615137,8.));
#7853 = DIRECTION('',(0.,0.,1.));
#7854 = DIRECTION('',(1.,0.,0.));
#7855 = PCURVE('',#7801,#7856);
#7856 = DEFINITIONAL_REPRESENTATION('',(#7857),#7861);
#7857 = LINE('',#7858,#7859);
#7858 = CARTESIAN_POINT('',(-0.,0.));
#7859 = VECTOR('',#7860,1.);
#7860 = DIRECTION('',(-1.,0.));
#7861 = ( GEOMETRIC_REPRESENTATION_CONTEXT(2) 
PARAMETRIC_REPRESENTATION_CONTEXT() REPRESENTATION_CONTEXT('2D SPACE',''
  ) );
#7862 = PCURVE('',#7863,#7868);
#7863 = PLANE('',#7864);
#7864 = AXIS2_PLACEMENT_3D('',#7865,#7866,#7867);
#7865 = CARTESIAN_POINT('',(-20.,-34.64101615137,8.));
#7866 = DIRECTION('',(0.,0.,1.));
#7867 = DIRECTION('',(1.,0.,-0.));
#7868 = DEFINITIONAL_REPRESENTATION('',(#7869),#7873);
#7869 = CIRCLE('',#7870,6.5);
#7870 = AXIS2_PLACEMENT_2D('',#7871,#7872);
#7871 = CARTESIAN_POINT('',(0.,0.));
#7872 = DIRECTION('',(1.,0.));
#7873 = ( GEOMETRIC_REPRESENTATION_CONTEXT(2) 
PARAMETRIC_REPRESENTATION_CONTEXT() REPRESENTATION_CONTEXT('2D SPACE',''
  ) );
#7874 = ADVANCED_FACE('',(#7875,#7878),#7863,.F.);
#7875 = FACE_BOUND('',#7876,.F.);
#7876 = EDGE_LOOP('',(#7877));
#7877 = ORIENTED_EDGE('',*,*,#7848,.T.);
#7878 = FACE_BOUND('',#7879,.F.);
#7879 = EDGE_LOOP('',(#7880));
#7880 = ORIENTED_EDGE('',*,*,#7881,.F.);
#7881 = EDGE_CURVE('',#7882,#7882,#7884,.T.);
#7882 = VERTEX_POINT('',#7883);
#7883 = CARTESIAN_POINT('',(-16.,-34.64101615137,8.));
#7884 = SURFACE_CURVE('',#7885,(#7890,#7897),.PCURVE_S1.);
#7885 = CIRCLE('',#7886,4.);
#7886 = AXIS2_PLACEMENT_3D('',#7887,#7888,#7889);
#7887 = CARTESIAN_POINT('',(-20.,-34.64101615137,8.));
#7888 = DIRECTION('',(0.,0.,1.));
#7889 = DIRECTION('',(1.,0.,0.));
#7890 = PCURVE('',#7863,#7891);
#7891 = DEFINITIONAL_REPRESENTATION('',(#7892),#7896);
#7892 = CIRCLE('',#7893,4.);
#7893 = AXIS2_PLACEMENT_2D('',#7894,#7895);
#7894 = CARTESIAN_POINT('',(0.,0.));
#7895 = DIRECTION('',(1.,0.));
#7896 = ( GEOMETRIC_REPRESENTATION_CONTEXT(2) 
PARAMETRIC_REPRESENTATION_CONTEXT() REPRESENTATION_CONTEXT('2D SPACE',''
  ) );
#7897 = PCURVE('',#7898,#7903);
#7898 = CYLINDRICAL_SURFACE('',#7899,4.);
#7899 = AXIS2_PLACEMENT_3D('',#7900,#7901,#7902);
#7900 = CARTESIAN_POINT('',(-20.,-34.64101615137,-8.));
#7901 = DIRECTION('',(-0.,-0.,-1.));
#7902 = DIRECTION('',(1.,0.,0.));
#7903 = DEFINITIONAL_REPRESENTATION('',(#7904),#7908);
#7904 = LINE('',#7905,#7906);
#7905 = CARTESIAN_POINT('',(-0.,-16.));
#7906 = VECTOR('',#7907,1.);
#7907 = DIRECTION('',(-1.,0.));
#7908 = ( GEOMETRIC_REPRESENTATION_CONTEXT(2) 
PARAMETRIC_REPRESENTATION_CONTEXT() REPRESENTATION_CONTEXT('2D SPACE',''
  ) );
#7909 = ADVANCED_FACE('',(#7910),#7835,.T.);
#7910 = FACE_BOUND('',#7911,.T.);
#7911 = EDGE_LOOP('',(#7912));
#7912 = ORIENTED_EDGE('',*,*,#7820,.T.);
#7913 = ADVANCED_FACE('',(#7914),#7898,.T.);
#7914 = FACE_BOUND('',#7915,.F.);
#7915 = EDGE_LOOP('',(#7916,#7939,#7940,#7941));
#7916 = ORIENTED_EDGE('',*,*,#7917,.T.);
#7917 = EDGE_CURVE('',#7918,#7882,#7920,.T.);
#7918 = VERTEX_POINT('',#7919);
#7919 = CARTESIAN_POINT('',(-16.,-34.64101615137,-8.));
#7920 = SEAM_CURVE('',#7921,(#7925,#7932),.PCURVE_S1.);
#7921 = LINE('',#7922,#7923);
#7922 = CARTESIAN_POINT('',(-16.,-34.64101615137,-8.));
#7923 = VECTOR('',#7924,1.);
#7924 = DIRECTION('',(0.,0.,1.));
#7925 = PCURVE('',#7898,#7926);
#7926 = DEFINITIONAL_REPRESENTATION('',(#7927),#7931);
#7927 = LINE('',#7928,#7929);
#7928 = CARTESIAN_POINT('',(-0.,0.));
#7929 = VECTOR('',#7930,1.);
#7930 = DIRECTION('',(-0.,-1.));
#7931 = ( GEOMETRIC_REPRESENTATION_CONTEXT(2) 
PARAMETRIC_REPRESENTATION_CONTEXT() REPRESENTATION_CONTEXT('2D SPACE',''
  ) );
#7932 = PCURVE('',#7898,#7933);
#7933 = DEFINITIONAL_REPRESENTATION('',(#7934),#7938);
#7934 = LINE('',#7935,#7936);
#7935 = CARTESIAN_POINT('',(-6.28318530718,0.));
#7936 = VECTOR('',#7937,1.);
#7937 = DIRECTION('',(-0.,-1.));
#7938 = ( GEOMETRIC_REPRESENTATION_CONTEXT(2) 
PARAMETRIC_REPRESENTATION_CONTEXT() REPRESENTATION_CONTEXT('2D SPACE',''
  ) );
#7939 = ORIENTED_EDGE('',*,*,#7881,.T.);
#7940 = ORIENTED_EDGE('',*,*,#7917,.F.);
#7941 = ORIENTED_EDGE('',*,*,#7942,.F.);
#7942 = EDGE_CURVE('',#7918,#7918,#7943,.T.);
#7943 = SURFACE_CURVE('',#7944,(#7949,#7956),.PCURVE_S1.);
#7944 = CIRCLE('',#7945,4.);
#7945 = AXIS2_PLACEMENT_3D('',#7946,#7947,#7948);
#7946 = CARTESIAN_POINT('',(-20.,-34.64101615137,-8.));
#7947 = DIRECTION('',(0.,0.,1.));
#7948 = DIRECTION('',(1.,0.,0.));
#7949 = PCURVE('',#7898,#7950);
#7950 = DEFINITIONAL_REPRESENTATION('',(#7951),#7955);
#7951 = LINE('',#7952,#7953);
#7952 = CARTESIAN_POINT('',(-0.,0.));
#7953 = VECTOR('',#7954,1.);
#7954 = DIRECTION('',(-1.,0.));
#7955 = ( GEOMETRIC_REPRESENTATION_CONTEXT(2) 
PARAMETRIC_REPRESENTATION_CONTEXT() REPRESENTATION_CONTEXT('2D SPACE',''
  ) );
#7956 = PCURVE('',#7957,#7962);
#7957 = PLANE('',#7958);
#7958 = AXIS2_PLACEMENT_3D('',#7959,#7960,#7961);
#7959 = CARTESIAN_POINT('',(-20.,-34.64101615137,-8.));
#7960 = DIRECTION('',(0.,0.,1.));
#7961 = DIRECTION('',(1.,0.,-0.));
#7962 = DEFINITIONAL_REPRESENTATION('',(#7963),#7967);
#7963 = CIRCLE('',#7964,4.);
#7964 = AXIS2_PLACEMENT_2D('',#7965,#7966);
#7965 = CARTESIAN_POINT('',(0.,0.));
#7966 = DIRECTION('',(1.,0.));
#7967 = ( GEOMETRIC_REPRESENTATION_CONTEXT(2) 
PARAMETRIC_REPRESENTATION_CONTEXT() REPRESENTATION_CONTEXT('2D SPACE',''
  ) );
#7968 = ADVANCED_FACE('',(#7969),#7957,.F.);
#7969 = FACE_BOUND('',#7970,.F.);
#7970 = EDGE_LOOP('',(#7971));
#7971 = ORIENTED_EDGE('',*,*,#7942,.T.);
#7972 = ( GEOMETRIC_REPRESENTATION_CONTEXT(3) 
GLOBAL_UNCERTAINTY_ASSIGNED_CONTEXT((#7976)) 
GLOBAL_UNIT_ASSIGNED_CONTEXT((#7973,#7974,#7975)) REPRESENTATION_CONTEXT
('Context #1','3D Context with UNIT and UNCERTAINTY') );
#7973 = ( LENGTH_UNIT() NAMED_UNIT(*) SI_UNIT(.MILLI.,.METRE.) );
#7974 = ( NAMED_UNIT(*) PLANE_ANGLE_UNIT() SI_UNIT($,.RADIAN.) );
#7975 = ( NAMED_UNIT(*) SI_UNIT($,.STERADIAN.) SOLID_ANGLE_UNIT() );
#7976 = UNCERTAINTY_MEASURE_WITH_UNIT(LENGTH_MEASURE(1.E-07),#7973,
  'distance_accuracy_value','confusion accuracy');
#7977 = CONTEXT_DEPENDENT_SHAPE_REPRESENTATION(#7978,#7980);
#7978 = ( REPRESENTATION_RELATIONSHIP('','',#7783,#10) 
REPRESENTATION_RELATIONSHIP_WITH_TRANSFORMATION(#7979) 
SHAPE_REPRESENTATION_RELATIONSHIP() );
#7979 = ITEM_DEFINED_TRANSFORMATION('','',#11,#47);
#7980 = PRODUCT_DEFINITION_SHAPE('Placement','Placement of an item',
  #7981);
#7981 = NEXT_ASSEMBLY_USAGE_OCCURRENCE('20','bolt_4','',#5,#7778,$);
#7982 = PRODUCT_RELATED_PRODUCT_CATEGORY('part',$,(#7780));
#7983 = SHAPE_DEFINITION_REPRESENTATION(#7984,#7990);
#7984 = PRODUCT_DEFINITION_SHAPE('','',#7985);
#7985 = PRODUCT_DEFINITION('design','',#7986,#7989);
#7986 = PRODUCT_DEFINITION_FORMATION('','',#7987);
#7987 = PRODUCT('bolt_5','bolt_5','',(#7988));
#7988 = PRODUCT_CONTEXT('',#2,'mechanical');
#7989 = PRODUCT_DEFINITION_CONTEXT('part definition',#2,'design');
#7990 = ADVANCED_BREP_SHAPE_REPRESENTATION('',(#11,#7991),#8179);
#7991 = MANIFOLD_SOLID_BREP('',#7992);
#7992 = CLOSED_SHELL('',(#7993,#8081,#8116,#8120,#8175));
#7993 = ADVANCED_FACE('',(#7994),#8008,.T.);
#7994 = FACE_BOUND('',#7995,.F.);
#7995 = EDGE_LOOP('',(#7996,#8026,#8053,#8054));
#7996 = ORIENTED_EDGE('',*,*,#7997,.T.);
#7997 = EDGE_CURVE('',#7998,#8000,#8002,.T.);
#7998 = VERTEX_POINT('',#7999);
#7999 = CARTESIAN_POINT('',(26.5,-34.64101615137,8.));
#8000 = VERTEX_POINT('',#8001);
#8001 = CARTESIAN_POINT('',(26.5,-34.64101615137,16.));
#8002 = SEAM_CURVE('',#8003,(#8007,#8019),.PCURVE_S1.);
#8003 = LINE('',#8004,#8005);
#8004 = CARTESIAN_POINT('',(26.5,-34.64101615137,8.));
#8005 = VECTOR('',#8006,1.);
#8006 = DIRECTION('',(0.,0.,1.));
#8007 = PCURVE('',#8008,#8013);
#8008 = CYLINDRICAL_SURFACE('',#8009,6.5);
#8009 = AXIS2_PLACEMENT_3D('',#8010,#8011,#8012);
#8010 = CARTESIAN_POINT('',(20.,-34.64101615137,8.));
#8011 = DIRECTION('',(-0.,-0.,-1.));
#8012 = DIRECTION('',(1.,0.,0.));
#8013 = DEFINITIONAL_REPRESENTATION('',(#8014),#8018);
#8014 = LINE('',#8015,#8016);
#8015 = CARTESIAN_POINT('',(-0.,0.));
#8016 = VECTOR('',#8017,1.);
#8017 = DIRECTION('',(-0.,-1.));
#8018 = ( GEOMETRIC_REPRESENTATION_CONTEXT(2) 
PARAMETRIC_REPRESENTATION_CONTEXT() REPRESENTATION_CONTEXT('2D SPACE',''
  ) );
#8019 = PCURVE('',#8008,#8020);
#8020 = DEFINITIONAL_REPRESENTATION('',(#8021),#8025);
#8021 = LINE('',#8022,#8023);
#8022 = CARTESIAN_POINT('',(-6.28318530718,0.));
#8023 = VECTOR('',#8024,1.);
#8024 = DIRECTION('',(-0.,-1.));
#8025 = ( GEOMETRIC_REPRESENTATION_CONTEXT(2) 
PARAMETRIC_REPRESENTATION_CONTEXT() REPRESENTATION_CONTEXT('2D SPACE',''
  ) );
#8026 = ORIENTED_EDGE('',*,*,#8027,.T.);
#8027 = EDGE_CURVE('',#8000,#8000,#8028,.T.);
#8028 = SURFACE_CURVE('',#8029,(#8034,#8041),.PCURVE_S1.);
#8029 = CIRCLE('',#8030,6.5);
#8030 = AXIS2_PLACEMENT_3D('',#8031,#8032,#8033);
#8031 = CARTESIAN_POINT('',(20.,-34.64101615137,16.));
#8032 = DIRECTION('',(0.,0.,1.));
#8033 = DIRECTION('',(1.,0.,0.));
#8034 = PCURVE('',#8008,#8035);
#8035 = DEFINITIONAL_REPRESENTATION('',(#8036),#8040);
#8036 = LINE('',#8037,#8038);
#8037 = CARTESIAN_POINT('',(-0.,-8.));
#8038 = VECTOR('',#8039,1.);
#8039 = DIRECTION('',(-1.,0.));
#8040 = ( GEOMETRIC_REPRESENTATION_CONTEXT(2) 
PARAMETRIC_REPRESENTATION_CONTEXT() REPRESENTATION_CONTEXT('2D SPACE',''
  ) );
#8041 = PCURVE('',#8042,#8047);
#8042 = PLANE('',#8043);
#8043 = AXIS2_PLACEMENT_3D('',#8044,#8045,#8046);
#8044 = CARTESIAN_POINT('',(20.,-34.64101615137,16.));
#8045 = DIRECTION('',(0.,0.,1.));
#8046 = DIRECTION('',(1.,0.,-0.));
#8047 = DEFINITIONAL_REPRESENTATION('',(#8048),#8052);
#8048 = CIRCLE('',#8049,6.5);
#8049 = AXIS2_PLACEMENT_2D('',#8050,#8051);
#8050 = CARTESIAN_POINT('',(0.,0.));
#8051 = DIRECTION('',(1.,0.));
#8052 = ( GEOMETRIC_REPRESENTATION_CONTEXT(2) 
PARAMETRIC_REPRESENTATION_CONTEXT() REPRESENTATION_CONTEXT('2D SPACE',''
  ) );
#8053 = ORIENTED_EDGE('',*,*,#7997,.F.);
#8054 = ORIENTED_EDGE('',*,*,#8055,.F.);
#8055 = EDGE_CURVE('',#7998,#7998,#8056,.T.);
#8056 = SURFACE_CURVE('',#8057,(#8062,#8069),.PCURVE_S1.);
#8057 = CIRCLE('',#8058,6.5);
#8058 = AXIS2_PLACEMENT_3D('',#8059,#8060,#8061);
#8059 = CARTESIAN_POINT('',(20.,-34.64101615137,8.));
#8060 = DIRECTION('',(0.,0.,1.));
#8061 = DIRECTION('',(1.,0.,0.));
#8062 = PCURVE('',#8008,#8063);
#8063 = DEFINITIONAL_REPRESENTATION('',(#8064),#8068);
#8064 = LINE('',#8065,#8066);
#8065 = CARTESIAN_POINT('',(-0.,0.));
#8066 = VECTOR('',#8067,1.);
#8067 = DIRECTION('',(-1.,0.));
#8068 = ( GEOMETRIC_REPRESENTATION_CONTEXT(2) 
PARAMETRIC_REPRESENTATION_CONTEXT() REPRESENTATION_CONTEXT('2D SPACE',''
  ) );
#8069 = PCURVE('',#8070,#8075);
#8070 = PLANE('',#8071);
#8071 = AXIS2_PLACEMENT_3D('',#8072,#8073,#8074);
#8072 = CARTESIAN_POINT('',(20.,-34.64101615137,8.));
#8073 = DIRECTION('',(0.,0.,1.));
#8074 = DIRECTION('',(1.,0.,-0.));
#8075 = DEFINITIONAL_REPRESENTATION('',(#8076),#8080);
#8076 = CIRCLE('',#8077,6.5);
#8077 = AXIS2_PLACEMENT_2D('',#8078,#8079);
#8078 = CARTESIAN_POINT('',(0.,0.));
#8079 = DIRECTION('',(1.,0.));
#8080 = ( GEOMETRIC_REPRESENTATION_CONTEXT(2) 
PARAMETRIC_REPRESENTATION_CONTEXT() REPRESENTATION_CONTEXT('2D SPACE',''
  ) );
#8081 = ADVANCED_FACE('',(#8082,#8085),#8070,.F.);
#8082 = FACE_BOUND('',#8083,.F.);
#8083 = EDGE_LOOP('',(#8084));
#8084 = ORIENTED_EDGE('',*,*,#8055,.T.);
#8085 = FACE_BOUND('',#8086,.F.);
#8086 = EDGE_LOOP('',(#8087));
#8087 = ORIENTED_EDGE('',*,*,#8088,.F.);
#8088 = EDGE_CURVE('',#8089,#8089,#8091,.T.);
#8089 = VERTEX_POINT('',#8090);
#8090 = CARTESIAN_POINT('',(24.,-34.64101615137,8.));
#8091 = SURFACE_CURVE('',#8092,(#8097,#8104),.PCURVE_S1.);
#8092 = CIRCLE('',#8093,4.);
#8093 = AXIS2_PLACEMENT_3D('',#8094,#8095,#8096);
#8094 = CARTESIAN_POINT('',(20.,-34.64101615137,8.));
#8095 = DIRECTION('',(0.,0.,1.));
#8096 = DIRECTION('',(1.,0.,0.));
#8097 = PCURVE('',#8070,#8098);
#8098 = DEFINITIONAL_REPRESENTATION('',(#8099),#8103);
#8099 = CIRCLE('',#8100,4.);
#8100 = AXIS2_PLACEMENT_2D('',#8101,#8102);
#8101 = CARTESIAN_POINT('',(0.,0.));
#8102 = DIRECTION('',(1.,0.));
#8103 = ( GEOMETRIC_REPRESENTATION_CONTEXT(2) 
PARAMETRIC_REPRESENTATION_CONTEXT() REPRESENTATION_CONTEXT('2D SPACE',''
  ) );
#8104 = PCURVE('',#8105,#8110);
#8105 = CYLINDRICAL_SURFACE('',#8106,4.);
#8106 = AXIS2_PLACEMENT_3D('',#8107,#8108,#8109);
#8107 = CARTESIAN_POINT('',(20.,-34.64101615137,-8.));
#8108 = DIRECTION('',(-0.,-0.,-1.));
#8109 = DIRECTION('',(1.,0.,0.));
#8110 = DEFINITIONAL_REPRESENTATION('',(#8111),#8115);
#8111 = LINE('',#8112,#8113);
#8112 = CARTESIAN_POINT('',(-0.,-16.));
#8113 = VECTOR('',#8114,1.);
#8114 = DIRECTION('',(-1.,0.));
#8115 = ( GEOMETRIC_REPRESENTATION_CONTEXT(2) 
PARAMETRIC_REPRESENTATION_CONTEXT() REPRESENTATION_CONTEXT('2D SPACE',''
  ) );
#8116 = ADVANCED_FACE('',(#8117),#8042,.T.);
#8117 = FACE_BOUND('',#8118,.T.);
#8118 = EDGE_LOOP('',(#8119));
#8119 = ORIENTED_EDGE('',*,*,#8027,.T.);
#8120 = ADVANCED_FACE('',(#8121),#8105,.T.);
#8121 = FACE_BOUND('',#8122,.F.);
#8122 = EDGE_LOOP('',(#8123,#8146,#8147,#8148));
#8123 = ORIENTED_EDGE('',*,*,#8124,.T.);
#8124 = EDGE_CURVE('',#8125,#8089,#8127,.T.);
#8125 = VERTEX_POINT('',#8126);
#8126 = CARTESIAN_POINT('',(24.,-34.64101615137,-8.));
#8127 = SEAM_CURVE('',#8128,(#8132,#8139),.PCURVE_S1.);
#8128 = LINE('',#8129,#8130);
#8129 = CARTESIAN_POINT('',(24.,-34.64101615137,-8.));
#8130 = VECTOR('',#8131,1.);
#8131 = DIRECTION('',(0.,0.,1.));
#8132 = PCURVE('',#8105,#8133);
#8133 = DEFINITIONAL_REPRESENTATION('',(#8134),#8138);
#8134 = LINE('',#8135,#8136);
#8135 = CARTESIAN_POINT('',(-0.,0.));
#8136 = VECTOR('',#8137,1.);
#8137 = DIRECTION('',(-0.,-1.));
#8138 = ( GEOMETRIC_REPRESENTATION_CONTEXT(2) 
PARAMETRIC_REPRESENTATION_CONTEXT() REPRESENTATION_CONTEXT('2D SPACE',''
  ) );
#8139 = PCURVE('',#8105,#8140);
#8140 = DEFINITIONAL_REPRESENTATION('',(#8141),#8145);
#8141 = LINE('',#8142,#8143);
#8142 = CARTESIAN_POINT('',(-6.28318530718,0.));
#8143 = VECTOR('',#8144,1.);
#8144 = DIRECTION('',(-0.,-1.));
#8145 = ( GEOMETRIC_REPRESENTATION_CONTEXT(2) 
PARAMETRIC_REPRESENTATION_CONTEXT() REPRESENTATION_CONTEXT('2D SPACE',''
  ) );
#8146 = ORIENTED_EDGE('',*,*,#8088,.T.);
#8147 = ORIENTED_EDGE('',*,*,#8124,.F.);
#8148 = ORIENTED_EDGE('',*,*,#8149,.F.);
#8149 = EDGE_CURVE('',#8125,#8125,#8150,.T.);
#8150 = SURFACE_CURVE('',#8151,(#8156,#8163),.PCURVE_S1.);
#8151 = CIRCLE('',#8152,4.);
#8152 = AXIS2_PLACEMENT_3D('',#8153,#8154,#8155);
#8153 = CARTESIAN_POINT('',(20.,-34.64101615137,-8.));
#8154 = DIRECTION('',(0.,0.,1.));
#8155 = DIRECTION('',(1.,0.,0.));
#8156 = PCURVE('',#8105,#8157);
#8157 = DEFINITIONAL_REPRESENTATION('',(#8158),#8162);
#8158 = LINE('',#8159,#8160);
#8159 = CARTESIAN_POINT('',(-0.,0.));
#8160 = VECTOR('',#8161,1.);
#8161 = DIRECTION('',(-1.,0.));
#8162 = ( GEOMETRIC_REPRESENTATION_CONTEXT(2) 
PARAMETRIC_REPRESENTATION_CONTEXT() REPRESENTATION_CONTEXT('2D SPACE',''
  ) );
#8163 = PCURVE('',#8164,#8169);
#8164 = PLANE('',#8165);
#8165 = AXIS2_PLACEMENT_3D('',#8166,#8167,#8168);
#8166 = CARTESIAN_POINT('',(20.,-34.64101615137,-8.));
#8167 = DIRECTION('',(0.,0.,1.));
#8168 = DIRECTION('',(1.,0.,-0.));
#8169 = DEFINITIONAL_REPRESENTATION('',(#8170),#8174);
#8170 = CIRCLE('',#8171,4.);
#8171 = AXIS2_PLACEMENT_2D('',#8172,#8173);
#8172 = CARTESIAN_POINT('',(-3.552713678801E-15,7.105427357601E-15));
#8173 = DIRECTION('',(1.,0.));
#8174 = ( GEOMETRIC_REPRESENTATION_CONTEXT(2) 
PARAMETRIC_REPRESENTATION_CONTEXT() REPRESENTATION_CONTEXT('2D SPACE',''
  ) );
#8175 = ADVANCED_FACE('',(#8176),#8164,.F.);
#8176 = FACE_BOUND('',#8177,.F.);
#8177 = EDGE_LOOP('',(#8178));
#8178 = ORIENTED_EDGE('',*,*,#8149,.T.);
#8179 = ( GEOMETRIC_REPRESENTATION_CONTEXT(3) 
GLOBAL_UNCERTAINTY_ASSIGNED_CONTEXT((#8183)) 
GLOBAL_UNIT_ASSIGNED_CONTEXT((#8180,#8181,#8182)) REPRESENTATION_CONTEXT
('Context #1','3D Context with UNIT and UNCERTAINTY') );
#8180 = ( LENGTH_UNIT() NAMED_UNIT(*) SI_UNIT(.MILLI.,.METRE.) );
#8181 = ( NAMED_UNIT(*) PLANE_ANGLE_UNIT() SI_UNIT($,.RADIAN.) );
#8182 = ( NAMED_UNIT(*) SI_UNIT($,.STERADIAN.) SOLID_ANGLE_UNIT() );
#8183 = UNCERTAINTY_MEASURE_WITH_UNIT(LENGTH_MEASURE(1.E-07),#8180,
  'distance_accuracy_value','confusion accuracy');
#8184 = CONTEXT_DEPENDENT_SHAPE_REPRESENTATION(#8185,#8187);
#8185 = ( REPRESENTATION_RELATIONSHIP('','',#7990,#10) 
REPRESENTATION_RELATIONSHIP_WITH_TRANSFORMATION(#8186) 
SHAPE_REPRESENTATION_RELATIONSHIP() );
#8186 = ITEM_DEFINED_TRANSFORMATION('','',#11,#51);
#8187 = PRODUCT_DEFINITION_SHAPE('Placement','Placement of an item',
  #8188);
#8188 = NEXT_ASSEMBLY_USAGE_OCCURRENCE('21','bolt_5','',#5,#7985,$);
#8189 = PRODUCT_RELATED_PRODUCT_CATEGORY('part',$,(#7987));
#8190 = SHAPE_DEFINITION_REPRESENTATION(#8191,#8197);
#8191 = PRODUCT_DEFINITION_SHAPE('','',#8192);
#8192 = PRODUCT_DEFINITION('design','',#8193,#8196);
#8193 = PRODUCT_DEFINITION_FORMATION('','',#8194);
#8194 = PRODUCT('tripod_screw','tripod_screw','',(#8195));
#8195 = PRODUCT_CONTEXT('',#2,'mechanical');
#8196 = PRODUCT_DEFINITION_CONTEXT('part definition',#2,'design');
#8197 = ADVANCED_BREP_SHAPE_REPRESENTATION('',(#11,#8198),#8376);
#8198 = MANIFOLD_SOLID_BREP('',#8199);
#8199 = CLOSED_SHELL('',(#8200,#8237,#8316,#8372));
#8200 = ADVANCED_FACE('',(#8201),#8214,.F.);
#8201 = FACE_BOUND('',#8202,.F.);
#8202 = EDGE_LOOP('',(#8203));
#8203 = ORIENTED_EDGE('',*,*,#8204,.T.);
#8204 = EDGE_CURVE('',#8205,#8205,#8207,.T.);
#8205 = VERTEX_POINT('',#8206);
#8206 = CARTESIAN_POINT('',(53.,1.481822626968E-15,-0.85));
#8207 = SURFACE_CURVE('',#8208,(#8213,#8225),.PCURVE_S1.);
#8208 = CIRCLE('',#8209,6.05);
#8209 = AXIS2_PLACEMENT_3D('',#8210,#8211,#8212);
#8210 = CARTESIAN_POINT('',(53.,0.,-6.9));
#8211 = DIRECTION('',(1.,0.,0.));
#8212 = DIRECTION('',(-0.,0.,1.));
#8213 = PCURVE('',#8214,#8219);
#8214 = PLANE('',#8215);
#8215 = AXIS2_PLACEMENT_3D('',#8216,#8217,#8218);
#8216 = CARTESIAN_POINT('',(53.,-2.153449027621E-16,-6.9));
#8217 = DIRECTION('',(1.,0.,0.));
#8218 = DIRECTION('',(-0.,0.,1.));
#8219 = DEFINITIONAL_REPRESENTATION('',(#8220),#8224);
#8220 = CIRCLE('',#8221,6.05);
#8221 = AXIS2_PLACEMENT_2D('',#8222,#8223);
#8222 = CARTESIAN_POINT('',(8.881784197001E-16,-2.153449027621E-16));
#8223 = DIRECTION('',(1.,0.));
#8224 = ( GEOMETRIC_REPRESENTATION_CONTEXT(2) 
PARAMETRIC_REPRESENTATION_CONTEXT() REPRESENTATION_CONTEXT('2D SPACE',''
  ) );
#8225 = PCURVE('',#8226,#8231);
#8226 = CONICAL_SURFACE('',#8227,6.05,0.715584993318);
#8227 = AXIS2_PLACEMENT_3D('',#8228,#8229,#8230);
#8228 = CARTESIAN_POINT('',(53.,0.,-6.9));
#8229 = DIRECTION('',(-1.,-0.,-0.));
#8230 = DIRECTION('',(-0.,0.,1.));
#8231 = DEFINITIONAL_REPRESENTATION('',(#8232),#8236);
#8232 = LINE('',#8233,#8234);
#8233 = CARTESIAN_POINT('',(-0.,-0.));
#8234 = VECTOR('',#8235,1.);
#8235 = DIRECTION('',(-1.,-0.));
#8236 = ( GEOMETRIC_REPRESENTATION_CONTEXT(2) 
PARAMETRIC_REPRESENTATION_CONTEXT() REPRESENTATION_CONTEXT('2D SPACE',''
  ) );
#8237 = ADVANCED_FACE('',(#8238),#8226,.T.);
#8238 = FACE_BOUND('',#8239,.T.);
#8239 = EDGE_LOOP('',(#8240,#8263,#8292,#8314,#8315));
#8240 = ORIENTED_EDGE('',*,*,#8241,.T.);
#8241 = EDGE_CURVE('',#8205,#8242,#8244,.T.);
#8242 = VERTEX_POINT('',#8243);
#8243 = CARTESIAN_POINT('',(56.30730917076,7.776507174586E-16,-3.725));
#8244 = SEAM_CURVE('',#8245,(#8249,#8256),.PCURVE_S1.);
#8245 = LINE('',#8246,#8247);
#8246 = CARTESIAN_POINT('',(53.,1.481822626968E-15,-0.85));
#8247 = VECTOR('',#8248,1.);
#8248 = DIRECTION('',(0.754709580223,-1.60688117981E-16,-0.656059028991)
  );
#8249 = PCURVE('',#8226,#8250);
#8250 = DEFINITIONAL_REPRESENTATION('',(#8251),#8255);
#8251 = LINE('',#8252,#8253);
#8252 = CARTESIAN_POINT('',(-6.28318530718,0.));
#8253 = VECTOR('',#8254,1.);
#8254 = DIRECTION('',(-0.,-1.));
#8255 = ( GEOMETRIC_REPRESENTATION_CONTEXT(2) 
PARAMETRIC_REPRESENTATION_CONTEXT() REPRESENTATION_CONTEXT('2D SPACE',''
  ) );
#8256 = PCURVE('',#8226,#8257);
#8257 = DEFINITIONAL_REPRESENTATION('',(#8258),#8262);
#8258 = LINE('',#8259,#8260);
#8259 = CARTESIAN_POINT('',(0.,-0.));
#8260 = VECTOR('',#8261,1.);
#8261 = DIRECTION('',(-0.,-1.));
#8262 = ( GEOMETRIC_REPRESENTATION_CONTEXT(2) 
PARAMETRIC_REPRESENTATION_CONTEXT() REPRESENTATION_CONTEXT('2D SPACE',''
  ) );
#8263 = ORIENTED_EDGE('',*,*,#8264,.F.);
#8264 = EDGE_CURVE('',#8265,#8242,#8267,.T.);
#8265 = VERTEX_POINT('',#8266);
#8266 = CARTESIAN_POINT('',(56.30730917076,3.175,-6.9));
#8267 = SURFACE_CURVE('',#8268,(#8273,#8280),.PCURVE_S1.);
#8268 = CIRCLE('',#8269,3.175);
#8269 = AXIS2_PLACEMENT_3D('',#8270,#8271,#8272);
#8270 = CARTESIAN_POINT('',(56.30730917076,0.,-6.9));
#8271 = DIRECTION('',(1.,0.,0.));
#8272 = DIRECTION('',(-0.,0.,1.));
#8273 = PCURVE('',#8226,#8274);
#8274 = DEFINITIONAL_REPRESENTATION('',(#8275),#8279);
#8275 = LINE('',#8276,#8277);
#8276 = CARTESIAN_POINT('',(-0.,-3.30730917076));
#8277 = VECTOR('',#8278,1.);
#8278 = DIRECTION('',(-1.,-0.));
#8279 = ( GEOMETRIC_REPRESENTATION_CONTEXT(2) 
PARAMETRIC_REPRESENTATION_CONTEXT() REPRESENTATION_CONTEXT('2D SPACE',''
  ) );
#8280 = PCURVE('',#8281,#8286);
#8281 = CYLINDRICAL_SURFACE('',#8282,3.175);
#8282 = AXIS2_PLACEMENT_3D('',#8283,#8284,#8285);
#8283 = CARTESIAN_POINT('',(53.,0.,-6.9));
#8284 = DIRECTION('',(-1.,-0.,-0.));
#8285 = DIRECTION('',(0.,1.,0.));
#8286 = DEFINITIONAL_REPRESENTATION('',(#8287),#8291);
#8287 = LINE('',#8288,#8289);
#8288 = CARTESIAN_POINT('',(4.712388980385,-3.30730917076));
#8289 = VECTOR('',#8290,1.);
#8290 = DIRECTION('',(-1.,0.));
#8291 = ( GEOMETRIC_REPRESENTATION_CONTEXT(2) 
PARAMETRIC_REPRESENTATION_CONTEXT() REPRESENTATION_CONTEXT('2D SPACE',''
  ) );
#8292 = ORIENTED_EDGE('',*,*,#8293,.F.);
#8293 = EDGE_CURVE('',#8242,#8265,#8294,.T.);
#8294 = SURFACE_CURVE('',#8295,(#8300,#8307),.PCURVE_S1.);
#8295 = CIRCLE('',#8296,3.175);
#8296 = AXIS2_PLACEMENT_3D('',#8297,#8298,#8299);
#8297 = CARTESIAN_POINT('',(56.30730917076,0.,-6.9));
#8298 = DIRECTION('',(1.,0.,0.));
#8299 = DIRECTION('',(-0.,0.,1.));
#8300 = PCURVE('',#8226,#8301);
#8301 = DEFINITIONAL_REPRESENTATION('',(#8302),#8306);
#8302 = LINE('',#8303,#8304);
#8303 = CARTESIAN_POINT('',(-0.,-3.30730917076));
#8304 = VECTOR('',#8305,1.);
#8305 = DIRECTION('',(-1.,-0.));
#8306 = ( GEOMETRIC_REPRESENTATION_CONTEXT(2) 
PARAMETRIC_REPRESENTATION_CONTEXT() REPRESENTATION_CONTEXT('2D SPACE',''
  ) );
#8307 = PCURVE('',#8281,#8308);
#8308 = DEFINITIONAL_REPRESENTATION('',(#8309),#8313);
#8309 = LINE('',#8310,#8311);
#8310 = CARTESIAN_POINT('',(-1.570796326795,-3.30730917076));
#8311 = VECTOR('',#8312,1.);
#8312 = DIRECTION('',(-1.,0.));
#8313 = ( GEOMETRIC_REPRESENTATION_CONTEXT(2) 
PARAMETRIC_REPRESENTATION_CONTEXT() REPRESENTATION_CONTEXT('2D SPACE',''
  ) );
#8314 = ORIENTED_EDGE('',*,*,#8241,.F.);
#8315 = ORIENTED_EDGE('',*,*,#8204,.T.);
#8316 = ADVANCED_FACE('',(#8317),#8281,.T.);
#8317 = FACE_BOUND('',#8318,.F.);
#8318 = EDGE_LOOP('',(#8319,#8320,#8343,#8370,#8371));
#8319 = ORIENTED_EDGE('',*,*,#8264,.F.);
#8320 = ORIENTED_EDGE('',*,*,#8321,.T.);
#8321 = EDGE_CURVE('',#8265,#8322,#8324,.T.);
#8322 = VERTEX_POINT('',#8323);
#8323 = CARTESIAN_POINT('',(64.5,3.175,-6.9));
#8324 = SEAM_CURVE('',#8325,(#8329,#8336),.PCURVE_S1.);
#8325 = LINE('',#8326,#8327);
#8326 = CARTESIAN_POINT('',(53.,3.175,-6.9));
#8327 = VECTOR('',#8328,1.);
#8328 = DIRECTION('',(1.,0.,0.));
#8329 = PCURVE('',#8281,#8330);
#8330 = DEFINITIONAL_REPRESENTATION('',(#8331),#8335);
#8331 = LINE('',#8332,#8333);
#8332 = CARTESIAN_POINT('',(-6.28318530718,0.));
#8333 = VECTOR('',#8334,1.);
#8334 = DIRECTION('',(-0.,-1.));
#8335 = ( GEOMETRIC_REPRESENTATION_CONTEXT(2) 
PARAMETRIC_REPRESENTATION_CONTEXT() REPRESENTATION_CONTEXT('2D SPACE',''
  ) );
#8336 = PCURVE('',#8281,#8337);
#8337 = DEFINITIONAL_REPRESENTATION('',(#8338),#8342);
#8338 = LINE('',#8339,#8340);
#8339 = CARTESIAN_POINT('',(-0.,0.));
#8340 = VECTOR('',#8341,1.);
#8341 = DIRECTION('',(-0.,-1.));
#8342 = ( GEOMETRIC_REPRESENTATION_CONTEXT(2) 
PARAMETRIC_REPRESENTATION_CONTEXT() REPRESENTATION_CONTEXT('2D SPACE',''
  ) );
#8343 = ORIENTED_EDGE('',*,*,#8344,.T.);
#8344 = EDGE_CURVE('',#8322,#8322,#8345,.T.);
#8345 = SURFACE_CURVE('',#8346,(#8351,#8358),.PCURVE_S1.);
#8346 = CIRCLE('',#8347,3.175);
#8347 = AXIS2_PLACEMENT_3D('',#8348,#8349,#8350);
#8348 = CARTESIAN_POINT('',(64.5,0.,-6.9));
#8349 = DIRECTION('',(1.,0.,0.));
#8350 = DIRECTION('',(0.,1.,0.));
#8351 = PCURVE('',#8281,#8352);
#8352 = DEFINITIONAL_REPRESENTATION('',(#8353),#8357);
#8353 = LINE('',#8354,#8355);
#8354 = CARTESIAN_POINT('',(-0.,-11.5));
#8355 = VECTOR('',#8356,1.);
#8356 = DIRECTION('',(-1.,0.));
#8357 = ( GEOMETRIC_REPRESENTATION_CONTEXT(2) 
PARAMETRIC_REPRESENTATION_CONTEXT() REPRESENTATION_CONTEXT('2D SPACE',''
  ) );
#8358 = PCURVE('',#8359,#8364);
#8359 = PLANE('',#8360);
#8360 = AXIS2_PLACEMENT_3D('',#8361,#8362,#8363);
#8361 = CARTESIAN_POINT('',(64.5,-2.153449027621E-16,-6.9));
#8362 = DIRECTION('',(1.,0.,0.));
#8363 = DIRECTION('',(-0.,0.,1.));
#8364 = DEFINITIONAL_REPRESENTATION('',(#8365),#8369);
#8365 = CIRCLE('',#8366,3.175);
#8366 = AXIS2_PLACEMENT_2D('',#8367,#8368);
#8367 = CARTESIAN_POINT('',(8.881784197001E-16,-2.153449027621E-16));
#8368 = DIRECTION('',(0.,-1.));
#8369 = ( GEOMETRIC_REPRESENTATION_CONTEXT(2) 
PARAMETRIC_REPRESENTATION_CONTEXT() REPRESENTATION_CONTEXT('2D SPACE',''
  ) );
#8370 = ORIENTED_EDGE('',*,*,#8321,.F.);
#8371 = ORIENTED_EDGE('',*,*,#8293,.F.);
#8372 = ADVANCED_FACE('',(#8373),#8359,.T.);
#8373 = FACE_BOUND('',#8374,.T.);
#8374 = EDGE_LOOP('',(#8375));
#8375 = ORIENTED_EDGE('',*,*,#8344,.T.);
#8376 = ( GEOMETRIC_REPRESENTATION_CONTEXT(3) 
GLOBAL_UNCERTAINTY_ASSIGNED_CONTEXT((#8380)) 
GLOBAL_UNIT_ASSIGNED_CONTEXT((#8377,#8378,#8379)) REPRESENTATION_CONTEXT
('Context #1','3D Context with UNIT and UNCERTAINTY') );
#8377 = ( LENGTH_UNIT() NAMED_UNIT(*) SI_UNIT(.MILLI.,.METRE.) );
#8378 = ( NAMED_UNIT(*) PLANE_ANGLE_UNIT() SI_UNIT($,.RADIAN.) );
#8379 = ( NAMED_UNIT(*) SI_UNIT($,.STERADIAN.) SOLID_ANGLE_UNIT() );
#8380 = UNCERTAINTY_MEASURE_WITH_UNIT(LENGTH_MEASURE(1.E-07),#8377,
  'distance_accuracy_value','confusion accuracy');
#8381 = CONTEXT_DEPENDENT_SHAPE_REPRESENTATION(#8382,#8384);
#8382 = ( REPRESENTATION_RELATIONSHIP('','',#8197,#10) 
REPRESENTATION_RELATIONSHIP_WITH_TRANSFORMATION(#8383) 
SHAPE_REPRESENTATION_RELATIONSHIP() );
#8383 = ITEM_DEFINED_TRANSFORMATION('','',#11,#55);
#8384 = PRODUCT_DEFINITION_SHAPE('Placement','Placement of an item',
  #8385);
#8385 = NEXT_ASSEMBLY_USAGE_OCCURRENCE('22','tripod_screw','',#5,#8192,$
  );
#8386 = PRODUCT_RELATED_PRODUCT_CATEGORY('part',$,(#8194));
#8387 = SHAPE_DEFINITION_REPRESENTATION(#8388,#8394);
#8388 = PRODUCT_DEFINITION_SHAPE('','',#8389);
#8389 = PRODUCT_DEFINITION('design','',#8390,#8393);
#8390 = PRODUCT_DEFINITION_FORMATION('','',#8391);
#8391 = PRODUCT('m3_a','m3_a','',(#8392));
#8392 = PRODUCT_CONTEXT('',#2,'mechanical');
#8393 = PRODUCT_DEFINITION_CONTEXT('part definition',#2,'design');
#8394 = ADVANCED_BREP_SHAPE_REPRESENTATION('',(#11,#8395),#8573);
#8395 = MANIFOLD_SOLID_BREP('',#8396);
#8396 = CLOSED_SHELL('',(#8397,#8434,#8513,#8569));
#8397 = ADVANCED_FACE('',(#8398),#8411,.F.);
#8398 = FACE_BOUND('',#8399,.F.);
#8399 = EDGE_LOOP('',(#8400));
#8400 = ORIENTED_EDGE('',*,*,#8401,.T.);
#8401 = EDGE_CURVE('',#8402,#8402,#8404,.T.);
#8402 = VERTEX_POINT('',#8403);
#8403 = CARTESIAN_POINT('',(53.,-22.5,-3.2));
#8404 = SURFACE_CURVE('',#8405,(#8410,#8422),.PCURVE_S1.);
#8405 = CIRCLE('',#8406,3.);
#8406 = AXIS2_PLACEMENT_3D('',#8407,#8408,#8409);
#8407 = CARTESIAN_POINT('',(53.,-22.5,-6.2));
#8408 = DIRECTION('',(1.,0.,0.));
#8409 = DIRECTION('',(-0.,0.,1.));
#8410 = PCURVE('',#8411,#8416);
#8411 = PLANE('',#8412);
#8412 = AXIS2_PLACEMENT_3D('',#8413,#8414,#8415);
#8413 = CARTESIAN_POINT('',(53.,-22.5,-6.2));
#8414 = DIRECTION('',(1.,0.,0.));
#8415 = DIRECTION('',(-0.,0.,1.));
#8416 = DEFINITIONAL_REPRESENTATION('',(#8417),#8421);
#8417 = CIRCLE('',#8418,3.);
#8418 = AXIS2_PLACEMENT_2D('',#8419,#8420);
#8419 = CARTESIAN_POINT('',(0.,0.));
#8420 = DIRECTION('',(1.,0.));
#8421 = ( GEOMETRIC_REPRESENTATION_CONTEXT(2) 
PARAMETRIC_REPRESENTATION_CONTEXT() REPRESENTATION_CONTEXT('2D SPACE',''
  ) );
#8422 = PCURVE('',#8423,#8428);
#8423 = CONICAL_SURFACE('',#8424,3.,0.785398163397);
#8424 = AXIS2_PLACEMENT_3D('',#8425,#8426,#8427);
#8425 = CARTESIAN_POINT('',(53.,-22.5,-6.2));
#8426 = DIRECTION('',(-1.,-0.,-0.));
#8427 = DIRECTION('',(-0.,0.,1.));
#8428 = DEFINITIONAL_REPRESENTATION('',(#8429),#8433);
#8429 = LINE('',#8430,#8431);
#8430 = CARTESIAN_POINT('',(-0.,-0.));
#8431 = VECTOR('',#8432,1.);
#8432 = DIRECTION('',(-1.,-0.));
#8433 = ( GEOMETRIC_REPRESENTATION_CONTEXT(2) 
PARAMETRIC_REPRESENTATION_CONTEXT() REPRESENTATION_CONTEXT('2D SPACE',''
  ) );
#8434 = ADVANCED_FACE('',(#8435),#8423,.T.);
#8435 = FACE_BOUND('',#8436,.T.);
#8436 = EDGE_LOOP('',(#8437,#8460,#8489,#8511,#8512));
#8437 = ORIENTED_EDGE('',*,*,#8438,.T.);
#8438 = EDGE_CURVE('',#8402,#8439,#8441,.T.);
#8439 = VERTEX_POINT('',#8440);
#8440 = CARTESIAN_POINT('',(54.5,-22.5,-4.7));
#8441 = SEAM_CURVE('',#8442,(#8446,#8453),.PCURVE_S1.);
#8442 = LINE('',#8443,#8444);
#8443 = CARTESIAN_POINT('',(53.,-22.5,-3.2));
#8444 = VECTOR('',#8445,1.);
#8445 = DIRECTION('',(0.707106781187,-1.731912112471E-16,-0.707106781187
    ));
#8446 = PCURVE('',#8423,#8447);
#8447 = DEFINITIONAL_REPRESENTATION('',(#8448),#8452);
#8448 = LINE('',#8449,#8450);
#8449 = CARTESIAN_POINT('',(-6.28318530718,0.));
#8450 = VECTOR('',#8451,1.);
#8451 = DIRECTION('',(-0.,-1.));
#8452 = ( GEOMETRIC_REPRESENTATION_CONTEXT(2) 
PARAMETRIC_REPRESENTATION_CONTEXT() REPRESENTATION_CONTEXT('2D SPACE',''
  ) );
#8453 = PCURVE('',#8423,#8454);
#8454 = DEFINITIONAL_REPRESENTATION('',(#8455),#8459);
#8455 = LINE('',#8456,#8457);
#8456 = CARTESIAN_POINT('',(0.,-0.));
#8457 = VECTOR('',#8458,1.);
#8458 = DIRECTION('',(-0.,-1.));
#8459 = ( GEOMETRIC_REPRESENTATION_CONTEXT(2) 
PARAMETRIC_REPRESENTATION_CONTEXT() REPRESENTATION_CONTEXT('2D SPACE',''
  ) );
#8460 = ORIENTED_EDGE('',*,*,#8461,.F.);
#8461 = EDGE_CURVE('',#8462,#8439,#8464,.T.);
#8462 = VERTEX_POINT('',#8463);
#8463 = CARTESIAN_POINT('',(54.5,-21.,-6.2));
#8464 = SURFACE_CURVE('',#8465,(#8470,#8477),.PCURVE_S1.);
#8465 = CIRCLE('',#8466,1.5);
#8466 = AXIS2_PLACEMENT_3D('',#8467,#8468,#8469);
#8467 = CARTESIAN_POINT('',(54.5,-22.5,-6.2));
#8468 = DIRECTION('',(1.,0.,0.));
#8469 = DIRECTION('',(-0.,0.,1.));
#8470 = PCURVE('',#8423,#8471);
#8471 = DEFINITIONAL_REPRESENTATION('',(#8472),#8476);
#8472 = LINE('',#8473,#8474);
#8473 = CARTESIAN_POINT('',(-0.,-1.5));
#8474 = VECTOR('',#8475,1.);
#8475 = DIRECTION('',(-1.,-0.));
#8476 = ( GEOMETRIC_REPRESENTATION_CONTEXT(2) 
PARAMETRIC_REPRESENTATION_CONTEXT() REPRESENTATION_CONTEXT('2D SPACE',''
  ) );
#8477 = PCURVE('',#8478,#8483);
#8478 = CYLINDRICAL_SURFACE('',#8479,1.5);
#8479 = AXIS2_PLACEMENT_3D('',#8480,#8481,#8482);
#8480 = CARTESIAN_POINT('',(53.,-22.5,-6.2));
#8481 = DIRECTION('',(-1.,-0.,-0.));
#8482 = DIRECTION('',(0.,1.,0.));
#8483 = DEFINITIONAL_REPRESENTATION('',(#8484),#8488);
#8484 = LINE('',#8485,#8486);
#8485 = CARTESIAN_POINT('',(4.712388980385,-1.5));
#8486 = VECTOR('',#8487,1.);
#8487 = DIRECTION('',(-1.,0.));
#8488 = ( GEOMETRIC_REPRESENTATION_CONTEXT(2) 
PARAMETRIC_REPRESENTATION_CONTEXT() REPRESENTATION_CONTEXT('2D SPACE',''
  ) );
#8489 = ORIENTED_EDGE('',*,*,#8490,.F.);
#8490 = EDGE_CURVE('',#8439,#8462,#8491,.T.);
#8491 = SURFACE_CURVE('',#8492,(#8497,#8504),.PCURVE_S1.);
#8492 = CIRCLE('',#8493,1.5);
#8493 = AXIS2_PLACEMENT_3D('',#8494,#8495,#8496);
#8494 = CARTESIAN_POINT('',(54.5,-22.5,-6.2));
#8495 = DIRECTION('',(1.,0.,0.));
#8496 = DIRECTION('',(-0.,0.,1.));
#8497 = PCURVE('',#8423,#8498);
#8498 = DEFINITIONAL_REPRESENTATION('',(#8499),#8503);
#8499 = LINE('',#8500,#8501);
#8500 = CARTESIAN_POINT('',(-0.,-1.5));
#8501 = VECTOR('',#8502,1.);
#8502 = DIRECTION('',(-1.,-0.));
#8503 = ( GEOMETRIC_REPRESENTATION_CONTEXT(2) 
PARAMETRIC_REPRESENTATION_CONTEXT() REPRESENTATION_CONTEXT('2D SPACE',''
  ) );
#8504 = PCURVE('',#8478,#8505);
#8505 = DEFINITIONAL_REPRESENTATION('',(#8506),#8510);
#8506 = LINE('',#8507,#8508);
#8507 = CARTESIAN_POINT('',(-1.570796326795,-1.5));
#8508 = VECTOR('',#8509,1.);
#8509 = DIRECTION('',(-1.,0.));
#8510 = ( GEOMETRIC_REPRESENTATION_CONTEXT(2) 
PARAMETRIC_REPRESENTATION_CONTEXT() REPRESENTATION_CONTEXT('2D SPACE',''
  ) );
#8511 = ORIENTED_EDGE('',*,*,#8438,.F.);
#8512 = ORIENTED_EDGE('',*,*,#8401,.T.);
#8513 = ADVANCED_FACE('',(#8514),#8478,.T.);
#8514 = FACE_BOUND('',#8515,.F.);
#8515 = EDGE_LOOP('',(#8516,#8517,#8540,#8567,#8568));
#8516 = ORIENTED_EDGE('',*,*,#8461,.F.);
#8517 = ORIENTED_EDGE('',*,*,#8518,.T.);
#8518 = EDGE_CURVE('',#8462,#8519,#8521,.T.);
#8519 = VERTEX_POINT('',#8520);
#8520 = CARTESIAN_POINT('',(61.5,-21.,-6.2));
#8521 = SEAM_CURVE('',#8522,(#8526,#8533),.PCURVE_S1.);
#8522 = LINE('',#8523,#8524);
#8523 = CARTESIAN_POINT('',(53.,-21.,-6.2));
#8524 = VECTOR('',#8525,1.);
#8525 = DIRECTION('',(1.,0.,0.));
#8526 = PCURVE('',#8478,#8527);
#8527 = DEFINITIONAL_REPRESENTATION('',(#8528),#8532);
#8528 = LINE('',#8529,#8530);
#8529 = CARTESIAN_POINT('',(-6.28318530718,0.));
#8530 = VECTOR('',#8531,1.);
#8531 = DIRECTION('',(-0.,-1.));
#8532 = ( GEOMETRIC_REPRESENTATION_CONTEXT(2) 
PARAMETRIC_REPRESENTATION_CONTEXT() REPRESENTATION_CONTEXT('2D SPACE',''
  ) );
#8533 = PCURVE('',#8478,#8534);
#8534 = DEFINITIONAL_REPRESENTATION('',(#8535),#8539);
#8535 = LINE('',#8536,#8537);
#8536 = CARTESIAN_POINT('',(-0.,0.));
#8537 = VECTOR('',#8538,1.);
#8538 = DIRECTION('',(-0.,-1.));
#8539 = ( GEOMETRIC_REPRESENTATION_CONTEXT(2) 
PARAMETRIC_REPRESENTATION_CONTEXT() REPRESENTATION_CONTEXT('2D SPACE',''
  ) );
#8540 = ORIENTED_EDGE('',*,*,#8541,.T.);
#8541 = EDGE_CURVE('',#8519,#8519,#8542,.T.);
#8542 = SURFACE_CURVE('',#8543,(#8548,#8555),.PCURVE_S1.);
#8543 = CIRCLE('',#8544,1.5);
#8544 = AXIS2_PLACEMENT_3D('',#8545,#8546,#8547);
#8545 = CARTESIAN_POINT('',(61.5,-22.5,-6.2));
#8546 = DIRECTION('',(1.,0.,0.));
#8547 = DIRECTION('',(0.,1.,0.));
#8548 = PCURVE('',#8478,#8549);
#8549 = DEFINITIONAL_REPRESENTATION('',(#8550),#8554);
#8550 = LINE('',#8551,#8552);
#8551 = CARTESIAN_POINT('',(-0.,-8.5));
#8552 = VECTOR('',#8553,1.);
#8553 = DIRECTION('',(-1.,0.));
#8554 = ( GEOMETRIC_REPRESENTATION_CONTEXT(2) 
PARAMETRIC_REPRESENTATION_CONTEXT() REPRESENTATION_CONTEXT('2D SPACE',''
  ) );
#8555 = PCURVE('',#8556,#8561);
#8556 = PLANE('',#8557);
#8557 = AXIS2_PLACEMENT_3D('',#8558,#8559,#8560);
#8558 = CARTESIAN_POINT('',(61.5,-22.5,-6.2));
#8559 = DIRECTION('',(1.,0.,0.));
#8560 = DIRECTION('',(-0.,0.,1.));
#8561 = DEFINITIONAL_REPRESENTATION('',(#8562),#8566);
#8562 = CIRCLE('',#8563,1.5);
#8563 = AXIS2_PLACEMENT_2D('',#8564,#8565);
#8564 = CARTESIAN_POINT('',(0.,0.));
#8565 = DIRECTION('',(0.,-1.));
#8566 = ( GEOMETRIC_REPRESENTATION_CONTEXT(2) 
PARAMETRIC_REPRESENTATION_CONTEXT() REPRESENTATION_CONTEXT('2D SPACE',''
  ) );
#8567 = ORIENTED_EDGE('',*,*,#8518,.F.);
#8568 = ORIENTED_EDGE('',*,*,#8490,.F.);
#8569 = ADVANCED_FACE('',(#8570),#8556,.T.);
#8570 = FACE_BOUND('',#8571,.T.);
#8571 = EDGE_LOOP('',(#8572));
#8572 = ORIENTED_EDGE('',*,*,#8541,.T.);
#8573 = ( GEOMETRIC_REPRESENTATION_CONTEXT(3) 
GLOBAL_UNCERTAINTY_ASSIGNED_CONTEXT((#8577)) 
GLOBAL_UNIT_ASSIGNED_CONTEXT((#8574,#8575,#8576)) REPRESENTATION_CONTEXT
('Context #1','3D Context with UNIT and UNCERTAINTY') );
#8574 = ( LENGTH_UNIT() NAMED_UNIT(*) SI_UNIT(.MILLI.,.METRE.) );
#8575 = ( NAMED_UNIT(*) PLANE_ANGLE_UNIT() SI_UNIT($,.RADIAN.) );
#8576 = ( NAMED_UNIT(*) SI_UNIT($,.STERADIAN.) SOLID_ANGLE_UNIT() );
#8577 = UNCERTAINTY_MEASURE_WITH_UNIT(LENGTH_MEASURE(1.E-07),#8574,
  'distance_accuracy_value','confusion accuracy');
#8578 = CONTEXT_DEPENDENT_SHAPE_REPRESENTATION(#8579,#8581);
#8579 = ( REPRESENTATION_RELATIONSHIP('','',#8394,#10) 
REPRESENTATION_RELATIONSHIP_WITH_TRANSFORMATION(#8580) 
SHAPE_REPRESENTATION_RELATIONSHIP() );
#8580 = ITEM_DEFINED_TRANSFORMATION('','',#11,#59);
#8581 = PRODUCT_DEFINITION_SHAPE('Placement','Placement of an item',
  #8582);
#8582 = NEXT_ASSEMBLY_USAGE_OCCURRENCE('23','m3_a','',#5,#8389,$);
#8583 = PRODUCT_RELATED_PRODUCT_CATEGORY('part',$,(#8391));
#8584 = SHAPE_DEFINITION_REPRESENTATION(#8585,#8591);
#8585 = PRODUCT_DEFINITION_SHAPE('','',#8586);
#8586 = PRODUCT_DEFINITION('design','',#8587,#8590);
#8587 = PRODUCT_DEFINITION_FORMATION('','',#8588);
#8588 = PRODUCT('m3_b','m3_b','',(#8589));
#8589 = PRODUCT_CONTEXT('',#2,'mechanical');
#8590 = PRODUCT_DEFINITION_CONTEXT('part definition',#2,'design');
#8591 = ADVANCED_BREP_SHAPE_REPRESENTATION('',(#11,#8592),#8770);
#8592 = MANIFOLD_SOLID_BREP('',#8593);
#8593 = CLOSED_SHELL('',(#8594,#8631,#8710,#8766));
#8594 = ADVANCED_FACE('',(#8595),#8608,.F.);
#8595 = FACE_BOUND('',#8596,.F.);
#8596 = EDGE_LOOP('',(#8597));
#8597 = ORIENTED_EDGE('',*,*,#8598,.T.);
#8598 = EDGE_CURVE('',#8599,#8599,#8601,.T.);
#8599 = VERTEX_POINT('',#8600);
#8600 = CARTESIAN_POINT('',(53.,22.5,-3.2));
#8601 = SURFACE_CURVE('',#8602,(#8607,#8619),.PCURVE_S1.);
#8602 = CIRCLE('',#8603,3.);
#8603 = AXIS2_PLACEMENT_3D('',#8604,#8605,#8606);
#8604 = CARTESIAN_POINT('',(53.,22.5,-6.2));
#8605 = DIRECTION('',(1.,0.,0.));
#8606 = DIRECTION('',(-0.,0.,1.));
#8607 = PCURVE('',#8608,#8613);
#8608 = PLANE('',#8609);
#8609 = AXIS2_PLACEMENT_3D('',#8610,#8611,#8612);
#8610 = CARTESIAN_POINT('',(53.,22.5,-6.2));
#8611 = DIRECTION('',(1.,0.,0.));
#8612 = DIRECTION('',(-0.,0.,1.));
#8613 = DEFINITIONAL_REPRESENTATION('',(#8614),#8618);
#8614 = CIRCLE('',#8615,3.);
#8615 = AXIS2_PLACEMENT_2D('',#8616,#8617);
#8616 = CARTESIAN_POINT('',(0.,0.));
#8617 = DIRECTION('',(1.,0.));
#8618 = ( GEOMETRIC_REPRESENTATION_CONTEXT(2) 
PARAMETRIC_REPRESENTATION_CONTEXT() REPRESENTATION_CONTEXT('2D SPACE',''
  ) );
#8619 = PCURVE('',#8620,#8625);
#8620 = CONICAL_SURFACE('',#8621,3.,0.785398163397);
#8621 = AXIS2_PLACEMENT_3D('',#8622,#8623,#8624);
#8622 = CARTESIAN_POINT('',(53.,22.5,-6.2));
#8623 = DIRECTION('',(-1.,-0.,-0.));
#8624 = DIRECTION('',(-0.,0.,1.));
#8625 = DEFINITIONAL_REPRESENTATION('',(#8626),#8630);
#8626 = LINE('',#8627,#8628);
#8627 = CARTESIAN_POINT('',(-0.,-0.));
#8628 = VECTOR('',#8629,1.);
#8629 = DIRECTION('',(-1.,-0.));
#8630 = ( GEOMETRIC_REPRESENTATION_CONTEXT(2) 
PARAMETRIC_REPRESENTATION_CONTEXT() REPRESENTATION_CONTEXT('2D SPACE',''
  ) );
#8631 = ADVANCED_FACE('',(#8632),#8620,.T.);
#8632 = FACE_BOUND('',#8633,.T.);
#8633 = EDGE_LOOP('',(#8634,#8657,#8686,#8708,#8709));
#8634 = ORIENTED_EDGE('',*,*,#8635,.T.);
#8635 = EDGE_CURVE('',#8599,#8636,#8638,.T.);
#8636 = VERTEX_POINT('',#8637);
#8637 = CARTESIAN_POINT('',(54.5,22.5,-4.7));
#8638 = SEAM_CURVE('',#8639,(#8643,#8650),.PCURVE_S1.);
#8639 = LINE('',#8640,#8641);
#8640 = CARTESIAN_POINT('',(53.,22.5,-3.2));
#8641 = VECTOR('',#8642,1.);
#8642 = DIRECTION('',(0.707106781187,-1.731912112471E-16,-0.707106781187
    ));
#8643 = PCURVE('',#8620,#8644);
#8644 = DEFINITIONAL_REPRESENTATION('',(#8645),#8649);
#8645 = LINE('',#8646,#8647);
#8646 = CARTESIAN_POINT('',(-6.28318530718,0.));
#8647 = VECTOR('',#8648,1.);
#8648 = DIRECTION('',(-0.,-1.));
#8649 = ( GEOMETRIC_REPRESENTATION_CONTEXT(2) 
PARAMETRIC_REPRESENTATION_CONTEXT() REPRESENTATION_CONTEXT('2D SPACE',''
  ) );
#8650 = PCURVE('',#8620,#8651);
#8651 = DEFINITIONAL_REPRESENTATION('',(#8652),#8656);
#8652 = LINE('',#8653,#8654);
#8653 = CARTESIAN_POINT('',(0.,-0.));
#8654 = VECTOR('',#8655,1.);
#8655 = DIRECTION('',(-0.,-1.));
#8656 = ( GEOMETRIC_REPRESENTATION_CONTEXT(2) 
PARAMETRIC_REPRESENTATION_CONTEXT() REPRESENTATION_CONTEXT('2D SPACE',''
  ) );
#8657 = ORIENTED_EDGE('',*,*,#8658,.F.);
#8658 = EDGE_CURVE('',#8659,#8636,#8661,.T.);
#8659 = VERTEX_POINT('',#8660);
#8660 = CARTESIAN_POINT('',(54.5,24.,-6.2));
#8661 = SURFACE_CURVE('',#8662,(#8667,#8674),.PCURVE_S1.);
#8662 = CIRCLE('',#8663,1.5);
#8663 = AXIS2_PLACEMENT_3D('',#8664,#8665,#8666);
#8664 = CARTESIAN_POINT('',(54.5,22.5,-6.2));
#8665 = DIRECTION('',(1.,0.,0.));
#8666 = DIRECTION('',(-0.,0.,1.));
#8667 = PCURVE('',#8620,#8668);
#8668 = DEFINITIONAL_REPRESENTATION('',(#8669),#8673);
#8669 = LINE('',#8670,#8671);
#8670 = CARTESIAN_POINT('',(-0.,-1.5));
#8671 = VECTOR('',#8672,1.);
#8672 = DIRECTION('',(-1.,-0.));
#8673 = ( GEOMETRIC_REPRESENTATION_CONTEXT(2) 
PARAMETRIC_REPRESENTATION_CONTEXT() REPRESENTATION_CONTEXT('2D SPACE',''
  ) );
#8674 = PCURVE('',#8675,#8680);
#8675 = CYLINDRICAL_SURFACE('',#8676,1.5);
#8676 = AXIS2_PLACEMENT_3D('',#8677,#8678,#8679);
#8677 = CARTESIAN_POINT('',(53.,22.5,-6.2));
#8678 = DIRECTION('',(-1.,-0.,-0.));
#8679 = DIRECTION('',(0.,1.,0.));
#8680 = DEFINITIONAL_REPRESENTATION('',(#8681),#8685);
#8681 = LINE('',#8682,#8683);
#8682 = CARTESIAN_POINT('',(4.712388980385,-1.5));
#8683 = VECTOR('',#8684,1.);
#8684 = DIRECTION('',(-1.,0.));
#8685 = ( GEOMETRIC_REPRESENTATION_CONTEXT(2) 
PARAMETRIC_REPRESENTATION_CONTEXT() REPRESENTATION_CONTEXT('2D SPACE',''
  ) );
#8686 = ORIENTED_EDGE('',*,*,#8687,.F.);
#8687 = EDGE_CURVE('',#8636,#8659,#8688,.T.);
#8688 = SURFACE_CURVE('',#8689,(#8694,#8701),.PCURVE_S1.);
#8689 = CIRCLE('',#8690,1.5);
#8690 = AXIS2_PLACEMENT_3D('',#8691,#8692,#8693);
#8691 = CARTESIAN_POINT('',(54.5,22.5,-6.2));
#8692 = DIRECTION('',(1.,0.,0.));
#8693 = DIRECTION('',(-0.,0.,1.));
#8694 = PCURVE('',#8620,#8695);
#8695 = DEFINITIONAL_REPRESENTATION('',(#8696),#8700);
#8696 = LINE('',#8697,#8698);
#8697 = CARTESIAN_POINT('',(-0.,-1.5));
#8698 = VECTOR('',#8699,1.);
#8699 = DIRECTION('',(-1.,-0.));
#8700 = ( GEOMETRIC_REPRESENTATION_CONTEXT(2) 
PARAMETRIC_REPRESENTATION_CONTEXT() REPRESENTATION_CONTEXT('2D SPACE',''
  ) );
#8701 = PCURVE('',#8675,#8702);
#8702 = DEFINITIONAL_REPRESENTATION('',(#8703),#8707);
#8703 = LINE('',#8704,#8705);
#8704 = CARTESIAN_POINT('',(-1.570796326795,-1.5));
#8705 = VECTOR('',#8706,1.);
#8706 = DIRECTION('',(-1.,0.));
#8707 = ( GEOMETRIC_REPRESENTATION_CONTEXT(2) 
PARAMETRIC_REPRESENTATION_CONTEXT() REPRESENTATION_CONTEXT('2D SPACE',''
  ) );
#8708 = ORIENTED_EDGE('',*,*,#8635,.F.);
#8709 = ORIENTED_EDGE('',*,*,#8598,.T.);
#8710 = ADVANCED_FACE('',(#8711),#8675,.T.);
#8711 = FACE_BOUND('',#8712,.F.);
#8712 = EDGE_LOOP('',(#8713,#8714,#8737,#8764,#8765));
#8713 = ORIENTED_EDGE('',*,*,#8658,.F.);
#8714 = ORIENTED_EDGE('',*,*,#8715,.T.);
#8715 = EDGE_CURVE('',#8659,#8716,#8718,.T.);
#8716 = VERTEX_POINT('',#8717);
#8717 = CARTESIAN_POINT('',(61.5,24.,-6.2));
#8718 = SEAM_CURVE('',#8719,(#8723,#8730),.PCURVE_S1.);
#8719 = LINE('',#8720,#8721);
#8720 = CARTESIAN_POINT('',(53.,24.,-6.2));
#8721 = VECTOR('',#8722,1.);
#8722 = DIRECTION('',(1.,0.,0.));
#8723 = PCURVE('',#8675,#8724);
#8724 = DEFINITIONAL_REPRESENTATION('',(#8725),#8729);
#8725 = LINE('',#8726,#8727);
#8726 = CARTESIAN_POINT('',(-6.28318530718,0.));
#8727 = VECTOR('',#8728,1.);
#8728 = DIRECTION('',(-0.,-1.));
#8729 = ( GEOMETRIC_REPRESENTATION_CONTEXT(2) 
PARAMETRIC_REPRESENTATION_CONTEXT() REPRESENTATION_CONTEXT('2D SPACE',''
  ) );
#8730 = PCURVE('',#8675,#8731);
#8731 = DEFINITIONAL_REPRESENTATION('',(#8732),#8736);
#8732 = LINE('',#8733,#8734);
#8733 = CARTESIAN_POINT('',(-0.,0.));
#8734 = VECTOR('',#8735,1.);
#8735 = DIRECTION('',(-0.,-1.));
#8736 = ( GEOMETRIC_REPRESENTATION_CONTEXT(2) 
PARAMETRIC_REPRESENTATION_CONTEXT() REPRESENTATION_CONTEXT('2D SPACE',''
  ) );
#8737 = ORIENTED_EDGE('',*,*,#8738,.T.);
#8738 = EDGE_CURVE('',#8716,#8716,#8739,.T.);
#8739 = SURFACE_CURVE('',#8740,(#8745,#8752),.PCURVE_S1.);
#8740 = CIRCLE('',#8741,1.5);
#8741 = AXIS2_PLACEMENT_3D('',#8742,#8743,#8744);
#8742 = CARTESIAN_POINT('',(61.5,22.5,-6.2));
#8743 = DIRECTION('',(1.,0.,0.));
#8744 = DIRECTION('',(0.,1.,0.));
#8745 = PCURVE('',#8675,#8746);
#8746 = DEFINITIONAL_REPRESENTATION('',(#8747),#8751);
#8747 = LINE('',#8748,#8749);
#8748 = CARTESIAN_POINT('',(-0.,-8.5));
#8749 = VECTOR('',#8750,1.);
#8750 = DIRECTION('',(-1.,0.));
#8751 = ( GEOMETRIC_REPRESENTATION_CONTEXT(2) 
PARAMETRIC_REPRESENTATION_CONTEXT() REPRESENTATION_CONTEXT('2D SPACE',''
  ) );
#8752 = PCURVE('',#8753,#8758);
#8753 = PLANE('',#8754);
#8754 = AXIS2_PLACEMENT_3D('',#8755,#8756,#8757);
#8755 = CARTESIAN_POINT('',(61.5,22.5,-6.2));
#8756 = DIRECTION('',(1.,0.,0.));
#8757 = DIRECTION('',(-0.,0.,1.));
#8758 = DEFINITIONAL_REPRESENTATION('',(#8759),#8763);
#8759 = CIRCLE('',#8760,1.5);
#8760 = AXIS2_PLACEMENT_2D('',#8761,#8762);
#8761 = CARTESIAN_POINT('',(0.,0.));
#8762 = DIRECTION('',(0.,-1.));
#8763 = ( GEOMETRIC_REPRESENTATION_CONTEXT(2) 
PARAMETRIC_REPRESENTATION_CONTEXT() REPRESENTATION_CONTEXT('2D SPACE',''
  ) );
#8764 = ORIENTED_EDGE('',*,*,#8715,.F.);
#8765 = ORIENTED_EDGE('',*,*,#8687,.F.);
#8766 = ADVANCED_FACE('',(#8767),#8753,.T.);
#8767 = FACE_BOUND('',#8768,.T.);
#8768 = EDGE_LOOP('',(#8769));
#8769 = ORIENTED_EDGE('',*,*,#8738,.T.);
#8770 = ( GEOMETRIC_REPRESENTATION_CONTEXT(3) 
GLOBAL_UNCERTAINTY_ASSIGNED_CONTEXT((#8774)) 
GLOBAL_UNIT_ASSIGNED_CONTEXT((#8771,#8772,#8773)) REPRESENTATION_CONTEXT
('Context #1','3D Context with UNIT and UNCERTAINTY') );
#8771 = ( LENGTH_UNIT() NAMED_UNIT(*) SI_UNIT(.MILLI.,.METRE.) );
#8772 = ( NAMED_UNIT(*) PLANE_ANGLE_UNIT() SI_UNIT($,.RADIAN.) );
#8773 = ( NAMED_UNIT(*) SI_UNIT($,.STERADIAN.) SOLID_ANGLE_UNIT() );
#8774 = UNCERTAINTY_MEASURE_WITH_UNIT(LENGTH_MEASURE(1.E-07),#8771,
  'distance_accuracy_value','confusion accuracy');
#8775 = CONTEXT_DEPENDENT_SHAPE_REPRESENTATION(#8776,#8778);
#8776 = ( REPRESENTATION_RELATIONSHIP('','',#8591,#10) 
REPRESENTATION_RELATIONSHIP_WITH_TRANSFORMATION(#8777) 
SHAPE_REPRESENTATION_RELATIONSHIP() );
#8777 = ITEM_DEFINED_TRANSFORMATION('','',#11,#63);
#8778 = PRODUCT_DEFINITION_SHAPE('Placement','Placement of an item',
  #8779);
#8779 = NEXT_ASSEMBLY_USAGE_OCCURRENCE('24','m3_b','',#5,#8586,$);
#8780 = PRODUCT_RELATED_PRODUCT_CATEGORY('part',$,(#8588));
#8781 = MECHANICAL_DESIGN_GEOMETRIC_PRESENTATION_REPRESENTATION('',(
    #8782),#8179);
#8782 = STYLED_ITEM('color',(#8783),#7991);
#8783 = PRESENTATION_STYLE_ASSIGNMENT((#8784));
#8784 = SURFACE_STYLE_USAGE(.BOTH.,#8785);
#8785 = SURFACE_SIDE_STYLE('',(#8786));
#8786 = SURFACE_STYLE_FILL_AREA(#8787);
#8787 = FILL_AREA_STYLE('',(#8788));
#8788 = FILL_AREA_STYLE_COLOUR('',#8789);
#8789 = COLOUR_RGB('',0.800000010877,0.700000005816,0.299999996101);
#8790 = MECHANICAL_DESIGN_GEOMETRIC_PRESENTATION_REPRESENTATION('',(
    #8791),#6820);
#8791 = STYLED_ITEM('color',(#8792),#4069);
#8792 = PRESENTATION_STYLE_ASSIGNMENT((#8793));
#8793 = SURFACE_STYLE_USAGE(.BOTH.,#8794);
#8794 = SURFACE_SIDE_STYLE('',(#8795));
#8795 = SURFACE_STYLE_FILL_AREA(#8796);
#8796 = FILL_AREA_STYLE('',(#8797));
#8797 = FILL_AREA_STYLE_COLOUR('',#8798);
#8798 = COLOUR_RGB('',0.750000000934,0.750000000934,0.78000000177);
#8799 = MECHANICAL_DESIGN_GEOMETRIC_PRESENTATION_REPRESENTATION('',(
    #8800),#899);
#8800 = STYLED_ITEM('color',(#8801),#81);
#8801 = PRESENTATION_STYLE_ASSIGNMENT((#8802));
#8802 = SURFACE_STYLE_USAGE(.BOTH.,#8803);
#8803 = SURFACE_SIDE_STYLE('',(#8804));
#8804 = SURFACE_STYLE_FILL_AREA(#8805);
#8805 = FILL_AREA_STYLE('',(#8806));
#8806 = FILL_AREA_STYLE_COLOUR('',#8807);
#8807 = COLOUR_RGB('',0.55000000909,0.569999999601,0.599999994755);
#8808 = MECHANICAL_DESIGN_GEOMETRIC_PRESENTATION_REPRESENTATION('',(
    #8809),#7972);
#8809 = STYLED_ITEM('color',(#8810),#7784);
#8810 = PRESENTATION_STYLE_ASSIGNMENT((#8811));
#8811 = SURFACE_STYLE_USAGE(.BOTH.,#8812);
#8812 = SURFACE_SIDE_STYLE('',(#8813));
#8813 = SURFACE_STYLE_FILL_AREA(#8814);
#8814 = FILL_AREA_STYLE('',(#8815));
#8815 = FILL_AREA_STYLE_COLOUR('',#8789);
#8816 = MECHANICAL_DESIGN_GEOMETRIC_PRESENTATION_REPRESENTATION('',(
    #8817),#6937);
#8817 = STYLED_ITEM('color',(#8818),#6839);
#8818 = PRESENTATION_STYLE_ASSIGNMENT((#8819));
#8819 = SURFACE_STYLE_USAGE(.BOTH.,#8820);
#8820 = SURFACE_SIDE_STYLE('',(#8821));
#8821 = SURFACE_STYLE_FILL_AREA(#8822);
#8822 = FILL_AREA_STYLE('',(#8823));
#8823 = FILL_AREA_STYLE_COLOUR('',#8789);
#8824 = MECHANICAL_DESIGN_GEOMETRIC_PRESENTATION_REPRESENTATION('',(
    #8825),#7558);
#8825 = STYLED_ITEM('color',(#8826),#7370);
#8826 = PRESENTATION_STYLE_ASSIGNMENT((#8827));
#8827 = SURFACE_STYLE_USAGE(.BOTH.,#8828);
#8828 = SURFACE_SIDE_STYLE('',(#8829));
#8829 = SURFACE_STYLE_FILL_AREA(#8830);
#8830 = FILL_AREA_STYLE('',(#8831));
#8831 = FILL_AREA_STYLE_COLOUR('',#8789);
#8832 = MECHANICAL_DESIGN_GEOMETRIC_PRESENTATION_REPRESENTATION('',(
    #8833),#8573);
#8833 = STYLED_ITEM('color',(#8834),#8395);
#8834 = PRESENTATION_STYLE_ASSIGNMENT((#8835));
#8835 = SURFACE_STYLE_USAGE(.BOTH.,#8836);
#8836 = SURFACE_SIDE_STYLE('',(#8837));
#8837 = SURFACE_STYLE_FILL_AREA(#8838);
#8838 = FILL_AREA_STYLE('',(#8839));
#8839 = FILL_AREA_STYLE_COLOUR('',#8789);
#8840 = MECHANICAL_DESIGN_GEOMETRIC_PRESENTATION_REPRESENTATION('',(
    #8841),#7144);
#8841 = STYLED_ITEM('color',(#8842),#6956);
#8842 = PRESENTATION_STYLE_ASSIGNMENT((#8843));
#8843 = SURFACE_STYLE_USAGE(.BOTH.,#8844);
#8844 = SURFACE_SIDE_STYLE('',(#8845));
#8845 = SURFACE_STYLE_FILL_AREA(#8846);
#8846 = FILL_AREA_STYLE('',(#8847));
#8847 = FILL_AREA_STYLE_COLOUR('',#8789);
#8848 = MECHANICAL_DESIGN_GEOMETRIC_PRESENTATION_REPRESENTATION('',(
    #8849),#4050);
#8849 = STYLED_ITEM('color',(#8850),#918);
#8850 = PRESENTATION_STYLE_ASSIGNMENT((#8851));
#8851 = SURFACE_STYLE_USAGE(.BOTH.,#8852);
#8852 = SURFACE_SIDE_STYLE('',(#8853));
#8853 = SURFACE_STYLE_FILL_AREA(#8854);
#8854 = FILL_AREA_STYLE('',(#8855));
#8855 = FILL_AREA_STYLE_COLOUR('',#8856);
#8856 = COLOUR_RGB('',0.149999997808,0.149999997808,0.170000001676);
#8857 = MECHANICAL_DESIGN_GEOMETRIC_PRESENTATION_REPRESENTATION('',(
    #8858),#8770);
#8858 = STYLED_ITEM('color',(#8859),#8592);
#8859 = PRESENTATION_STYLE_ASSIGNMENT((#8860));
#8860 = SURFACE_STYLE_USAGE(.BOTH.,#8861);
#8861 = SURFACE_SIDE_STYLE('',(#8862));
#8862 = SURFACE_STYLE_FILL_AREA(#8863);
#8863 = FILL_AREA_STYLE('',(#8864));
#8864 = FILL_AREA_STYLE_COLOUR('',#8789);
#8865 = MECHANICAL_DESIGN_GEOMETRIC_PRESENTATION_REPRESENTATION('',(
    #8866),#7765);
#8866 = STYLED_ITEM('color',(#8867),#7577);
#8867 = PRESENTATION_STYLE_ASSIGNMENT((#8868));
#8868 = SURFACE_STYLE_USAGE(.BOTH.,#8869);
#8869 = SURFACE_SIDE_STYLE('',(#8870));
#8870 = SURFACE_STYLE_FILL_AREA(#8871);
#8871 = FILL_AREA_STYLE('',(#8872));
#8872 = FILL_AREA_STYLE_COLOUR('',#8789);
#8873 = MECHANICAL_DESIGN_GEOMETRIC_PRESENTATION_REPRESENTATION('',(
    #8874),#7351);
#8874 = STYLED_ITEM('color',(#8875),#7163);
#8875 = PRESENTATION_STYLE_ASSIGNMENT((#8876));
#8876 = SURFACE_STYLE_USAGE(.BOTH.,#8877);
#8877 = SURFACE_SIDE_STYLE('',(#8878));
#8878 = SURFACE_STYLE_FILL_AREA(#8879);
#8879 = FILL_AREA_STYLE('',(#8880));
#8880 = FILL_AREA_STYLE_COLOUR('',#8789);
#8881 = MECHANICAL_DESIGN_GEOMETRIC_PRESENTATION_REPRESENTATION('',(
    #8882),#8376);
#8882 = STYLED_ITEM('color',(#8883),#8198);
#8883 = PRESENTATION_STYLE_ASSIGNMENT((#8884));
#8884 = SURFACE_STYLE_USAGE(.BOTH.,#8885);
#8885 = SURFACE_SIDE_STYLE('',(#8886));
#8886 = SURFACE_STYLE_FILL_AREA(#8887);
#8887 = FILL_AREA_STYLE('',(#8888));
#8888 = FILL_AREA_STYLE_COLOUR('',#8789);
ENDSEC;
END-ISO-10303-21;
